# category	id	name	rarity	icon	desc	acquire	track	tags
appearances	Shoulders_RManfish_WizCle	Aiguillettes marines délicates	2	0		Drops from Manfish enemies	Manfish - Meridion Ruins@-199.2,1739.9,6.2;Manfish - Meridion Beach@-225.7,1943.9,5.8;Manfish - Krisomal Priaire@1786,642.2,4.9	slot:Shoulders,class:Mage,class:Priest
appearances	Shoulders_RBee_Ass	Ailes d'abeille	2	1		Drops from Bee enemies	Bee - Nescent Hive@2074.8,141.1,-21.7;Bee - Honeywoods Canopy@-1060.4,908.6,195.2;Bee - Nescent Hive@2059.1,310,41.2	slot:Shoulders,class:Rogue
appearances	Back_RManfish_WizCle	Ailes du prophète	2	2		Drops from Manfish enemies	Manfish - Meridion Ruins@-199.2,1739.9,6.2;Manfish - Meridion Beach@-225.7,1943.9,5.8;Manfish - Krisomal Priaire@1786,642.2,4.9	slot:Back,class:Mage,class:Priest
appearances	Back_RCrimson_Fig	Ailes écarlates	2	3		Drops from Crimson enemies	Crimson - CrimsonIsland Cathedral@542.1,-860.5,219.8;Crimson - Krisomal Priaire@1242.8,714.8,101.4;Crimson - CrimsonIsland South@318.6,-592.2,111.5	slot:Back,class:Warrior
appearances	Head_RBee_AssWiz	Antenne de reconnaissance	2	4		Drops from Bee enemies	Bee - Nescent Hive@2074.8,141.1,-21.7;Bee - Honeywoods Canopy@-1060.4,908.6,195.2;Bee - Nescent Hive@2059.1,310,41.2	slot:Head,class:Rogue,class:Mage
appearances	Chest_RManfish_FigWiz	Armure à ailerons	2	5		Drops from Manfish enemies	Manfish - Meridion Ruins@-199.2,1739.9,6.2;Manfish - Meridion Beach@-225.7,1943.9,5.8;Manfish - Krisomal Priaire@1786,642.2,4.9	slot:Chest,class:Warrior,class:Mage
appearances	Waist_RBee_FigWiz	Aura alvéolaire	2	6		Craft: Blacksmith (lvl 3)		slot:Waist,class:Warrior,class:Mage
appearances	Back_RBee_Wiz	Back_RBee_Wiz	2	7	Voile de la nymphe royale	Drops from Bee enemies	Bee - Nescent Hive@2074.8,141.1,-21.7;Bee - Honeywoods Canopy@-1060.4,908.6,195.2;Bee - Nescent Hive@2059.1,310,41.2	slot:Back,class:Mage
appearances	Head_Z2U1_AssCle	Bandeau d'aventure éthéré	1	8		Uncommon gear from Vallée de l'éternel automne enemies		slot:Head,class:Rogue,class:Priest
appearances	Head_Z2U1_AssWiz	Bandeau d'aventure imprégné	1	9		Uncommon gear from Vallée de l'éternel automne enemies		slot:Head,class:Rogue,class:Mage
appearances	Head_Z2U1_Ass	Bandeau d'aventure léger	1	10		Uncommon gear from Vallée de l'éternel automne enemies		slot:Head,class:Rogue
appearances	Head_Z2U2_AssCle	Bandeau de voyage éthéré	1	11		Uncommon gear from Vallée de l'éternel automne enemies		slot:Head,class:Rogue,class:Priest
appearances	Head_Z2U2_AssWiz	Bandeau de voyage imprégné	1	12		Uncommon gear from Vallée de l'éternel automne enemies		slot:Head,class:Rogue,class:Mage
appearances	Head_Z2U2_Ass	Bandeau de voyage léger	1	13		Uncommon gear from Vallée de l'éternel automne enemies		slot:Head,class:Rogue
appearances	Legs_RDemon_AssCle	Bandes molletières du dieu déchu	2	14		Drops: Demonic Rifts	Rift - Krisomal North@1550.3,999.6,211.5	slot:Legs,class:Rogue,class:Priest
appearances	Back_RDemon_Ass	Bannière noctaris	2	15		Drops: Demonic Rifts	Rift - Krisomal North@1550.3,999.6,211.5	slot:Back,class:Rogue
appearances	Back_RKobold_Ass	Bavoir réversible du goûteur de fromage	2	16		Drops from Kobold enemies	Kobold - Eksod Kobolds@1100.1,-914.2,1.2;Kobold - Enripit Hollow@-567.2,388.7,3;Kobold - Enripit Hollow@-286.2,824.9,54.5	slot:Back,class:Rogue
appearances	Feet_RDemon_AssCle	Bottes arpentemonde	2	17		Drops: Demonic Rifts	Rift - Krisomal North@1550.3,999.6,211.5	slot:Feet,class:Rogue,class:Priest
appearances	Feet_Z2U1_AssCle	Bottes d'aventure éthérées	1	18		Uncommon gear from Vallée de l'éternel automne enemies		slot:Feet,class:Rogue,class:Priest
appearances	Feet_Z2U1_AssWiz	Bottes d'aventure imprégnées	1	19		Uncommon gear from Vallée de l'éternel automne enemies		slot:Feet,class:Rogue,class:Mage
appearances	Feet_Z2U1_Ass	Bottes d'aventure légères	1	20		Uncommon gear from Vallée de l'éternel automne enemies		slot:Feet,class:Rogue
appearances	Feet_RManfish_FigWiz	Bottes d'essence abyssale	2	21		Drops from Manfish enemies	Manfish - Meridion Ruins@-199.2,1739.9,6.2;Manfish - Meridion Beach@-225.7,1943.9,5.8;Manfish - Krisomal Priaire@1786,642.2,4.9	slot:Feet,class:Warrior,class:Mage
appearances	Feet_Z1U1_AssCle	Bottes d'exil éthérées	1	22		Uncommon gear from Île de Skover enemies		slot:Feet,class:Rogue,class:Priest
appearances	Feet_Z1U1_AssWiz	Bottes d'exil imprégnées	1	23		Uncommon gear from Île de Skover enemies		slot:Feet,class:Rogue,class:Mage
appearances	Feet_Z1U1_Ass	Bottes d'exil légères	1	24		Uncommon gear from Île de Skover enemies		slot:Feet,class:Rogue
appearances	Feet_Z1U2_AssCle	Bottes d'intrusion éthérées	1	25		Uncommon gear from Île de Skover enemies		slot:Feet,class:Rogue,class:Priest
appearances	Feet_Z1U2_AssWiz	Bottes d'intrusion imprégnées	1	26		Uncommon gear from Île de Skover enemies		slot:Feet,class:Rogue,class:Mage
appearances	Feet_Z1U2_Ass	Bottes d'intrusion légères	1	27		Uncommon gear from Île de Skover enemies		slot:Feet,class:Rogue
appearances	Feet_Z2U1_FigCle	Bottes de guerre d'aventure bénies	1	28		Uncommon gear from Vallée de l'éternel automne enemies		slot:Feet,class:Warrior,class:Priest
appearances	Feet_Z2U1_FigAss	Bottes de guerre d'aventure condensées	1	29		Uncommon gear from Vallée de l'éternel automne enemies		slot:Feet,class:Warrior,class:Rogue
appearances	Feet_Z2U1_FigWiz	Bottes de guerre d'aventure protégées	1	30		Uncommon gear from Vallée de l'éternel automne enemies		slot:Feet,class:Warrior,class:Mage
appearances	Feet_Z2U1_Fig	Bottes de guerre d'aventure renforcées	1	31		Uncommon gear from Vallée de l'éternel automne enemies		slot:Feet,class:Warrior
appearances	Feet_Z1U1_FigCle	Bottes de guerre d'exil bénies	1	32		Uncommon gear from Île de Skover enemies		slot:Feet,class:Warrior,class:Priest
appearances	Feet_Z1U1_FigAss	Bottes de guerre d'exil condensées	1	33		Uncommon gear from Île de Skover enemies		slot:Feet,class:Warrior,class:Rogue
appearances	Feet_Z1U1_FigWiz	Bottes de guerre d'exil protégées	1	34		Uncommon gear from Île de Skover enemies		slot:Feet,class:Warrior,class:Mage
appearances	Feet_Z1U1_Fig	Bottes de guerre d'exil renforcées	1	35		Uncommon gear from Île de Skover enemies		slot:Feet,class:Warrior
appearances	Feet_Z1U2_FigCle	Bottes de guerre d'intrusion bénies	1	36		Uncommon gear from Île de Skover enemies		slot:Feet,class:Warrior,class:Priest
appearances	Feet_Z1U2_FigAss	Bottes de guerre d'intrusion condensées	1	37		Uncommon gear from Île de Skover enemies		slot:Feet,class:Warrior,class:Rogue
appearances	Feet_Z1U2_FigWiz	Bottes de guerre d'intrusion protégées	1	38		Uncommon gear from Île de Skover enemies		slot:Feet,class:Warrior,class:Mage
appearances	Feet_Z1U2_Fig	Bottes de guerre d'intrusion renforcées	1	39		Uncommon gear from Île de Skover enemies		slot:Feet,class:Warrior
appearances	Feet_Z2U2_FigAss	Bottes de guerre de voyage condensées	1	40		Uncommon gear from Vallée de l'éternel automne enemies		slot:Feet,class:Warrior,class:Rogue
appearances	Feet_Z2U2_FigWiz	Bottes de guerre de voyage protégées	1	41		Uncommon gear from Vallée de l'éternel automne enemies		slot:Feet,class:Warrior,class:Mage
appearances	Feet_Z2U2_Fig	Bottes de guerre de voyage renforcées	1	42		Uncommon gear from Vallée de l'éternel automne enemies		slot:Feet,class:Warrior
appearances	Feet_Z2U2_AssCle	Bottes de voyage éthérées	1	43		Uncommon gear from Vallée de l'éternel automne enemies		slot:Feet,class:Rogue,class:Priest
appearances	Feet_Z2U2_AssWiz	Bottes de voyage imprégnées	1	44		Uncommon gear from Vallée de l'éternel automne enemies		slot:Feet,class:Rogue,class:Mage
appearances	Feet_Z2U2_Ass	Bottes de voyage légères	1	45		Uncommon gear from Vallée de l'éternel automne enemies		slot:Feet,class:Rogue
appearances	Feet_Starter_Ass	Bottes de voyou	0	46		Starting outfit		slot:Feet,class:Rogue
appearances	Hands_Z2U1_AssCle	Brassards d'aventure éthérés	1	47		Uncommon gear from Vallée de l'éternel automne enemies		slot:Hands,class:Rogue,class:Priest
appearances	Hands_Z2U1_AssWiz	Brassards d'aventure imprégnés	1	48		Uncommon gear from Vallée de l'éternel automne enemies		slot:Hands,class:Rogue,class:Mage
appearances	Hands_Z2U1_Ass	Brassards d'aventure légers	1	49		Uncommon gear from Vallée de l'éternel automne enemies		slot:Hands,class:Rogue
appearances	Hands_RBee_AssWiz	Brassards de l'essaim	2	50		Drops from Bee enemies	Bee - Nescent Hive@2074.8,141.1,-21.7;Bee - Honeywoods Canopy@-1060.4,908.6,195.2;Bee - Nescent Hive@2059.1,310,41.2	slot:Hands,class:Rogue,class:Mage
appearances	Hands_Z2U2_AssCle	Brassards de voyage éthérés	1	51		Uncommon gear from Vallée de l'éternel automne enemies		slot:Hands,class:Rogue,class:Priest
appearances	Hands_Z2U2_AssWiz	Brassards de voyage imprégnés	1	52		Uncommon gear from Vallée de l'éternel automne enemies		slot:Hands,class:Rogue,class:Mage
appearances	Hands_Z2U2_Ass	Brassards de voyage légers	1	53		Uncommon gear from Vallée de l'éternel automne enemies		slot:Hands,class:Rogue
appearances	Shoulders_Z2U1_AssCle	Bretelles d'aventure éthérées	1	54		Uncommon gear from Vallée de l'éternel automne enemies		slot:Shoulders,class:Rogue,class:Priest
appearances	Shoulders_Z2U1_AssWiz	Bretelles d'aventure imprégnées	1	55		Uncommon gear from Vallée de l'éternel automne enemies		slot:Shoulders,class:Rogue,class:Mage
appearances	Shoulders_Z2U1_Ass	Bretelles d'aventure légères	1	56		Uncommon gear from Vallée de l'éternel automne enemies		slot:Shoulders,class:Rogue
appearances	Shoulders_Z2U2_AssCle	Bretelles de voyage éthérées	1	57		Uncommon gear from Vallée de l'éternel automne enemies		slot:Shoulders,class:Rogue,class:Priest
appearances	Shoulders_Z2U2_AssWiz	Bretelles de voyage imprégnées	1	58		Uncommon gear from Vallée de l'éternel automne enemies		slot:Shoulders,class:Rogue,class:Mage
appearances	Shoulders_Z2U2_Ass	Bretelles de voyage légères	1	59		Uncommon gear from Vallée de l'éternel automne enemies		slot:Shoulders,class:Rogue
appearances	Shoulders_RKobold_Wiz	Brides de chasse au trésor	2	60		Drops from Kobold enemies	Kobold - Eksod Kobolds@1100.1,-914.2,1.2;Kobold - Enripit Hollow@-567.2,388.7,3;Kobold - Enripit Hollow@-286.2,824.9,54.5	slot:Shoulders,class:Mage
appearances	Back_RKobold_FigWiz	Brie von de Cape	2	61		Drops from Kobold enemies	Kobold - Eksod Kobolds@1100.1,-914.2,1.2;Kobold - Enripit Hollow@-567.2,388.7,3;Kobold - Enripit Hollow@-286.2,824.9,54.5	slot:Back,class:Warrior,class:Mage
appearances	Chest_Starter_Fig	Brigandine d'écuyer	0	62		Starting outfit		slot:Chest,class:Warrior
appearances	Back_RManfish_FigCle	Cape cuirassée de Jenny Hanibal	2	63		Drops from Manfish enemies	Manfish - Meridion Ruins@-199.2,1739.9,6.2;Manfish - Meridion Beach@-225.7,1943.9,5.8;Manfish - Krisomal Priaire@1786,642.2,4.9	slot:Back,class:Warrior,class:Priest
appearances	Back_RManfish_AssWiz	Cape d'apôtre de la Troisième vague	2	64		Drops from Manfish enemies	Manfish - Meridion Ruins@-199.2,1739.9,6.2;Manfish - Meridion Beach@-225.7,1943.9,5.8;Manfish - Krisomal Priaire@1786,642.2,4.9	slot:Back,class:Rogue,class:Mage
appearances	Shoulders_RDemon_Ass_Craft	Cape de chasseur de démons	2	65		Craft: Outfitter (lvl 6)		slot:Shoulders,class:Any
appearances	Shoulders_RCrimson_AssCle	Cape de noblesse	2	66		Drops from Crimson enemies	Crimson - CrimsonIsland Cathedral@542.1,-860.5,219.8;Crimson - Krisomal Priaire@1242.8,714.8,101.4;Crimson - CrimsonIsland South@318.6,-592.2,111.5	slot:Shoulders,class:Rogue,class:Priest
appearances	Back_RDemon_Cle	Cape déchirâme	2	67		Drops: Demonic Rifts	Rift - Krisomal North@1550.3,999.6,211.5	slot:Back,class:Priest
appearances	Shoulders_RDemon_AssWiz	Cape démoniaque	2	68		Drops: Demonic Rifts	Rift - Krisomal North@1550.3,999.6,211.5	slot:Shoulders,class:Rogue,class:Mage
appearances	Back_RCrimson_AssCle_Craft	Cape du lever du crépuscule	2	69		Craft: Outfitter (lvl 5)		slot:Back,class:Any
appearances	Back_RCrimson_WizCle	Cape sacrificielle	2	70		Drops from Crimson enemies	Crimson - CrimsonIsland Cathedral@542.1,-860.5,219.8;Crimson - Krisomal Priaire@1242.8,714.8,101.4;Crimson - CrimsonIsland South@318.6,-592.2,111.5	slot:Back,class:Mage,class:Priest
appearances	Head_RManfish_Wiz	Capuchon de la marée	2	71		Drops from Manfish enemies	Manfish - Meridion Ruins@-199.2,1739.9,6.2;Manfish - Meridion Beach@-225.7,1943.9,5.8;Manfish - Krisomal Priaire@1786,642.2,4.9	slot:Head,class:Mage
appearances	Head_RKobold_FigCle	Casquette portuaire cuirassée	2	72		Drops from Kobold enemies	Kobold - Eksod Kobolds@1100.1,-914.2,1.2;Kobold - Enripit Hollow@-567.2,388.7,3;Kobold - Enripit Hollow@-286.2,824.9,54.5	slot:Head,class:Warrior,class:Priest
appearances	Waist_Z2U1_Wiz	Ceinture d'aventure enchantée	1	73		Uncommon gear from Vallée de l'éternel automne enemies		slot:Waist,class:Mage
appearances	Waist_Z2U1_AssCle	Ceinture d'aventure éthérée	1	74		Uncommon gear from Vallée de l'éternel automne enemies		slot:Waist,class:Rogue,class:Priest
appearances	Waist_Z2U1_AssWiz	Ceinture d'aventure imprégnée	1	75		Uncommon gear from Vallée de l'éternel automne enemies		slot:Waist,class:Rogue,class:Mage
appearances	Waist_Z2U1_Ass	Ceinture d'aventure légère	1	76		Uncommon gear from Vallée de l'éternel automne enemies		slot:Waist,class:Rogue
appearances	Waist_Z2U1_WizCle	Ceinture d'aventure runique	1	77		Uncommon gear from Vallée de l'éternel automne enemies		slot:Waist,class:Mage,class:Priest
appearances	Waist_Z2U1_Cle	Ceinture d'aventure sacrée	1	78		Uncommon gear from Vallée de l'éternel automne enemies		slot:Waist,class:Priest
appearances	Waist_Z1U1_Wiz	Ceinture d'exil enchantée	1	79		Uncommon gear from Île de Skover enemies		slot:Waist,class:Mage
appearances	Waist_Z1U1_AssCle	Ceinture d'exil éthérée	1	80		Uncommon gear from Île de Skover enemies		slot:Waist,class:Rogue,class:Priest
appearances	Waist_Z1U1_AssWiz	Ceinture d'exil imprégnée	1	81		Uncommon gear from Île de Skover enemies		slot:Waist,class:Rogue,class:Mage
appearances	Waist_Z1U1_Ass	Ceinture d'exil légère	1	82		Uncommon gear from Île de Skover enemies		slot:Waist,class:Rogue
appearances	Waist_Z1U1_WizCle	Ceinture d'exil runique	1	83		Uncommon gear from Île de Skover enemies		slot:Waist,class:Mage,class:Priest
appearances	Waist_Z1U1_Cle	Ceinture d'exil sacrée	1	84		Uncommon gear from Île de Skover enemies		slot:Waist,class:Priest
appearances	Waist_Z1U2_Wiz	Ceinture d'intrusion enchantée	1	85		Uncommon gear from Île de Skover enemies		slot:Waist,class:Mage
appearances	Waist_Z1U2_AssCle	Ceinture d'intrusion éthérée	1	86		Uncommon gear from Île de Skover enemies		slot:Waist,class:Rogue,class:Priest
appearances	Waist_Z1U2_AssWiz	Ceinture d'intrusion imprégnée	1	87		Uncommon gear from Île de Skover enemies		slot:Waist,class:Rogue,class:Mage
appearances	Waist_Z1U2_Ass	Ceinture d'intrusion légère	1	88		Uncommon gear from Île de Skover enemies		slot:Waist,class:Rogue
appearances	Waist_Z1U2_WizCle	Ceinture d'intrusion runique	1	89		Uncommon gear from Île de Skover enemies		slot:Waist,class:Mage,class:Priest
appearances	Waist_Z1U2_Cle	Ceinture d'intrusion sacrée	1	90		Uncommon gear from Île de Skover enemies		slot:Waist,class:Priest
appearances	Waist_RBee_Wiz	Ceinture dansante d'arbre-ruche	2	91		Drops from Bee enemies	Bee - Nescent Hive@2074.8,141.1,-21.7;Bee - Honeywoods Canopy@-1060.4,908.6,195.2;Bee - Nescent Hive@2059.1,310,41.2	slot:Waist,class:Mage
appearances	Waist_RKobold_AssCle_Craft	Ceinture de la Grande fermentation	2	92		Craft: Outfitter (lvl 2)		slot:Waist,class:Any
appearances	Waist_Z2U2_Wiz	Ceinture de nomade enchantée	1	93		Uncommon gear from Vallée de l'éternel automne enemies		slot:Waist,class:Mage
appearances	Waist_Z2U2_AssCle	Ceinture de nomade éthérée	1	94		Uncommon gear from Vallée de l'éternel automne enemies		slot:Waist,class:Rogue,class:Priest
appearances	Waist_Z2U2_AssWiz	Ceinture de nomade imprégnée	1	95		Uncommon gear from Vallée de l'éternel automne enemies		slot:Waist,class:Rogue,class:Mage
appearances	Waist_Z2U2_Ass	Ceinture de nomade légère	1	96		Uncommon gear from Vallée de l'éternel automne enemies		slot:Waist,class:Rogue
appearances	Waist_Z2U2_WizCle	Ceinture de nomade runique	1	97		Uncommon gear from Vallée de l'éternel automne enemies		slot:Waist,class:Mage,class:Priest
appearances	Waist_Z2U2_Cle	Ceinture de nomade sacrée	1	98		Uncommon gear from Vallée de l'éternel automne enemies		slot:Waist,class:Priest
appearances	Waist_RDemon_Cle	Ceinture de sacrifice	2	99		Drops: Demonic Rifts	Rift - Krisomal North@1550.3,999.6,211.5	slot:Waist,class:Priest
appearances	Waist_RManfish_WizCle	Ceinture nepside de cérémonie	2	100		Drops from Manfish enemies	Manfish - Meridion Ruins@-199.2,1739.9,6.2;Manfish - Meridion Beach@-225.7,1943.9,5.8;Manfish - Krisomal Priaire@1786,642.2,4.9	slot:Waist,class:Mage,class:Priest
appearances	Waist_RManfish_Wiz_Craft	Ceinturon à bernacles	2	101		Craft: Outfitter (lvl 2)		slot:Waist,class:Any
appearances	Head_RCrimson_AssCle	Chapeau de haut fonctionnaire	2	102		Drops from Crimson enemies	Crimson - CrimsonIsland Cathedral@542.1,-860.5,219.8;Crimson - Krisomal Priaire@1242.8,714.8,101.4;Crimson - CrimsonIsland South@318.6,-592.2,111.5	slot:Head,class:Rogue,class:Priest
appearances	Chest_RManfish_Cle	Charme du Roi pêcheur	2	103		Drops from Manfish enemies	Manfish - Meridion Ruins@-199.2,1739.9,6.2;Manfish - Meridion Beach@-225.7,1943.9,5.8;Manfish - Krisomal Priaire@1786,642.2,4.9	slot:Chest,class:Priest
appearances	Feet_RManfish_AssWiz_Craft	Chausse-marées	2	104		Craft: Outfitter (lvl 1)		slot:Feet,class:Any
appearances	Legs_Starter_Wiz	Chausses d'apprenti	0	105		Starting outfit		slot:Legs,class:Mage
appearances	Feet_Starter_Wiz	Chaussures d'apprenti	0	106		Starting outfit		slot:Feet,class:Mage
appearances	Feet_Starter_Fig	Chaussures d'écuyer	0	107		Starting outfit		slot:Feet,class:Warrior
appearances	Feet_RKobold_AssCle	Chaussures de spéléologie du tunnel d'Emmen-Thal	2	108		Drops from Kobold enemies	Kobold - Eksod Kobolds@1100.1,-914.2,1.2;Kobold - Enripit Hollow@-567.2,388.7,3;Kobold - Enripit Hollow@-286.2,824.9,54.5	slot:Feet,class:Rogue,class:Priest
appearances	Chest_C_BaseClothes	Chemise blanche	0	109		Base clothing		slot:Chest,class:Any
appearances	Feet_RBee_WizCle_Craft	Chevauche-ruches	2	110		Craft: Outfitter (lvl 3)		slot:Feet,class:Any
appearances	Waist_RManfish_Fig	Coccyx de caryapside	2	111		Craft: Blacksmith (lvl 1)		slot:Waist,class:Warrior
appearances	Waist_RBee_AssCle	Coeur propolisé d'Apix	2	112		Drops from Bee enemies	Bee - Nescent Hive@2074.8,141.1,-21.7;Bee - Honeywoods Canopy@-1060.4,908.6,195.2;Bee - Nescent Hive@2059.1,310,41.2	slot:Waist,class:Rogue,class:Priest
appearances	Head_Z2U1_Wiz	Coiffe d'aventure enchantée	1	113		Uncommon gear from Vallée de l'éternel automne enemies		slot:Head,class:Mage
appearances	Head_Z2U1_WizCle	Coiffe d'aventure runique	1	114		Uncommon gear from Vallée de l'éternel automne enemies		slot:Head,class:Mage,class:Priest
appearances	Head_Z2U1_Cle	Coiffe d'aventure sacrée	1	115		Uncommon gear from Vallée de l'éternel automne enemies		slot:Head,class:Priest
appearances	Head_Z2U2_Wiz	Coiffe de voyage enchantée	1	116		Uncommon gear from Vallée de l'éternel automne enemies		slot:Head,class:Mage
appearances	Head_Z2U2_WizCle	Coiffe de voyage runique	1	117		Uncommon gear from Vallée de l'éternel automne enemies		slot:Head,class:Mage,class:Priest
appearances	Head_Z2U2_Cle	Coiffe de voyage sacrée	1	118		Uncommon gear from Vallée de l'éternel automne enemies		slot:Head,class:Priest
appearances	Legs_RDemon_FigAss	Collants de chaos imprégné	2	119		Drops: Demonic Rifts	Rift - Krisomal North@1550.3,999.6,211.5	slot:Legs,class:Warrior,class:Rogue
appearances	Head_RDemon_FigWiz	Cornes de nocte-roi	2	120		Drops: Demonic Rifts	Rift - Krisomal North@1550.3,999.6,211.5	slot:Head,class:Warrior,class:Mage
appearances	Legs_RManfish_Cle	Corsaire à grande vitesse	2	121		Drops from Manfish enemies	Manfish - Meridion Ruins@-199.2,1739.9,6.2;Manfish - Meridion Beach@-225.7,1943.9,5.8;Manfish - Krisomal Priaire@1786,642.2,4.9	slot:Legs,class:Priest
appearances	Waist_RDemon_FigCle	Corset de serviteur nocturne	2	122		Drops: Demonic Rifts	Rift - Krisomal North@1550.3,999.6,211.5	slot:Waist,class:Warrior,class:Priest
appearances	Feet_Z2U1_Wiz	Cothurnes d'aventure enchantés	1	123		Uncommon gear from Vallée de l'éternel automne enemies		slot:Feet,class:Mage
appearances	Feet_Z2U1_WizCle	Cothurnes d'aventure runiques	1	124		Uncommon gear from Vallée de l'éternel automne enemies		slot:Feet,class:Mage,class:Priest
appearances	Feet_Z2U1_Cle	Cothurnes d'aventure sacrés	1	125		Uncommon gear from Vallée de l'éternel automne enemies		slot:Feet,class:Priest
appearances	Feet_Z2U2_Wiz	Cothurnes de voyage enchantés	1	126		Uncommon gear from Vallée de l'éternel automne enemies		slot:Feet,class:Mage
appearances	Feet_Z2U2_WizCle	Cothurnes de voyage runiques	1	127		Uncommon gear from Vallée de l'éternel automne enemies		slot:Feet,class:Mage,class:Priest
appearances	Feet_Z2U2_Cle	Cothurnes de voyage sacrés	1	128		Uncommon gear from Vallée de l'éternel automne enemies		slot:Feet,class:Priest
appearances	Feet_RKobold_FigAss	Cothurnes du vide essentiel	2	129		Drops from Kobold enemies	Kobold - Eksod Kobolds@1100.1,-914.2,1.2;Kobold - Enripit Hollow@-567.2,388.7,3;Kobold - Enripit Hollow@-286.2,824.9,54.5	slot:Feet,class:Warrior,class:Rogue
appearances	Head_RManfish_Fig	Couronne de la mer	2	130		Drops from Manfish enemies	Manfish - Meridion Ruins@-199.2,1739.9,6.2;Manfish - Meridion Beach@-225.7,1943.9,5.8;Manfish - Krisomal Priaire@1786,642.2,4.9	slot:Head,class:Warrior
appearances	Back_RCrimson_AssWiz	Diamant de l'ordre	2	131		Drops from Crimson enemies	Crimson - CrimsonIsland Cathedral@542.1,-860.5,219.8;Crimson - Krisomal Priaire@1242.8,714.8,101.4;Crimson - CrimsonIsland South@318.6,-592.2,111.5	slot:Back,class:Rogue,class:Mage
appearances	Head_RKobold_WizCle	Écharpe antipoussière	2	132		Drops from Kobold enemies	Kobold - Eksod Kobolds@1100.1,-914.2,1.2;Kobold - Enripit Hollow@-567.2,388.7,3;Kobold - Enripit Hollow@-286.2,824.9,54.5	slot:Head,class:Mage,class:Priest
appearances	Back_RBee_FigWiz_Craft	Écharpe d'apiculture	2	133		Craft: Blacksmith (lvl 2)		slot:Back,class:Any
appearances	Back_Z2U1_Wiz	Écharpe d'aventure enchantée	1	134		Uncommon gear from Vallée de l'éternel automne enemies		slot:Back,class:Mage
appearances	Back_Z2U1_WizCle	Écharpe d'aventure runique	1	135		Uncommon gear from Vallée de l'éternel automne enemies		slot:Back,class:Mage,class:Priest
appearances	Back_Z2U1_Cle	Écharpe d'aventure sacrée	1	136		Uncommon gear from Vallée de l'éternel automne enemies		slot:Back,class:Priest
appearances	Back_Z1U1_Wiz	Écharpe d'exil enchantée	1	137		Uncommon gear from Île de Skover enemies		slot:Back,class:Mage
appearances	Back_Z1U1_WizCle	Écharpe d'exil runique	1	138		Uncommon gear from Île de Skover enemies		slot:Back,class:Mage,class:Priest
appearances	Back_Z1U1_Cle	Écharpe d'exil sacrée	1	139		Uncommon gear from Île de Skover enemies		slot:Back,class:Priest
appearances	Back_Z1U2_Wiz	Écharpe d'intrusion enchantée	1	140		Uncommon gear from Île de Skover enemies		slot:Back,class:Mage
appearances	Back_Z1U2_WizCle	Écharpe d'intrusion runique	1	141		Uncommon gear from Île de Skover enemies		slot:Back,class:Mage,class:Priest
appearances	Back_Z1U2_Cle	Écharpe d'intrusion sacrée	1	142		Uncommon gear from Île de Skover enemies		slot:Back,class:Priest
appearances	Back_Z2U2_Wiz	Écharpe de nomade enchantée	1	143		Uncommon gear from Vallée de l'éternel automne enemies		slot:Back,class:Mage
appearances	Back_Z2U2_WizCle	Écharpe de nomade runique	1	144		Uncommon gear from Vallée de l'éternel automne enemies		slot:Back,class:Mage,class:Priest
appearances	Back_Z2U2_Cle	Écharpe de nomade sacrée	1	145		Uncommon gear from Vallée de l'éternel automne enemies		slot:Back,class:Priest
appearances	Feet_RDemon_Fig	Écraseuses démoniaques	2	146		Drops: Demonic Rifts	Rift - Krisomal North@1550.3,999.6,211.5	slot:Feet,class:Warrior
appearances	Waist_RManfish_AssWiz	Emblème de la Troisième vague	2	147		Drops from Manfish enemies	Manfish - Meridion Ruins@-199.2,1739.9,6.2;Manfish - Meridion Beach@-225.7,1943.9,5.8;Manfish - Krisomal Priaire@1786,642.2,4.9	slot:Waist,class:Rogue,class:Mage
appearances	Chest_RBee_AssCle	Emblème de nectar rayonnant	2	148		Drops from Bee enemies	Bee - Nescent Hive@2074.8,141.1,-21.7;Bee - Honeywoods Canopy@-1060.4,908.6,195.2;Bee - Nescent Hive@2059.1,310,41.2	slot:Chest,class:Rogue,class:Priest
appearances	Hands_RDemon_FigAss	Emprise du chaos primordial	2	149		Drops: Demonic Rifts	Rift - Krisomal North@1550.3,999.6,211.5	slot:Hands,class:Warrior,class:Rogue
appearances	Shoulders_RKobold_Ass	Épaulettes fromagères	2	150		Drops from Kobold enemies	Kobold - Eksod Kobolds@1100.1,-914.2,1.2;Kobold - Enripit Hollow@-567.2,388.7,3;Kobold - Enripit Hollow@-286.2,824.9,54.5	slot:Shoulders,class:Rogue
appearances	Shoulders_RManfish_FigAss	Épaulières abyssales	2	151		Drops from Manfish enemies	Manfish - Meridion Ruins@-199.2,1739.9,6.2;Manfish - Meridion Beach@-225.7,1943.9,5.8;Manfish - Krisomal Priaire@1786,642.2,4.9	slot:Shoulders,class:Warrior,class:Rogue
appearances	Shoulders_RDemon_Fig	Épaulières aux gueules béantes	2	152		Drops: Demonic Rifts	Rift - Krisomal North@1550.3,999.6,211.5	slot:Shoulders,class:Warrior
appearances	Shoulders_Z2U1_FigCle	Épaulières d'aventure bénies	1	153		Uncommon gear from Vallée de l'éternel automne enemies		slot:Shoulders,class:Warrior,class:Priest
appearances	Shoulders_Z2U1_FigAss	Épaulières d'aventure condensées	1	154		Uncommon gear from Vallée de l'éternel automne enemies		slot:Shoulders,class:Warrior,class:Rogue
appearances	Shoulders_Z2U1_FigWiz	Épaulières d'aventure protégées	1	155		Uncommon gear from Vallée de l'éternel automne enemies		slot:Shoulders,class:Warrior,class:Mage
appearances	Shoulders_Z2U1_Fig	Épaulières d'aventure renforcées	1	156		Uncommon gear from Vallée de l'éternel automne enemies		slot:Shoulders,class:Warrior
appearances	Shoulders_RDemon_Cle	Épaulières de marchechaos	2	157		Drops: Demonic Rifts	Rift - Krisomal North@1550.3,999.6,211.5	slot:Shoulders,class:Priest
appearances	Shoulders_Z2U2_FigCle	Épaulières de voyage bénies	1	158		Uncommon gear from Vallée de l'éternel automne enemies		slot:Shoulders,class:Warrior,class:Priest
appearances	Shoulders_Z2U2_FigAss	Épaulières de voyage condensées	1	159		Uncommon gear from Vallée de l'éternel automne enemies		slot:Shoulders,class:Warrior,class:Rogue
appearances	Shoulders_Z2U2_FigWiz	Épaulières de voyage protégées	1	160		Uncommon gear from Vallée de l'éternel automne enemies		slot:Shoulders,class:Warrior,class:Mage
appearances	Shoulders_Z2U2_Fig	Épaulières de voyage renforcées	1	161		Uncommon gear from Vallée de l'éternel automne enemies		slot:Shoulders,class:Warrior
appearances	Chest_RKobold_AssWiz	Esprit spéléologique	2	162		Drops from Kobold enemies	Kobold - Eksod Kobolds@1100.1,-914.2,1.2;Kobold - Enripit Hollow@-567.2,388.7,3;Kobold - Enripit Hollow@-286.2,824.9,54.5	slot:Chest,class:Rogue,class:Mage
appearances	Shoulders_Z2U1_Wiz	Étole d'aventure enchantée	1	163		Uncommon gear from Vallée de l'éternel automne enemies		slot:Shoulders,class:Mage
appearances	Shoulders_Z2U1_WizCle	Étole d'aventure runique	1	164		Uncommon gear from Vallée de l'éternel automne enemies		slot:Shoulders,class:Mage,class:Priest
appearances	Shoulders_Z2U1_Cle	Étole d'aventure sacrée	1	165		Uncommon gear from Vallée de l'éternel automne enemies		slot:Shoulders,class:Priest
appearances	Shoulders_Z2U2_Wiz	Étole de voyage enchantée	1	166		Uncommon gear from Vallée de l'éternel automne enemies		slot:Shoulders,class:Mage
appearances	Shoulders_Z2U2_WizCle	Étole de voyage runique	1	167		Uncommon gear from Vallée de l'éternel automne enemies		slot:Shoulders,class:Mage,class:Priest
appearances	Shoulders_Z2U2_Cle	Étole de voyage sacrée	1	168		Uncommon gear from Vallée de l'éternel automne enemies		slot:Shoulders,class:Priest
appearances	Hands_RManfish_Ass	Fardeau des abysses	2	169		Drops from Manfish enemies	Manfish - Meridion Ruins@-199.2,1739.9,6.2;Manfish - Meridion Beach@-225.7,1943.9,5.8;Manfish - Krisomal Priaire@1786,642.2,4.9	slot:Hands,class:Rogue
appearances	Feet_RBee_Cle	Fleurs éthérées de Cléo	2	170		Drops from Bee enemies	Bee - Nescent Hive@2074.8,141.1,-21.7;Bee - Honeywoods Canopy@-1060.4,908.6,195.2;Bee - Nescent Hive@2059.1,310,41.2	slot:Feet,class:Priest
appearances	Feet_RCrimson_Ass	Galoches de fortune	2	171		Drops from Crimson enemies	Crimson - CrimsonIsland Cathedral@542.1,-860.5,219.8;Crimson - Krisomal Priaire@1242.8,714.8,101.4;Crimson - CrimsonIsland South@318.6,-592.2,111.5	slot:Feet,class:Rogue
appearances	Hands_Z2U1_FigCle	Gantelets d'aventure bénis	1	172		Uncommon gear from Vallée de l'éternel automne enemies		slot:Hands,class:Warrior,class:Priest
appearances	Hands_Z2U1_FigAss	Gantelets d'aventure condensés	1	173		Uncommon gear from Vallée de l'éternel automne enemies		slot:Hands,class:Warrior,class:Rogue
appearances	Hands_Z2U1_FigWiz	Gantelets d'aventure protégés	1	174		Uncommon gear from Vallée de l'éternel automne enemies		slot:Hands,class:Warrior,class:Mage
appearances	Hands_Z2U1_Fig	Gantelets d'aventure renforcés	1	175		Uncommon gear from Vallée de l'éternel automne enemies		slot:Hands,class:Warrior
appearances	Hands_Z1U1_FigCle	Gantelets d'exil bénis	1	176		Uncommon gear from Île de Skover enemies		slot:Hands,class:Warrior,class:Priest
appearances	Hands_Z1U1_FigAss	Gantelets d'exil condensés	1	177		Uncommon gear from Île de Skover enemies		slot:Hands,class:Warrior,class:Rogue
appearances	Hands_Z1U1_FigWiz	Gantelets d'exil protégés	1	178		Uncommon gear from Île de Skover enemies		slot:Hands,class:Warrior,class:Mage
appearances	Hands_Z1U1_Fig	Gantelets d'exil renforcés	1	179		Uncommon gear from Île de Skover enemies		slot:Hands,class:Warrior
appearances	Hands_Z1U2_FigCle	Gantelets d'intrusion bénis	1	180		Uncommon gear from Île de Skover enemies		slot:Hands,class:Warrior,class:Priest
appearances	Hands_Z1U2_FigAss	Gantelets d'intrusion condensés	1	181		Uncommon gear from Île de Skover enemies		slot:Hands,class:Warrior,class:Rogue
appearances	Hands_Z1U2_FigWiz	Gantelets d'intrusion protégés	1	182		Uncommon gear from Île de Skover enemies		slot:Hands,class:Warrior,class:Mage
appearances	Hands_Z1U2_Fig	Gantelets d'intrusion renforcés	1	183		Uncommon gear from Île de Skover enemies		slot:Hands,class:Warrior
appearances	Hands_RBee_FigAss	Gantelets de la garde royale	2	184		Drops from Bee enemies	Bee - Nescent Hive@2074.8,141.1,-21.7;Bee - Honeywoods Canopy@-1060.4,908.6,195.2;Bee - Nescent Hive@2059.1,310,41.2	slot:Hands,class:Warrior,class:Rogue
appearances	Hands_Z2U2_FigCle	Gantelets de voyage bénis	1	185		Uncommon gear from Vallée de l'éternel automne enemies		slot:Hands,class:Warrior,class:Priest
appearances	Hands_Z2U2_FigAss	Gantelets de voyage condensés	1	186		Uncommon gear from Vallée de l'éternel automne enemies		slot:Hands,class:Warrior,class:Rogue
appearances	Hands_Z2U2_FigWiz	Gantelets de voyage protégés	1	187		Uncommon gear from Vallée de l'éternel automne enemies		slot:Hands,class:Warrior,class:Mage
appearances	Hands_Z2U2_Fig	Gantelets de voyage renforcés	1	188		Uncommon gear from Vallée de l'éternel automne enemies		slot:Hands,class:Warrior
appearances	Hands_RManfish_FigAss_Craft	Gantelets des profondeurs	2	189		Craft: Blacksmith (lvl 2)		slot:Hands,class:Any
appearances	Hands_RCrimson_Wiz	Gants d'archer de Robin des Cornes	2	190		Drops from Crimson enemies	Crimson - CrimsonIsland Cathedral@542.1,-860.5,219.8;Crimson - Krisomal Priaire@1242.8,714.8,101.4;Crimson - CrimsonIsland South@318.6,-592.2,111.5	slot:Hands,class:Mage
appearances	Hands_RManfish_Wiz	Gants de cérémonie de sirène	2	191		Drops from Manfish enemies	Manfish - Meridion Ruins@-199.2,1739.9,6.2;Manfish - Meridion Beach@-225.7,1943.9,5.8;Manfish - Krisomal Priaire@1786,642.2,4.9	slot:Hands,class:Mage
appearances	Hands_RKobold_Cle_Craft	Gants de fromagomancie	2	192		Craft: Outfitter (lvl 1)		slot:Hands,class:Any
appearances	Hands_RKobold_FigWiz	Gants de lancer de disque de Diskobold	2	193		Drops from Kobold enemies	Kobold - Eksod Kobolds@1100.1,-914.2,1.2;Kobold - Enripit Hollow@-567.2,388.7,3;Kobold - Enripit Hollow@-286.2,824.9,54.5	slot:Hands,class:Warrior,class:Mage
appearances	Hands_RKobold_AssCle	Gants de Ninkilim l'émissaire	2	194		Drops from Kobold enemies	Kobold - Eksod Kobolds@1100.1,-914.2,1.2;Kobold - Enripit Hollow@-567.2,388.7,3;Kobold - Enripit Hollow@-286.2,824.9,54.5	slot:Hands,class:Rogue,class:Priest
appearances	Hands_RCrimson_Fig	Gants écarlates impies	2	195		Drops from Crimson enemies	Crimson - CrimsonIsland Cathedral@542.1,-860.5,219.8;Crimson - Krisomal Priaire@1242.8,714.8,101.4;Crimson - CrimsonIsland South@318.6,-592.2,111.5	slot:Hands,class:Warrior
appearances	Chest_RBee_Fig	Gemme bourdonnante des Apix	2	196		Drops from Bee enemies	Bee - Nescent Hive@2074.8,141.1,-21.7;Bee - Honeywoods Canopy@-1060.4,908.6,195.2;Bee - Nescent Hive@2059.1,310,41.2	slot:Chest,class:Warrior
appearances	Feet_RManfish_Ass	Genouillères lugubres	2	197		Drops from Manfish enemies	Manfish - Meridion Ruins@-199.2,1739.9,6.2;Manfish - Meridion Beach@-225.7,1943.9,5.8;Manfish - Krisomal Priaire@1786,642.2,4.9	slot:Feet,class:Rogue
appearances	Back_RBee_FigAss	Gilet réfléchissant d'ouvrière de la ruche	2	198		Drops from Bee enemies	Bee - Nescent Hive@2074.8,141.1,-21.7;Bee - Honeywoods Canopy@-1060.4,908.6,195.2;Bee - Nescent Hive@2059.1,310,41.2	slot:Back,class:Warrior,class:Rogue
appearances	Feet_RBee_Fig	Grèves dorées de Melain	2	199		Drops from Bee enemies	Bee - Nescent Hive@2074.8,141.1,-21.7;Bee - Honeywoods Canopy@-1060.4,908.6,195.2;Bee - Nescent Hive@2059.1,310,41.2	slot:Feet,class:Warrior
appearances	Hands_RDemon_AssWiz	Griffes corrompues	2	200		Drops: Demonic Rifts	Rift - Krisomal North@1550.3,999.6,211.5	slot:Hands,class:Rogue,class:Mage
appearances	Chest_RDemon_WizCle	Habit cérémoniel d'adepte	2	201		Drops: Demonic Rifts	Rift - Krisomal North@1550.3,999.6,211.5	slot:Chest,class:Mage,class:Priest
appearances	Legs_RKobold_AssWiz	Habit du maître des aurocks	2	202		Drops from Kobold enemies	Kobold - Eksod Kobolds@1100.1,-914.2,1.2;Kobold - Enripit Hollow@-567.2,388.7,3;Kobold - Enripit Hollow@-286.2,824.9,54.5	slot:Legs,class:Rogue,class:Mage
appearances	Chest_Z2U1_FigCle	Haubert d'aventure béni	1	203		Uncommon gear from Vallée de l'éternel automne enemies		slot:Chest,class:Warrior,class:Priest
appearances	Chest_Z2U1_FigAss	Haubert d'aventure condensé	1	204		Uncommon gear from Vallée de l'éternel automne enemies		slot:Chest,class:Warrior,class:Rogue
appearances	Chest_Z2U1_FigWiz	Haubert d'aventure protégé	1	205		Uncommon gear from Vallée de l'éternel automne enemies		slot:Chest,class:Warrior,class:Mage
appearances	Chest_Z2U1_Fig	Haubert d'aventure renforcé	1	206		Uncommon gear from Vallée de l'éternel automne enemies		slot:Chest,class:Warrior
appearances	Chest_Z1U1_FigCle	Haubert d'exil béni	1	207		Uncommon gear from Île de Skover enemies		slot:Chest,class:Warrior,class:Priest
appearances	Chest_Z1U1_FigAss	Haubert d'exil condensé	1	208		Uncommon gear from Île de Skover enemies		slot:Chest,class:Warrior,class:Rogue
appearances	Chest_Z1U1_FigWiz	Haubert d'exil protégé	1	209		Uncommon gear from Île de Skover enemies		slot:Chest,class:Warrior,class:Mage
appearances	Chest_Z1U1_Fig	Haubert d'exil renforcé	1	210		Uncommon gear from Île de Skover enemies		slot:Chest,class:Warrior
appearances	Chest_Z1U2_FigCle	Haubert d'intrusion béni	1	211		Uncommon gear from Île de Skover enemies		slot:Chest,class:Warrior,class:Priest
appearances	Chest_Z1U2_FigAss	Haubert d'intrusion condensé	1	212		Uncommon gear from Île de Skover enemies		slot:Chest,class:Warrior,class:Rogue
appearances	Chest_Z1U2_FigWiz	Haubert d'intrusion protégé	1	213		Uncommon gear from Île de Skover enemies		slot:Chest,class:Warrior,class:Mage
appearances	Chest_Z1U2_Fig	Haubert d'intrusion renforcé	1	214		Uncommon gear from Île de Skover enemies		slot:Chest,class:Warrior
appearances	Chest_Z2U2_FigCle	Haubert de voyage béni	1	215		Uncommon gear from Vallée de l'éternel automne enemies		slot:Chest,class:Warrior,class:Priest
appearances	Chest_Z2U2_FigAss	Haubert de voyage condensé	1	216		Uncommon gear from Vallée de l'éternel automne enemies		slot:Chest,class:Warrior,class:Rogue
appearances	Chest_Z2U2_FigWiz	Haubert de voyage protégé	1	217		Uncommon gear from Vallée de l'éternel automne enemies		slot:Chest,class:Warrior,class:Mage
appearances	Chest_Z2U2_Fig	Haubert de voyage renforcé	1	218		Uncommon gear from Vallée de l'éternel automne enemies		slot:Chest,class:Warrior
appearances	Legs_Z2U1_Wiz	Hauts-de-chausses d'aventure enchantés	1	219		Uncommon gear from Vallée de l'éternel automne enemies		slot:Legs,class:Mage
appearances	Legs_Z2U1_WizCle	Hauts-de-chausses d'aventure runiques	1	220		Uncommon gear from Vallée de l'éternel automne enemies		slot:Legs,class:Mage,class:Priest
appearances	Legs_Z2U1_Cle	Hauts-de-chausses d'aventure sacrés	1	221		Uncommon gear from Vallée de l'éternel automne enemies		slot:Legs,class:Priest
appearances	Legs_Z1U1_Wiz	Hauts-de-chausses d'exil enchantés	1	222		Uncommon gear from Île de Skover enemies		slot:Legs,class:Mage
appearances	Legs_Z1U1_WizCle	Hauts-de-chausses d'exil runiques	1	223		Uncommon gear from Île de Skover enemies		slot:Legs,class:Mage,class:Priest
appearances	Legs_Z1U1_Cle	Hauts-de-chausses d'exil sacrés	1	224		Uncommon gear from Île de Skover enemies		slot:Legs,class:Priest
appearances	Legs_Z1U2_Wiz	Hauts-de-chausses d'intrusion enchantés	1	225		Uncommon gear from Île de Skover enemies		slot:Legs,class:Mage
appearances	Legs_Z1U2_WizCle	Hauts-de-chausses d'intrusion runiques	1	226		Uncommon gear from Île de Skover enemies		slot:Legs,class:Mage,class:Priest
appearances	Legs_Z1U2_Cle	Hauts-de-chausses d'intrusion sacrés	1	227		Uncommon gear from Île de Skover enemies		slot:Legs,class:Priest
appearances	Legs_Starter_Cle	Hauts-de-chausses de novice	0	228		Starting outfit		slot:Legs,class:Priest
appearances	Legs_Z2U2_Wiz	Hauts-de-chausses de voyage enchantés	1	229		Uncommon gear from Vallée de l'éternel automne enemies		slot:Legs,class:Mage
appearances	Legs_Z2U2_WizCle	Hauts-de-chausses de voyage runiques	1	230		Uncommon gear from Vallée de l'éternel automne enemies		slot:Legs,class:Mage,class:Priest
appearances	Legs_Z2U2_Cle	Hauts-de-chausses de voyage sacrés	1	231		Uncommon gear from Vallée de l'éternel automne enemies		slot:Legs,class:Priest
appearances	Legs_RBee_WizCle	Hauts-de-chausses de zenobeille	2	232		Drops from Bee enemies	Bee - Nescent Hive@2074.8,141.1,-21.7;Bee - Honeywoods Canopy@-1060.4,908.6,195.2;Bee - Nescent Hive@2059.1,310,41.2	slot:Legs,class:Mage,class:Priest
appearances	Legs_RCrimson_Cle	Hauts-de-chausses spirituels des Entommeures	2	233		Drops from Crimson enemies	Crimson - CrimsonIsland Cathedral@542.1,-860.5,219.8;Crimson - Krisomal Priaire@1242.8,714.8,101.4;Crimson - CrimsonIsland South@318.6,-592.2,111.5	slot:Legs,class:Priest
appearances	Head_Z2U1_FigCle	Heaume d'aventure béni	1	234		Uncommon gear from Vallée de l'éternel automne enemies		slot:Head,class:Warrior,class:Priest
appearances	Head_Z2U1_FigAss	Heaume d'aventure condensé	1	235		Uncommon gear from Vallée de l'éternel automne enemies		slot:Head,class:Warrior,class:Rogue
appearances	Head_Z2U1_FigWiz	Heaume d'aventure protégé	1	236		Uncommon gear from Vallée de l'éternel automne enemies		slot:Head,class:Warrior,class:Mage
appearances	Head_Z2U1_Fig	Heaume d'aventure renforcé	1	237		Uncommon gear from Vallée de l'éternel automne enemies		slot:Head,class:Warrior
appearances	Head_RBee_FigWiz	Heaume de la chambre royale	2	238		Drops from Bee enemies	Bee - Nescent Hive@2074.8,141.1,-21.7;Bee - Honeywoods Canopy@-1060.4,908.6,195.2;Bee - Nescent Hive@2059.1,310,41.2	slot:Head,class:Warrior,class:Mage
appearances	Head_Z2U2_FigCle	Heaume de voyage béni	1	239		Uncommon gear from Vallée de l'éternel automne enemies		slot:Head,class:Warrior,class:Priest
appearances	Head_Z2U2_FigAss	Heaume de voyage condensé	1	240		Uncommon gear from Vallée de l'éternel automne enemies		slot:Head,class:Warrior,class:Rogue
appearances	Head_Z2U2_FigWiz	Heaume de voyage protégé	1	241		Uncommon gear from Vallée de l'éternel automne enemies		slot:Head,class:Warrior,class:Mage
appearances	Head_Z2U2_Fig	Heaume de voyage renforcé	1	242		Uncommon gear from Vallée de l'éternel automne enemies		slot:Head,class:Warrior
appearances	Head_RManfish_Ass	Heaume en torpille sous-marine	2	243		Drops from Manfish enemies	Manfish - Meridion Ruins@-199.2,1739.9,6.2;Manfish - Meridion Beach@-225.7,1943.9,5.8;Manfish - Krisomal Priaire@1786,642.2,4.9	slot:Head,class:Rogue
appearances	Waist_RCrimson_FigAss	Insigne interdit du silence	2	244		Drops from Crimson enemies	Crimson - CrimsonIsland Cathedral@542.1,-860.5,219.8;Crimson - Krisomal Priaire@1242.8,714.8,101.4;Crimson - CrimsonIsland South@318.6,-592.2,111.5	slot:Waist,class:Warrior,class:Rogue
appearances	Chest_RCrimson_Ass	Jaque du Bélier volant	2	245		Drops from Crimson enemies	Crimson - CrimsonIsland Cathedral@542.1,-860.5,219.8;Crimson - Krisomal Priaire@1242.8,714.8,101.4;Crimson - CrimsonIsland South@318.6,-592.2,111.5	slot:Chest,class:Rogue
appearances	Chest_RDemon_Ass	Justaucorps du néant	2	246		Drops: Demonic Rifts	Rift - Krisomal North@1550.3,999.6,211.5	slot:Chest,class:Rogue
appearances	Waist_RDemon_AssWiz	Lanière de pisteur sombre	2	247		Drops: Demonic Rifts	Rift - Krisomal North@1550.3,999.6,211.5	slot:Waist,class:Rogue,class:Mage
appearances	Head_Shop	Lunettes du Découvreur	3	248		Starting outfit		slot:Head,class:Any
appearances	Feet_RCrimson_Wiz	Malédiction de l'immortel	2	249		Drops from Crimson enemies	Crimson - CrimsonIsland Cathedral@542.1,-860.5,219.8;Crimson - Krisomal Priaire@1242.8,714.8,101.4;Crimson - CrimsonIsland South@318.6,-592.2,111.5	slot:Feet,class:Mage
appearances	Waist_RCrimson_WizCle	Malédiction de l'immortel	2	250		Drops from Crimson enemies	Crimson - CrimsonIsland Cathedral@542.1,-860.5,219.8;Crimson - Krisomal Priaire@1242.8,714.8,101.4;Crimson - CrimsonIsland South@318.6,-592.2,111.5	slot:Waist,class:Mage,class:Priest
appearances	Back_Shop	Manteau du Découvreur	3	251		Starting outfit		slot:Back,class:Any
appearances	Feet_RKobold_FigCle_Craft	Marche-fromages ardents	2	252		Craft: Blacksmith (lvl 3)		slot:Feet,class:Any
appearances	Head_RDemon_AssCle	Masque de cruauté éternelle	2	253		Drops: Demonic Rifts	Rift - Krisomal North@1550.3,999.6,211.5	slot:Head,class:Rogue,class:Priest
appearances	Head_RDemon_Craft_WizCle	Masque du diablotin importun	2	254		Craft: Outfitter (lvl 6)		slot:Head,class:Mage,class:Priest
appearances	Hands_Z1U1_Wiz	Mitaines d'exil enchantées	1	255		Uncommon gear from Île de Skover enemies		slot:Hands,class:Mage
appearances	Hands_Z1U1_WizCle	Mitaines d'exil runiques	1	256		Uncommon gear from Île de Skover enemies		slot:Hands,class:Mage,class:Priest
appearances	Hands_Z1U1_Cle	Mitaines d'exil sacrées	1	257		Uncommon gear from Île de Skover enemies		slot:Hands,class:Priest
appearances	Hands_Z1U2_Wiz	Mitaines d'intrusion enchantées	1	258		Uncommon gear from Île de Skover enemies		slot:Hands,class:Mage
appearances	Hands_Z1U2_WizCle	Mitaines d'intrusion runiques	1	259		Uncommon gear from Île de Skover enemies		slot:Hands,class:Mage,class:Priest
appearances	Hands_Z1U2_Cle	Mitaines d'intrusion sacrées	1	260		Uncommon gear from Île de Skover enemies		slot:Hands,class:Priest
appearances	Hands_RDemon_WizCle	Mitaines de dame Nassion	2	261		Drops: Demonic Rifts	Rift - Krisomal North@1550.3,999.6,211.5	slot:Hands,class:Mage,class:Priest
appearances	Shoulders_RManfish_AssWiz	Nageoires du premier poisson	2	262		Drops from Manfish enemies	Manfish - Meridion Ruins@-199.2,1739.9,6.2;Manfish - Meridion Beach@-225.7,1943.9,5.8;Manfish - Krisomal Priaire@1786,642.2,4.9	slot:Shoulders,class:Rogue,class:Mage
appearances	Back_RKobold_Cle	Napperon mystique du gourmet	2	263		Drops from Kobold enemies	Kobold - Eksod Kobolds@1100.1,-914.2,1.2;Kobold - Enripit Hollow@-567.2,388.7,3;Kobold - Enripit Hollow@-286.2,824.9,54.5	slot:Back,class:Priest
appearances	Waist_RKobold_Cle	Notr'Edam	2	264		Drops from Kobold enemies	Kobold - Eksod Kobolds@1100.1,-914.2,1.2;Kobold - Enripit Hollow@-567.2,388.7,3;Kobold - Enripit Hollow@-286.2,824.9,54.5	slot:Waist,class:Priest
appearances	Hands_RBee_Cle	Palmaryllis	2	265		Drops from Bee enemies	Bee - Nescent Hive@2074.8,141.1,-21.7;Bee - Honeywoods Canopy@-1060.4,908.6,195.2;Bee - Nescent Hive@2059.1,310,41.2	slot:Hands,class:Priest
appearances	Hands_RManfish_FigCle	Palmier du lagon	2	266		Drops from Manfish enemies	Manfish - Meridion Ruins@-199.2,1739.9,6.2;Manfish - Meridion Beach@-225.7,1943.9,5.8;Manfish - Krisomal Priaire@1786,642.2,4.9	slot:Hands,class:Warrior,class:Priest
appearances	Legs_Z2U1_AssCle	Pantalon d'aventure éthéré	1	267		Uncommon gear from Vallée de l'éternel automne enemies		slot:Legs,class:Rogue,class:Priest
appearances	Legs_Z2U1_AssWiz	Pantalon d'aventure imprégné	1	268		Uncommon gear from Vallée de l'éternel automne enemies		slot:Legs,class:Rogue,class:Mage
appearances	Legs_Z2U1_Ass	Pantalon d'aventure léger	1	269		Uncommon gear from Vallée de l'éternel automne enemies		slot:Legs,class:Rogue
appearances	Legs_Z1U1_AssCle	Pantalon d'exil éthéré	1	270		Uncommon gear from Île de Skover enemies		slot:Legs,class:Rogue,class:Priest
appearances	Legs_Z1U1_AssWiz	Pantalon d'exil imprégné	1	271		Uncommon gear from Île de Skover enemies		slot:Legs,class:Rogue,class:Mage
appearances	Legs_Z1U1_Ass	Pantalon d'exil léger	1	272		Uncommon gear from Île de Skover enemies		slot:Legs,class:Rogue
appearances	Legs_Z1U2_AssCle	Pantalon d'intrusion éthéré	1	273		Uncommon gear from Île de Skover enemies		slot:Legs,class:Rogue,class:Priest
appearances	Legs_Z1U2_AssWiz	Pantalon d'intrusion imprégné	1	274		Uncommon gear from Île de Skover enemies		slot:Legs,class:Rogue,class:Mage
appearances	Legs_Z1U2_Ass	Pantalon d'intrusion léger	1	275		Uncommon gear from Île de Skover enemies		slot:Legs,class:Rogue
appearances	Legs_Z2U2_AssCle	Pantalon de voyage éthéré	1	276		Uncommon gear from Vallée de l'éternel automne enemies		slot:Legs,class:Rogue,class:Priest
appearances	Legs_Z2U2_AssWiz	Pantalon de voyage imprégné	1	277		Uncommon gear from Vallée de l'éternel automne enemies		slot:Legs,class:Rogue,class:Mage
appearances	Legs_Z2U2_Ass	Pantalon de voyage léger	1	278		Uncommon gear from Vallée de l'éternel automne enemies		slot:Legs,class:Rogue
appearances	Legs_Starter_Ass	Pantalon de voyou	0	279		Starting outfit		slot:Legs,class:Rogue
appearances	Legs_RCrimson_FigWiz	Pantalon écarlate	2	280		Drops from Crimson enemies	Crimson - CrimsonIsland Cathedral@542.1,-860.5,219.8;Crimson - Krisomal Priaire@1242.8,714.8,101.4;Crimson - CrimsonIsland South@318.6,-592.2,111.5	slot:Legs,class:Warrior,class:Mage
appearances	Legs_RKobold_Fig	Pantalon étrange	2	281		Drops from Kobold enemies	Kobold - Eksod Kobolds@1100.1,-914.2,1.2;Kobold - Enripit Hollow@-567.2,388.7,3;Kobold - Enripit Hollow@-286.2,824.9,54.5	slot:Legs,class:Warrior
appearances	Legs_Z2U1_FigCle	Pantalon large d'aventure béni	1	282		Uncommon gear from Vallée de l'éternel automne enemies		slot:Legs,class:Warrior,class:Priest
appearances	Legs_Z2U1_FigAss	Pantalon large d'aventure condensé	1	283		Uncommon gear from Vallée de l'éternel automne enemies		slot:Legs,class:Warrior,class:Rogue
appearances	Legs_Z2U1_FigWiz	Pantalon large d'aventure protégé	1	284		Uncommon gear from Vallée de l'éternel automne enemies		slot:Legs,class:Warrior,class:Mage
appearances	Legs_Z2U1_Fig	Pantalon large d'aventure renforcé	1	285		Uncommon gear from Vallée de l'éternel automne enemies		slot:Legs,class:Warrior
appearances	Legs_Starter_Fig	Pantalon large d'écuyer	0	286		Starting outfit		slot:Legs,class:Warrior
appearances	Legs_Z1U1_FigCle	Pantalon large d'exil béni	1	287		Uncommon gear from Île de Skover enemies		slot:Legs,class:Warrior,class:Priest
appearances	Legs_Z1U1_FigAss	Pantalon large d'exil condensé	1	288		Uncommon gear from Île de Skover enemies		slot:Legs,class:Warrior,class:Rogue
appearances	Legs_Z1U1_FigWiz	Pantalon large d'exil protégé	1	289		Uncommon gear from Île de Skover enemies		slot:Legs,class:Warrior,class:Mage
appearances	Legs_Z1U1_Fig	Pantalon large d'exil renforcé	1	290		Uncommon gear from Île de Skover enemies		slot:Legs,class:Warrior
appearances	Legs_Z1U2_FigCle	Pantalon large d'intrusion béni	1	291		Uncommon gear from Île de Skover enemies		slot:Legs,class:Warrior,class:Priest
appearances	Legs_Z1U2_FigAss	Pantalon large d'intrusion condensé	1	292		Uncommon gear from Île de Skover enemies		slot:Legs,class:Warrior,class:Rogue
appearances	Legs_Z1U2_FigWiz	Pantalon large d'intrusion protégé	1	293		Uncommon gear from Île de Skover enemies		slot:Legs,class:Warrior,class:Mage
appearances	Legs_Z1U2_Fig	Pantalon large d'intrusion renforcé	1	294		Uncommon gear from Île de Skover enemies		slot:Legs,class:Warrior
appearances	Legs_RCrimson_AssCle	Pantalon large d'Ubu	2	295		Drops from Crimson enemies	Crimson - CrimsonIsland Cathedral@542.1,-860.5,219.8;Crimson - Krisomal Priaire@1242.8,714.8,101.4;Crimson - CrimsonIsland South@318.6,-592.2,111.5	slot:Legs,class:Rogue,class:Priest
appearances	Legs_Z2U2_FigCle	Pantalon large de voyage béni	1	296		Uncommon gear from Vallée de l'éternel automne enemies		slot:Legs,class:Warrior,class:Priest
appearances	Legs_Z2U2_FigAss	Pantalon large de voyage condensé	1	297		Uncommon gear from Vallée de l'éternel automne enemies		slot:Legs,class:Warrior,class:Rogue
appearances	Legs_Z2U2_FigWiz	Pantalon large de voyage protégé	1	298		Uncommon gear from Vallée de l'éternel automne enemies		slot:Legs,class:Warrior,class:Mage
appearances	Legs_Z2U2_Fig	Pantalon large de voyage renforcé	1	299		Uncommon gear from Vallée de l'éternel automne enemies		slot:Legs,class:Warrior
appearances	Legs_RDemon_Wiz	Pantalon mangétincelle	2	300		Drops: Demonic Rifts	Rift - Krisomal North@1550.3,999.6,211.5	slot:Legs,class:Mage
appearances	Legs_RKobold_Wiz	Pantalon rapiécé de Rat-Vachol	2	301		Drops from Kobold enemies	Kobold - Eksod Kobolds@1100.1,-914.2,1.2;Kobold - Enripit Hollow@-567.2,388.7,3;Kobold - Enripit Hollow@-286.2,824.9,54.5	slot:Legs,class:Mage
appearances	Back_Z2U1_AssCle	Pèlerine d'aventure éthérée	1	302		Uncommon gear from Vallée de l'éternel automne enemies		slot:Back,class:Rogue,class:Priest
appearances	Back_Z2U1_AssWiz	Pèlerine d'aventure imprégnée	1	303		Uncommon gear from Vallée de l'éternel automne enemies		slot:Back,class:Rogue,class:Mage
appearances	Back_Z2U1_Ass	Pèlerine d'aventure légère	1	304		Uncommon gear from Vallée de l'éternel automne enemies		slot:Back,class:Rogue
appearances	Back_Z1U1_AssCle	Pèlerine d'exil éthérée	1	305		Uncommon gear from Île de Skover enemies		slot:Back,class:Rogue,class:Priest
appearances	Back_Z1U1_AssWiz	Pèlerine d'exil imprégnée	1	306		Uncommon gear from Île de Skover enemies		slot:Back,class:Rogue,class:Mage
appearances	Back_Z1U1_Ass	Pèlerine d'exil légère	1	307		Uncommon gear from Île de Skover enemies		slot:Back,class:Rogue
appearances	Back_Z1U2_AssCle	Pèlerine d'intrusion éthérée	1	308		Uncommon gear from Île de Skover enemies		slot:Back,class:Rogue,class:Priest
appearances	Back_Z1U2_AssWiz	Pèlerine d'intrusion imprégnée	1	309		Uncommon gear from Île de Skover enemies		slot:Back,class:Rogue,class:Mage
appearances	Back_Z1U2_Ass	Pèlerine d'intrusion légère	1	310		Uncommon gear from Île de Skover enemies		slot:Back,class:Rogue
appearances	Back_Z2U2_AssCle	Pèlerine de nomade éthérée	1	311		Uncommon gear from Vallée de l'éternel automne enemies		slot:Back,class:Rogue,class:Priest
appearances	Back_Z2U2_AssWiz	Pèlerine de nomade imprégnée	1	312		Uncommon gear from Vallée de l'éternel automne enemies		slot:Back,class:Rogue,class:Mage
appearances	Back_Z2U2_Ass	Pèlerine de nomade légère	1	313		Uncommon gear from Vallée de l'éternel automne enemies		slot:Back,class:Rogue
appearances	Chest_RKobold_FigAss	Plastron de Cantal Goya	2	314		Craft: Blacksmith (lvl 1)		slot:Chest,class:Warrior,class:Rogue
appearances	Chest_RCrimson_FigCle	Plastron de témérité	2	315		Drops from Crimson enemies	Crimson - CrimsonIsland Cathedral@542.1,-860.5,219.8;Crimson - Krisomal Priaire@1242.8,714.8,101.4;Crimson - CrimsonIsland South@318.6,-592.2,111.5	slot:Chest,class:Warrior,class:Priest
appearances	Chest_RCrimson_Fig_Craft	Plastron écarlate	2	316		Craft: Blacksmith (lvl 5)		slot:Chest,class:Any
appearances	Shoulders_RBee_FigCle	Pointes de la reine	2	317		Drops from Bee enemies	Bee - Nescent Hive@2074.8,141.1,-21.7;Bee - Honeywoods Canopy@-1060.4,908.6,195.2;Bee - Nescent Hive@2059.1,310,41.2	slot:Shoulders,class:Warrior,class:Priest
appearances	Chest_Z1U1_AssCle	Pourpoint d'exil éthéré	1	318		Uncommon gear from Île de Skover enemies		slot:Chest,class:Rogue,class:Priest
appearances	Chest_Z1U1_AssWiz	Pourpoint d'exil imprégné	1	319		Uncommon gear from Île de Skover enemies		slot:Chest,class:Rogue,class:Mage
appearances	Chest_Z1U1_Ass	Pourpoint d'exil léger	1	320		Uncommon gear from Île de Skover enemies		slot:Chest,class:Rogue
appearances	Chest_Z1U2_AssCle	Pourpoint d'intrusion éthéré	1	321		Uncommon gear from Île de Skover enemies		slot:Chest,class:Rogue,class:Priest
appearances	Chest_Z1U2_AssWiz	Pourpoint d'intrusion imprégné	1	322		Uncommon gear from Île de Skover enemies		slot:Chest,class:Rogue,class:Mage
appearances	Chest_Z1U2_Ass	Pourpoint d'intrusion léger	1	323		Uncommon gear from Île de Skover enemies		slot:Chest,class:Rogue
appearances	Chest_Starter_Ass	Pourpoint de voyou	0	324		Starting outfit		slot:Chest,class:Rogue
appearances	Shoulders_RBee_Wiz	Pousses de ruche	2	325		Drops from Bee enemies	Bee - Nescent Hive@2074.8,141.1,-21.7;Bee - Honeywoods Canopy@-1060.4,908.6,195.2;Bee - Nescent Hive@2059.1,310,41.2	slot:Shoulders,class:Mage
appearances	Hands_Z1U1_AssCle	Protège-mains d'exil éthérés	1	326		Uncommon gear from Île de Skover enemies		slot:Hands,class:Rogue,class:Priest
appearances	Hands_Z1U1_AssWiz	Protège-mains d'exil imprégnés	1	327		Uncommon gear from Île de Skover enemies		slot:Hands,class:Rogue,class:Mage
appearances	Hands_Z1U1_Ass	Protège-mains d'exil légers	1	328		Uncommon gear from Île de Skover enemies		slot:Hands,class:Rogue
appearances	Hands_Z1U2_AssCle	Protège-mains d'intrusion éthérés	1	329		Uncommon gear from Île de Skover enemies		slot:Hands,class:Rogue,class:Priest
appearances	Hands_Z1U2_AssWiz	Protège-mains d'intrusion imprégnés	1	330		Uncommon gear from Île de Skover enemies		slot:Hands,class:Rogue,class:Mage
appearances	Hands_Z1U2_Ass	Protège-mains d'intrusion légers	1	331		Uncommon gear from Île de Skover enemies		slot:Hands,class:Rogue
appearances	Hands_Z2U1_Wiz	Protège-poignets d'aventure enchantés	1	332		Uncommon gear from Vallée de l'éternel automne enemies		slot:Hands,class:Mage
appearances	Hands_Z2U1_WizCle	Protège-poignets d'aventure runiques	1	333		Uncommon gear from Vallée de l'éternel automne enemies		slot:Hands,class:Mage,class:Priest
appearances	Hands_Z2U1_Cle	Protège-poignets d'aventure sacrés	1	334		Uncommon gear from Vallée de l'éternel automne enemies		slot:Hands,class:Priest
appearances	Hands_Z2U2_Wiz	Protège-poignets de voyage enchantés	1	335		Uncommon gear from Vallée de l'éternel automne enemies		slot:Hands,class:Mage
appearances	Hands_Z2U2_WizCle	Protège-poignets de voyage runiques	1	336		Uncommon gear from Vallée de l'éternel automne enemies		slot:Hands,class:Mage,class:Priest
appearances	Hands_Z2U2_Cle	Protège-poignets de voyage sacrés	1	337		Uncommon gear from Vallée de l'éternel automne enemies		slot:Hands,class:Priest
appearances	Legs_RBee_FigCle	Prototype de pantalon volant	2	338		Drops from Bee enemies	Bee - Nescent Hive@2074.8,141.1,-21.7;Bee - Honeywoods Canopy@-1060.4,908.6,195.2;Bee - Nescent Hive@2059.1,310,41.2	slot:Legs,class:Warrior,class:Priest
appearances	Waist_Z2U1_FigCle	Ptéryge d'aventure bénie	1	339		Uncommon gear from Vallée de l'éternel automne enemies		slot:Waist,class:Warrior,class:Priest
appearances	Waist_Z2U1_FigAss	Ptéryge d'aventure condensée	1	340		Uncommon gear from Vallée de l'éternel automne enemies		slot:Waist,class:Warrior,class:Rogue
appearances	Waist_Z2U1_FigWiz	Ptéryge d'aventure protégée	1	341		Uncommon gear from Vallée de l'éternel automne enemies		slot:Waist,class:Warrior,class:Mage
appearances	Waist_Z2U1_Fig	Ptéryge d'aventure renforcée	1	342		Uncommon gear from Vallée de l'éternel automne enemies		slot:Waist,class:Warrior
appearances	Waist_Z1U1_FigCle	Ptéryge d'exil bénie	1	343		Uncommon gear from Île de Skover enemies		slot:Waist,class:Warrior,class:Priest
appearances	Waist_Z1U1_FigAss	Ptéryge d'exil condensée	1	344		Uncommon gear from Île de Skover enemies		slot:Waist,class:Warrior,class:Rogue
appearances	Waist_Z1U1_FigWiz	Ptéryge d'exil protégée	1	345		Uncommon gear from Île de Skover enemies		slot:Waist,class:Warrior,class:Mage
appearances	Waist_Z1U1_Fig	Ptéryge d'exil renforcée	1	346		Uncommon gear from Île de Skover enemies		slot:Waist,class:Warrior
appearances	Waist_Z1U2_FigCle	Ptéryge d'intrusion bénie	1	347		Uncommon gear from Île de Skover enemies		slot:Waist,class:Warrior,class:Priest
appearances	Waist_Z1U2_FigAss	Ptéryge d'intrusion condensée	1	348		Uncommon gear from Île de Skover enemies		slot:Waist,class:Warrior,class:Rogue
appearances	Waist_Z1U2_FigWiz	Ptéryge d'intrusion protégée	1	349		Uncommon gear from Île de Skover enemies		slot:Waist,class:Warrior,class:Mage
appearances	Waist_Z1U2_Fig	Ptéryge d'intrusion renforcée	1	350		Uncommon gear from Île de Skover enemies		slot:Waist,class:Warrior
appearances	Waist_Z2U2_FigCle	Ptéryge de nomade bénie	1	351		Uncommon gear from Vallée de l'éternel automne enemies		slot:Waist,class:Warrior,class:Priest
appearances	Waist_Z2U2_FigAss	Ptéryge de voyage condensée	1	352		Uncommon gear from Vallée de l'éternel automne enemies		slot:Waist,class:Warrior,class:Rogue
appearances	Waist_Z2U2_Fig	Ptéryge de voyage renforcée	1	353		Uncommon gear from Vallée de l'éternel automne enemies		slot:Waist,class:Warrior
appearances	Waist_RCrimson_AssWiz	Relique de Cernoros le roi perdu	2	354		Drops from Crimson enemies	Crimson - CrimsonIsland Cathedral@542.1,-860.5,219.8;Crimson - Krisomal Priaire@1242.8,714.8,101.4;Crimson - CrimsonIsland South@318.6,-592.2,111.5	slot:Waist,class:Rogue,class:Mage
appearances	Waist_RKobold_Ass	Relique des Quatre cents	2	355		Drops from Kobold enemies	Kobold - Eksod Kobolds@1100.1,-914.2,1.2;Kobold - Enripit Hollow@-567.2,388.7,3;Kobold - Enripit Hollow@-286.2,824.9,54.5	slot:Waist,class:Rogue
appearances	Shoulders_RKobold_Fig	Remparts miniers	2	356		Drops from Kobold enemies	Kobold - Eksod Kobolds@1100.1,-914.2,1.2;Kobold - Enripit Hollow@-567.2,388.7,3;Kobold - Enripit Hollow@-286.2,824.9,54.5	slot:Shoulders,class:Warrior
appearances	Chest_Z1U1_Wiz	Robe d'exil enchantée	1	357		Uncommon gear from Île de Skover enemies		slot:Chest,class:Mage
appearances	Chest_Z1U1_WizCle	Robe d'exil runique	1	358		Uncommon gear from Île de Skover enemies		slot:Chest,class:Mage,class:Priest
appearances	Chest_Z1U1_Cle	Robe d'exil sacrée	1	359		Uncommon gear from Île de Skover enemies		slot:Chest,class:Priest
appearances	Chest_Z1U2_Wiz	Robe d'intrusion enchantée	1	360		Uncommon gear from Île de Skover enemies		slot:Chest,class:Mage
appearances	Chest_Z1U2_WizCle	Robe d'intrusion runique	1	361		Uncommon gear from Île de Skover enemies		slot:Chest,class:Mage,class:Priest
appearances	Chest_Z1U2_Cle	Robe d'intrusion sacrée	1	362		Uncommon gear from Île de Skover enemies		slot:Chest,class:Priest
appearances	Chest_Starter_Cle	Robe de novice	0	363		Starting outfit		slot:Chest,class:Priest
appearances	Feet_RKobold_WizCle	Sacoches d'or	2	364		Drops from Kobold enemies	Kobold - Eksod Kobolds@1100.1,-914.2,1.2;Kobold - Enripit Hollow@-567.2,388.7,3;Kobold - Enripit Hollow@-286.2,824.9,54.5	slot:Feet,class:Mage,class:Priest
appearances	Feet_Z1U1_Wiz	Sandales d'exil enchantées	1	365		Uncommon gear from Île de Skover enemies		slot:Feet,class:Mage
appearances	Feet_Z1U1_WizCle	Sandales d'exil runiques	1	366		Uncommon gear from Île de Skover enemies		slot:Feet,class:Mage,class:Priest
appearances	Feet_Z1U1_Cle	Sandales d'exil sacrées	1	367		Uncommon gear from Île de Skover enemies		slot:Feet,class:Priest
appearances	Feet_Z1U2_Wiz	Sandales d'intrusion enchantées	1	368		Uncommon gear from Île de Skover enemies		slot:Feet,class:Mage
appearances	Feet_Z1U2_WizCle	Sandales d'intrusion runiques	1	369		Uncommon gear from Île de Skover enemies		slot:Feet,class:Mage,class:Priest
appearances	Feet_Z1U2_Cle	Sandales d'intrusion sacrées	1	370		Uncommon gear from Île de Skover enemies		slot:Feet,class:Priest
appearances	Feet_Starter_Cle	Sandales de novice	0	371		Starting outfit		slot:Feet,class:Priest
appearances	Feet_RManfish_Wiz	Sandales de secours du jeune Néphisto	2	372		Drops from Manfish enemies	Manfish - Meridion Ruins@-199.2,1739.9,6.2;Manfish - Meridion Beach@-225.7,1943.9,5.8;Manfish - Krisomal Priaire@1786,642.2,4.9	slot:Feet,class:Mage
appearances	Feet_RDemon_WizCle	Savates de Niflel	2	373		Drops: Demonic Rifts	Rift - Krisomal North@1550.3,999.6,211.5	slot:Feet,class:Mage,class:Priest
appearances	Legs_RManfish_AssCle	Short de vacances de Népicure	2	374		Drops from Manfish enemies	Manfish - Meridion Ruins@-199.2,1739.9,6.2;Manfish - Meridion Beach@-225.7,1943.9,5.8;Manfish - Krisomal Priaire@1786,642.2,4.9	slot:Legs,class:Rogue,class:Priest
appearances	Legs_RBee_Ass	Silhouette d'Apix	2	375		Drops from Bee enemies	Bee - Nescent Hive@2074.8,141.1,-21.7;Bee - Honeywoods Canopy@-1060.4,908.6,195.2;Bee - Nescent Hive@2059.1,310,41.2	slot:Legs,class:Rogue
appearances	Feet_RBee_AssWiz	Solerets de guerre des Apix	2	376		Drops from Bee enemies	Bee - Nescent Hive@2074.8,141.1,-21.7;Bee - Honeywoods Canopy@-1060.4,908.6,195.2;Bee - Nescent Hive@2059.1,310,41.2	slot:Feet,class:Rogue,class:Mage
appearances	Feet_RCrimson_FigCle	Solerets rivaux de Cornacier	2	377		Craft: Blacksmith (lvl 5)		slot:Feet,class:Warrior,class:Priest
appearances	Back_RDemon_FigWiz	Sourire du démolisseur	2	378		Drops: Demonic Rifts	Rift - Krisomal North@1550.3,999.6,211.5	slot:Back,class:Warrior,class:Mage
appearances	Shoulders_RCrimson_FigWiz	Spalières de foi intangible	2	379		Drops from Crimson enemies	Crimson - CrimsonIsland Cathedral@542.1,-860.5,219.8;Crimson - Krisomal Priaire@1242.8,714.8,101.4;Crimson - CrimsonIsland South@318.6,-592.2,111.5	slot:Shoulders,class:Warrior,class:Mage
appearances	Shoulders_RCrimson_Cle	Spalières du jugement	2	380		Drops from Crimson enemies	Crimson - CrimsonIsland Cathedral@542.1,-860.5,219.8;Crimson - Krisomal Priaire@1242.8,714.8,101.4;Crimson - CrimsonIsland South@318.6,-592.2,111.5	slot:Shoulders,class:Priest
appearances	Chest_RCrimson_WizCle_Craft	Tenue sacrificielle	2	381		Craft: Outfitter (lvl 5)		slot:Chest,class:Any
appearances	Chest_RCrimson_Wiz	Toison d'or de Krisomal	2	382		Drops from Crimson enemies	Crimson - CrimsonIsland Cathedral@542.1,-860.5,219.8;Crimson - Krisomal Priaire@1242.8,714.8,101.4;Crimson - CrimsonIsland South@318.6,-592.2,111.5	slot:Chest,class:Mage
appearances	Hands_RCrimson_Ass	Toucher de Ménas le thaumaturge	2	383		Drops from Crimson enemies	Crimson - CrimsonIsland Cathedral@542.1,-860.5,219.8;Crimson - Krisomal Priaire@1242.8,714.8,101.4;Crimson - CrimsonIsland South@318.6,-592.2,111.5	slot:Hands,class:Rogue
appearances	Back_Z2U1_FigCle	Tour de cou d'aventure béni	1	384		Uncommon gear from Vallée de l'éternel automne enemies		slot:Back,class:Warrior,class:Priest
appearances	Back_Z2U1_FigAss	Tour de cou d'aventure condensé	1	385		Uncommon gear from Vallée de l'éternel automne enemies		slot:Back,class:Warrior,class:Rogue
appearances	Back_Z2U1_FigWiz	Tour de cou d'aventure protégé	1	386		Uncommon gear from Vallée de l'éternel automne enemies		slot:Back,class:Warrior,class:Mage
appearances	Back_Z2U1_Fig	Tour de cou d'aventure renforcé	1	387		Uncommon gear from Vallée de l'éternel automne enemies		slot:Back,class:Warrior
appearances	Back_Z1U1_FigCle	Tour de cou d'exil béni	1	388		Uncommon gear from Île de Skover enemies		slot:Back,class:Warrior,class:Priest
appearances	Back_Z1U1_FigAss	Tour de cou d'exil condensé	1	389		Uncommon gear from Île de Skover enemies		slot:Back,class:Warrior,class:Rogue
appearances	Back_Z1U1_FigWiz	Tour de cou d'exil protégé	1	390		Uncommon gear from Île de Skover enemies		slot:Back,class:Warrior,class:Mage
appearances	Back_Z1U1_Fig	Tour de cou d'exil renforcé	1	391		Uncommon gear from Île de Skover enemies		slot:Back,class:Warrior
appearances	Back_Z1U2_FigCle	Tour de cou d'intrusion béni	1	392		Uncommon gear from Île de Skover enemies		slot:Back,class:Warrior,class:Priest
appearances	Back_Z1U2_FigAss	Tour de cou d'intrusion condensé	1	393		Uncommon gear from Île de Skover enemies		slot:Back,class:Warrior,class:Rogue
appearances	Back_Z1U2_FigWiz	Tour de cou d'intrusion protégé	1	394		Uncommon gear from Île de Skover enemies		slot:Back,class:Warrior,class:Mage
appearances	Back_Z1U2_Fig	Tour de cou d'intrusion renforcé	1	395		Uncommon gear from Île de Skover enemies		slot:Back,class:Warrior
appearances	Back_Z2U2_FigCle	Tour de cou de nomade béni	1	396		Uncommon gear from Vallée de l'éternel automne enemies		slot:Back,class:Warrior,class:Priest
appearances	Back_Z2U2_FigAss	Tour de cou de nomade condensé	1	397		Uncommon gear from Vallée de l'éternel automne enemies		slot:Back,class:Warrior,class:Rogue
appearances	Back_Z2U2_FigWiz	Tour de cou de nomade protégé	1	398		Uncommon gear from Vallée de l'éternel automne enemies		slot:Back,class:Warrior,class:Mage
appearances	Back_Z2U2_Fig	Tour de cou de nomade renforcé	1	399		Uncommon gear from Vallée de l'éternel automne enemies		slot:Back,class:Warrior
appearances	Chest_Starter_Wiz	Tunique d'apprenti	0	400		Starting outfit		slot:Chest,class:Mage
appearances	Waist_RKobold_FigCle	Unité des Trente royaumes	2	401		Drops from Kobold enemies	Kobold - Eksod Kobolds@1100.1,-914.2,1.2;Kobold - Enripit Hollow@-567.2,388.7,3;Kobold - Enripit Hollow@-286.2,824.9,54.5	slot:Waist,class:Warrior,class:Priest
appearances	Chest_RKobold_Cle	Veste à triple fermeture de Boucle d'or	2	402		Drops from Kobold enemies	Kobold - Eksod Kobolds@1100.1,-914.2,1.2;Kobold - Enripit Hollow@-567.2,388.7,3;Kobold - Enripit Hollow@-286.2,824.9,54.5	slot:Chest,class:Priest
appearances	Chest_RBee_AssWiz_Craft	Veste ailée splendide	2	403		Craft: Outfitter (lvl 3)		slot:Chest,class:Any
appearances	Chest_Z2U1_Wiz	Veste d'aventure enchantée	1	404		Uncommon gear from Vallée de l'éternel automne enemies		slot:Chest,class:Mage
appearances	Chest_Z2U1_AssCle	Veste d'aventure éthérée	1	405		Uncommon gear from Vallée de l'éternel automne enemies		slot:Chest,class:Rogue,class:Priest
appearances	Chest_Z2U1_AssWiz	Veste d'aventure imprégnée	1	406		Uncommon gear from Vallée de l'éternel automne enemies		slot:Chest,class:Rogue,class:Mage
appearances	Chest_Z2U1_Ass	Veste d'aventure légère	1	407		Uncommon gear from Vallée de l'éternel automne enemies		slot:Chest,class:Rogue
appearances	Chest_Z2U1_WizCle	Veste d'aventure runique	1	408		Uncommon gear from Vallée de l'éternel automne enemies		slot:Chest,class:Mage,class:Priest
appearances	Chest_Z2U1_Cle	Veste d'aventure sacrée	1	409		Uncommon gear from Vallée de l'éternel automne enemies		slot:Chest,class:Priest
appearances	Chest_Z2U2_Wiz	Veste de voyage enchantée	1	410		Uncommon gear from Vallée de l'éternel automne enemies		slot:Chest,class:Mage
appearances	Chest_Z2U2_AssCle	Veste de voyage éthérée	1	411		Uncommon gear from Vallée de l'éternel automne enemies		slot:Chest,class:Rogue,class:Priest
appearances	Chest_Z2U2_AssWiz	Veste de voyage imprégnée	1	412		Uncommon gear from Vallée de l'éternel automne enemies		slot:Chest,class:Rogue,class:Mage
appearances	Chest_Z2U2_Ass	Veste de voyage légère	1	413		Uncommon gear from Vallée de l'éternel automne enemies		slot:Chest,class:Rogue
appearances	Chest_Z2U2_WizCle	Veste de voyage runique	1	414		Uncommon gear from Vallée de l'éternel automne enemies		slot:Chest,class:Mage,class:Priest
appearances	Chest_Z2U2_Cle	Veste de voyage sacrée	1	415		Uncommon gear from Vallée de l'éternel automne enemies		slot:Chest,class:Priest
appearances	Chest_RManfish_AssCle	Veste du dernier pirate	2	416		Drops from Manfish enemies	Manfish - Meridion Ruins@-199.2,1739.9,6.2;Manfish - Meridion Beach@-225.7,1943.9,5.8;Manfish - Krisomal Priaire@1786,642.2,4.9	slot:Chest,class:Rogue,class:Priest
appearances	Chest_RBee_WizCle	Vêtements décontractés de la Méliprincesse	2	417		Drops from Bee enemies	Bee - Nescent Hive@2074.8,141.1,-21.7;Bee - Honeywoods Canopy@-1060.4,908.6,195.2;Bee - Nescent Hive@2059.1,310,41.2	slot:Chest,class:Mage,class:Priest
appearances	Legs_RManfish_FigAss	Vêtements du chasseur de mollusques	2	418		Drops from Manfish enemies	Manfish - Meridion Ruins@-199.2,1739.9,6.2;Manfish - Meridion Beach@-225.7,1943.9,5.8;Manfish - Krisomal Priaire@1786,642.2,4.9	slot:Legs,class:Warrior,class:Rogue
appearances	Chest_RDemon_FigCle	Visage d'âme	2	419		Drops: Demonic Rifts	Rift - Krisomal North@1550.3,999.6,211.5	slot:Chest,class:Warrior,class:Priest
appearances	Head_RDemon_Fig_Craft	Visière de brutalité	2	420		Craft: Blacksmith (lvl 6)		slot:Head,class:Any
appearances	Head_RCrimson_FigAss	Visière du bélier	2	421		Drops from Crimson enemies	Crimson - CrimsonIsland Cathedral@542.1,-860.5,219.8;Crimson - Krisomal Priaire@1242.8,714.8,101.4;Crimson - CrimsonIsland South@318.6,-592.2,111.5	slot:Head,class:Warrior,class:Rogue
appearances	Head_RBee_WizCle	Vision de l'apiculteur	2	422		Drops from Bee enemies	Bee - Nescent Hive@2074.8,141.1,-21.7;Bee - Honeywoods Canopy@-1060.4,908.6,195.2;Bee - Nescent Hive@2059.1,310,41.2	slot:Head,class:Mage,class:Priest
appearances	Head_RKobold_AssWiz	Vision du fromagotrancheur	2	423		Drops from Kobold enemies	Kobold - Eksod Kobolds@1100.1,-914.2,1.2;Kobold - Enripit Hollow@-567.2,388.7,3;Kobold - Enripit Hollow@-286.2,824.9,54.5	slot:Head,class:Rogue,class:Mage
appearances	Hands_RKobold_WizCle	Voeux de prospérité	2	424		Drops from Kobold enemies	Kobold - Eksod Kobolds@1100.1,-914.2,1.2;Kobold - Enripit Hollow@-567.2,388.7,3;Kobold - Enripit Hollow@-286.2,824.9,54.5	slot:Hands,class:Mage,class:Priest
appearances	Head_RCrimson_Cle	Voile clérical	2	425		Drops from Crimson enemies	Crimson - CrimsonIsland Cathedral@542.1,-860.5,219.8;Crimson - Krisomal Priaire@1242.8,714.8,101.4;Crimson - CrimsonIsland South@318.6,-592.2,111.5	slot:Head,class:Priest
appearances	Head_RDemon_Wiz	Voile impie	2	426		Drops: Demonic Rifts	Rift - Krisomal North@1550.3,999.6,211.5	slot:Head,class:Mage
appearances	Back_RBee_AssCle	Vol du bourdechar	2	427		Drops from Bee enemies	Bee - Nescent Hive@2074.8,141.1,-21.7;Bee - Honeywoods Canopy@-1060.4,908.6,195.2;Bee - Nescent Hive@2059.1,310,41.2	slot:Back,class:Rogue,class:Priest
mounts	Mount_Aries_04	Bêliqueux de Konda	3	428				type:Aries
mounts	Mount_Aries_06	Bêliqueux de Nescente	3	429				type:Aries
mounts	Mount_Aries_03	Bêliqueux de Ponog	3	430		Drops: Vault of zone 3 (tier 2)	Vault - CrimsonIsland South@287,-572,9	type:Aries
mounts	Mount_Aries_02	Bêliqueux de Primevallée	3	431		Achievement: Protection de la ville - Terminez tous les donjons de CrimsonIsland_Region.		type:Aries
mounts	Mount_Aries_01	Bêliqueux de Rinuhr	3	432		Achievement: Bestiaire de Bélinbourg - Remplissez votre codex pour Bélinbourg.		type:Aries
mounts	Mount_Goat_01	Chèvre d'Ébral	3	433		Sold by a merchant	MountTamer_NPC_1 - Primevalley Hub@-397.3,1502.1,57.8	type:Goat
mounts	Mount_Goat_03	Chèvre d'Opale	3	434		Sold by a merchant	MountTamer_NPC_1 - Primevalley Hub@-397.3,1502.1,57.8	type:Goat
mounts	Mount_Goat_02	Chèvre de Konda	3	435		Sold by a merchant	MountTamer_NPC_1 - Primevalley Hub@-397.3,1502.1,57.8	type:Goat
mounts	Mount_Goat_06	Chèvre de Niflel	3	436		Sold by a merchant	Zoey, Demon Huntress - Azuram Hub@1312.9,72.6,172.5;Zoey, Demon Huntress - CrimsonIsland South@586.2,-80.5,57;Zoey, Demon Huntress - Primevalley Hub@-339.4,1416.4,52.5	type:Goat
mounts	Mount_Goat_05	Chèvre de Zerzur	3	437		Achievement: Bestiaire de l'Île de Skover - Remplissez votre codex pour l'Île de Skover.		type:Goat
mounts	Mount_Goat_04	Chèvre écarlate	3	438		Achievement: Pacification de Skover - Terminez tous les donjons de l'Île de Skover.		type:Goat
mounts	Mount_Ladybug_DarkBlue	Coccipatte d'Alandal	3	439				type:Ladybug
mounts	Mount_Ladybug_Yellow	Coccipatte d'Antélimbe	3	440				type:Ladybug
mounts	Mount_Ladybug_Green	Coccipatte d'Eksode	3	441		Drops: Vault of zone 1 (tier 3)	Vault - Honeywoods Cave@-1117,880,127.5	type:Ladybug
mounts	Mount_Ladybug_Red	Coccipatte de Nescente	3	442		Drops: world boss Dame Beille (rare)	Dame Beille - Dungeon entrance - Honeywoods Canopy@-1088.7,716.9,399	type:Ladybug
mounts	Mount_Ladybug_Demonic	Coccipatte de Niflel	3	443				type:Ladybug
mounts	Mount_Ladybug_Purple	Coccipatte de Ponog	3	444		Drops: world boss Reine Élizabeille (rare)	Reine Élizabeille - Dungeon entrance - Nescent Hive@2087.7,161.4,-293.2	type:Ladybug
mounts	Mount_Ladybug_Orange	Coccipatte de Sforia	3	445				type:Ladybug
mounts	Mount_Ladybug_Blue	Coccipatte de Zerzur	3	446		Drops: FaerieBee (rare), Bee (rare)		type:Ladybug
mounts	Mount_Boar_03	Cochon d'Alandal	3	447		Achievement: Bestiaire de la Vallée de l'éternel automne - Remplissez votre codex pour la Vallée de l'éternel automne.		type:Boar
mounts	Mount_Boar_04	Cochon d'Irukal	3	448				type:Boar
mounts	Mount_Boar_02	Cochon de Jodar	3	449				type:Boar
mounts	Mount_Boar_01	Cochon de Méridion	3	450		Drops: Boar (rare)		type:Boar
mounts	Mount_Boar_06	Cochon de Niflel	3	451		Sold by a merchant	Zoey, Demon Huntress - Azuram Hub@1312.9,72.6,172.5;Zoey, Demon Huntress - CrimsonIsland South@586.2,-80.5,57;Zoey, Demon Huntress - Primevalley Hub@-339.4,1416.4,52.5	type:Boar
mounts	Mount_Boar_05	Cochon de Veilant	3	452		Achievement: Obtenez 10 Mounts.		type:Boar
mounts	Mount_Crab_Red	Crabe d'Antélimbe	3	453		Drops: Crab (rare)		type:Crab
mounts	Mount_Crab_Blue	Crabe de Mérops	3	454		Drops: world boss Crabgantua (rare)	Crabgantua - Dungeon entrance - Primevalley Coast@253.5,1314.5,-87.8	type:Crab
mounts	Mount_Crab_Demonic	Crabe de Niflel	3	455		Drops: demon soulstones (zone 2) (rare)		type:Crab
mounts	Mount_Crab_Purple	Crabe de Ponog	3	456				type:Crab
mounts	Mount_Crab_Yellow	Crabe de Semeru	3	457		Drops: Vault of zone 1 (tier 2)	Vault - Enripit Hill@244.8,636.3,-27.7	type:Crab
mounts	Mount_Crab_BlueGrey	Crabe de Zerzur	3	458				type:Crab
mounts	Mount_Crab_Red02	Crabe écarlate	3	459				type:Crab
mounts	Mount_Croco_05	Crocoglier d'Atlantide	3	460				type:Croco
mounts	Mount_Croco_04	Crocoglier d'Egheret	3	461				type:Croco
mounts	Mount_Croco_01	Crocoglier d'Eksode	3	462				type:Croco
mounts	Mount_Croco_02	Crocoglier d'Hégémon	3	463				type:Croco
mounts	Mount_Croco_03	Crocoglier de Bel-Etir	3	464				type:Croco
mounts	Mount_Croco_06	Crocoglier de Niflel	3	465				type:Croco
mounts	Mount_Aries_05	Égide	3	466	Égide est la fidèle monture de Chakragnel. Lorsque Chakragnel a renoncé à l'humanité et prêté allégeance aux démons, son compagnon n'a pas pu se résoudre à l'abandonner et porte depuis les marques de sa trahison.	Drops: world boss Grand inquisiteur Chakragnel (rare)	Grand inquisiteur Chakragnel - Dungeon entrance - CrimsonIsland Sacristy@118.4,-864.1,281.4	type:Aries
mounts	SparkHorse_01	Équiséant étincelant	3	467				type:SparkHorse
mounts	Mount_Hound_03	Limier d'Antélimbe	3	468				type:Hound
mounts	Mount_Hound_04	Limier de Bélinbourg	3	469				type:Hound
mounts	Mount_Hound_01	Limier de Dénichemin	3	470		Drops: Crimson (rare)		type:Hound
mounts	Mount_Hound_05	Limier de Léma	3	471				type:Hound
mounts	Mount_Hound_06	Limier de Niflel	3	472		Achievement: On n'abandonne personne ! - Refermez une faille sans perdre d'allié lors du combat de boss.		type:Hound
mounts	Mount_Hound_02	Limier de Skover	3	473				type:Hound
mounts	Mount_Wolf_05	Loup d'Almaz	3	474		Sold by a merchant	MountTamer_NPC_2 - Azuram Highland@1218.4,221.6,18.5	type:Wolf
mounts	Mount_Wolf_01	Loup d'Enripit	3	475		Sold by a merchant	MountTamer_NPC_2 - Azuram Highland@1218.4,221.6,18.5	type:Wolf
mounts	Mount_Wolf_03	Loup de Krisomal	3	476		Achievement: Obtenez 50 Mounts.		type:Wolf
mounts	Mount_Wolf_04	Loup de Navelin	3	477		Sold by a merchant	MountTamer_NPC_2 - Azuram Highland@1218.4,221.6,18.5	type:Wolf
mounts	Mount_Wolf_02	Loup de Nescente	3	478		Drops: Wolf (rare), Coyotes (rare)		type:Wolf
mounts	Mount_Wolf_06	Loup de Sforia	3	479		Achievement: Vallée de l'éternelle exploration - Obtenez tous les succès d'exploration de la Vallée de l'éternel automne.		type:Wolf
mounts	Mount_Demon_03	Noctomolosse courroucé	3	480		Achievement: L'Empire de la Foi - Obtenez tous les succès d'exploration de Bélinbourg.		type:Demon
mounts	Mount_Demon_05	Noctomolosse enragé	3	481		Sold by a merchant	Zoey, Demon Huntress - Azuram Hub@1312.9,72.6,172.5;Zoey, Demon Huntress - CrimsonIsland South@586.2,-80.5,57;Zoey, Demon Huntress - Primevalley Hub@-339.4,1416.4,52.5	type:Demon
mounts	Mount_Demon_01	Noctomolosse furieux	3	482		Sold by a merchant	Zoey, Demon Huntress - Azuram Hub@1312.9,72.6,172.5;Zoey, Demon Huntress - CrimsonIsland South@586.2,-80.5,57;Zoey, Demon Huntress - Primevalley Hub@-339.4,1416.4,52.5	type:Demon
mounts	Mount_Demon_06	Noctomolosse haineux	3	483		Drops: Maat LT2 (rare), Demonic Rifts (rare)	Rift - Krisomal North@1550.3,999.6,211.5	type:Demon
mounts	Mount_Demon_04	Noctomolosse irascible	3	484		Drops: Demonic Rifts (rare)	Rift - Krisomal North@1550.3,999.6,211.5	type:Demon
mounts	Mount_Demon_02	Noctomolosse irritable	3	485		Drops: Demon (rare)		type:Demon
mounts	Mount_Skunk_03	Putois de Fourchambule	3	486		Achievement: Obtenez 25 Mounts.		type:Skunk
mounts	Mount_Skunk_06	Putois de Niflel	3	487		Drops: demon soulstones (zone 1) (rare)		type:Skunk
mounts	Mount_Skunk_05	Putois de Ponog	3	488		Achievement: Vallée des éternels donjons - Terminez tous les donjons de la Vallée de l'éternel automne.		type:Skunk
mounts	Mount_Skunk_01	Putois de Primevallée	3	489		Drops: Skunk (rare)		type:Skunk
mounts	Mount_Skunk_04	Putois de Rinuhr	3	490		Drops: world boss Munster Chuck (rare)		type:Skunk
mounts	Mount_Skunk_02	Putois de Spéro	3	491		Achievement: Tout sur Skover - Obtenez tous les succès d'exploration de l'Île de Skover.		type:Skunk
pets	Sheep_Beige	Clochelaine	0	492		Capture in the wild (Capture Net)	Eksod Kobolds@1258.3,-781.5,44.3;Krisomal North@1632.5,1035.2,-124	type:Sheep,area:Z2
pets	Sheep_Brown02	Clochelaine des champs	0	493		Capture in the wild (Capture Net)	Eksod Kobolds@1258.3,-781.5,44.3;Krisomal North@1632.5,1035.2,-124	type:Sheep,area:Z2
pets	Sheep_Spark	Clochelaine étincelant	0	494		Capture in the wild (Capture Net)	Krisomal Chapel@1441.5,1045.2,14.8	type:Sheep,area:Z2
pets	Sheep_Brown	Clochelaine marron	0	495		Capture in the wild (Capture Net)	Eksod Kobolds@1258.3,-781.5,44.3;Krisomal North@1632.5,1035.2,-124	type:Sheep,area:Z2
pets	Sheep_Demon	Clochelaine nocturne	0	496		Capture in the wild (Capture Net)		type:Sheep
pets	Sheep_Black	Clochelaine noir	0	497		Capture in the wild (Capture Net)	Eksod Kobolds@1258.3,-781.5,44.3;Krisomal North@1632.5,1035.2,-124	type:Sheep,area:Z2
pets	Sheep_Black02	Clochelaine radieux	0	498		Capture in the wild (Capture Net)	Eksod Kobolds@1258.3,-781.5,44.3;Krisomal North@1632.5,1035.2,-124	type:Sheep,area:Z2
pets	Ladybug_Blue	Coccipatte bleue	0	499		Capture in the wild (Capture Net)	Enripit Hill@231.1,753.4,86.3;Honeywoods Isle@-924.2,1446.1,99.8	type:Ladybug,area:Z1
pets	Ladybug_Spark	Coccipatte étincelante	0	500		Capture in the wild (Capture Net)	Enripit Hill@231.1,753.4,86.3;Honeywoods Isle@-924.2,1446.1,99.8	type:Ladybug,area:Z1
pets	Ladybug_Green	Coccipatte herbeuse	0	501		Capture in the wild (Capture Net)	Enripit Hill@231.1,753.4,86.3;Honeywoods Isle@-924.2,1446.1,99.8	type:Ladybug,area:Z1
pets	Ladybug_Yellow	Coccipatte jaune	0	502		Capture in the wild (Capture Net)	Honeywoods Cave@-1101,887.6,123	type:Ladybug,area:Z1
pets	Ladybug_Demon	Coccipatte nocturne	0	503		Capture in the wild (Capture Net)		type:Ladybug
pets	Ladybug_Red	Coccipatte rouge	0	504		Capture in the wild (Capture Net)	Enripit Hill@231.1,753.4,86.3;Honeywoods Isle@-924.2,1446.1,99.8	type:Ladybug,area:Z1
pets	Ladybug_Purple	Coccipatte violette	0	505		Capture in the wild (Capture Net)	Enripit Hill@231.1,753.4,86.3;Honeywoods Isle@-924.2,1446.1,99.8	type:Ladybug,area:Z1
pets	Rabbit_Yellow	Codaflore	0	506		Capture in the wild (Capture Net)	Honeywoods Grove@-435.5,1252,73.5;Honeywoods Forest@-440.5,918.6,113.6	type:Rabbit,area:Z1
pets	Rabbit_Grey	Codaflore brumeux	0	507		Capture in the wild (Capture Net)	Honeywoods Grove@-435.5,1252,73.5;Honeywoods Forest@-440.5,918.6,113.6	type:Rabbit,area:Z1
pets	Rabbit_Green	Codaflore des bois	0	508		Capture in the wild (Capture Net)	Honeywoods Grove@-435.5,1252,73.5;Honeywoods Forest@-440.5,918.6,113.6	type:Rabbit,area:Z1
pets	Rabbit_Spark	Codaflore étincelant	0	509		Capture in the wild (Capture Net)	Honeywoods Grove@-435.5,1252,73.5;Honeywoods Forest@-440.5,918.6,113.6	type:Rabbit,area:Z1
pets	Rabbit_Yellow02	Codaflore jaune	0	510		Capture in the wild (Capture Net)	Honeywoods Grove@-435.5,1252,73.5;Honeywoods Forest@-440.5,918.6,113.6	type:Rabbit,area:Z1
pets	Rabbit_Brown	Codaflore marron	0	511		Capture in the wild (Capture Net)	Honeywoods Grove@-435.5,1252,73.5;Honeywoods Forest@-440.5,918.6,113.6	type:Rabbit,area:Z1
pets	Rabbit_Demon	Codaflore nocturne	0	512		Capture in the wild (Capture Net)		type:Rabbit
pets	Rabbit_Pink	Codaflore rose	0	513		Capture in the wild (Capture Net)	Honeywoods Grove@-435.5,1252,73.5;Honeywoods Forest@-440.5,918.6,113.6	type:Rabbit,area:Z1
pets	Rabbit_EarlyAccess_Spark	Codétincelle	0	514		Capture in the wild (Capture Net)		type:Rabbit
pets	DemonDog_Beige	Démodogue beige	0	515		Capture in the wild (Capture Net)	CrimsonIsland Library@586.5,-873,45.8	type:DemonDog,area:Z3
pets	DemonDog_Blue02	Démodogue bleu	0	516		Capture in the wild (Capture Net)	CrimsonIsland Library@586.5,-873,45.8	type:DemonDog,area:Z3
pets	DemonDog_Orange	Démodogue bleu	0	517		Capture in the wild (Capture Net)	CrimsonIsland Library@586.5,-873,45.8	type:DemonDog,area:Z3
pets	DemonDog_Red	Démodogue rouge	0	518		Capture in the wild (Capture Net)	CrimsonIsland Library@586.5,-873,45.8	type:DemonDog,area:Z3
pets	DemonDog_Blue	Démodogue sombre	0	519		Sold by a merchant | Capture in the wild (Capture Net)		type:DemonDog
pets	DemonDog_Purple	Démodogue violet	0	520		Capture in the wild (Capture Net)	CrimsonIsland Library@586.5,-873,45.8	type:DemonDog,area:Z3
pets	Frog_BlueGreen	Grenouflage	0	521		Capture in the wild (Capture Net)	Primevalley Lookout@126.2,854.9,45.6;BelEtir Islets@-882.1,-724,485.3;Enripit Fields@-460.5,564.5,122.8	type:Frog,area:Z1
pets	Frog_Green	Grenouflage des marais	0	522		Capture in the wild (Capture Net)	Primevalley Lookout@126.2,854.9,45.6;Enripit Fields@-460.5,564.5,122.8	type:Frog,area:Z1
pets	Frog_Spark	Grenouflage étincelante	0	523		Capture in the wild (Capture Net)	Primevalley Lookout@126.2,854.9,45.6;Enripit Fields@-460.5,564.5,122.8	type:Frog,area:Z1
pets	Frog_Yellow	Grenouflage jaune	0	524		Capture in the wild (Capture Net)	Primevalley Lookout@126.2,854.9,45.6;Enripit Fields@-460.5,564.5,122.8	type:Frog,area:Z1
pets	Frog_Brown	Grenouflage marron	0	525		Capture in the wild (Capture Net)	Primevalley Lookout@126.2,854.9,45.6;Enripit Fields@-460.5,564.5,122.8	type:Frog,area:Z1
pets	Frog_Demon	Grenouflage nocturne	0	526		Capture in the wild (Capture Net)		type:Frog
pets	Frog_BluePurple	Grenouflage nuageuse	0	527		Capture in the wild (Capture Net)	Primevalley Lookout@126.2,854.9,45.6;Enripit Fields@-460.5,564.5,122.8	type:Frog,area:Z1
pets	Frog_RedOrange	Grenouflage orange	0	528		Capture in the wild (Capture Net)	Primevalley Lookout@126.2,854.9,45.6;Enripit Fields@-460.5,564.5,122.8	type:Frog,area:Z1
pets	Frog_Blue	Grenouflage turquoise	0	529		Capture in the wild (Capture Net)	Primevalley Lookout@126.2,854.9,45.6;Enripit Fields@-460.5,564.5,122.8	type:Frog,area:Z1
pets	Goat_Beige01	Mobêle réduit beige	0	530		Capture in the wild (Capture Net)	CrimsonIsland Garden@739.6,-975.4,130.5	type:Goat,area:Z3
pets	Goat_Beige02	Mobêle réduit blanc	0	531		Capture in the wild (Capture Net)	CrimsonIsland Garden@739.6,-975.4,130.5	type:Goat,area:Z3
pets	Goat_Demon	Mobêle réduit démoniaque	0	532		Sold by a merchant | Capture in the wild (Capture Net)		type:Goat
pets	Goat_Spark	Mobêle réduit étincelant	0	533		Capture in the wild (Capture Net)	CrimsonIsland Garden@739.6,-975.4,130.5	type:Goat,area:Z3
pets	Goat_Grey	Mobêle réduit gris	0	534		Capture in the wild (Capture Net)	CrimsonIsland Garden@739.6,-975.4,130.5	type:Goat,area:Z3
pets	Goat_Brown	Mobêle réduit marron	0	535		Capture in the wild (Capture Net)	CrimsonIsland Garden@739.6,-975.4,130.5	type:Goat,area:Z3
pets	Goat_Black	Mobêle réduit noir	0	536		Capture in the wild (Capture Net)	CrimsonIsland Sacristy@70.4,-868.5,17.3	type:Goat,area:Z3
pets	StinkBug_Green	Parfunsecte	0	537		Capture in the wild (Capture Net)	Krisomal Lighthouse@864.1,1070.9,292.5;Azuram Fields@953.5,202.6,18.9	type:StinkBug,area:Z2
pets	StinkBug_RedOrange	Parfunsecte écarlate	0	538		Capture in the wild (Capture Net)	Krisomal Lighthouse@864.1,1070.9,292.5;Azuram Fields@953.5,202.6,18.9	type:StinkBug,area:Z2
pets	StinkBug_Spark	Parfunsecte étincelant	0	539		Capture in the wild (Capture Net)	Krisomal Lighthouse@864.1,1070.9,292.5;Azuram Fields@953.5,202.6,18.9	type:StinkBug,area:Z2
pets	StinkBug_Demon	Parfunsecte nocturne	0	540		Capture in the wild (Capture Net)		type:StinkBug
pets	StinkBug_Blue	Parfunsecte turquoise	0	541		Capture in the wild (Capture Net)	Krisomal Lighthouse@864.1,1070.9,292.5;Azuram Fields@953.5,202.6,18.9	type:StinkBug,area:Z2
pets	StinkBug_Purple	Parfunsecte violet	0	542		Capture in the wild (Capture Net)	Krisomal Lighthouse@864.1,1070.9,292.5;Azuram Fields@953.5,202.6,18.9	type:StinkBug,area:Z2
pets	Lizard_Green	Saladmandre	0	543		Capture in the wild (Capture Net)	Krisomal South@1288,1227,29.3;Primevalley Island@-13.6,1106.3,250.5;Enripit Crest@-638.6,480.2,-94	type:Lizard,area:Z1,area:Z2
pets	Lizard_Blue	Saladmandre bleue	0	544		Capture in the wild (Capture Net)	Krisomal South@1288,1227,29.3;Primevalley Island@-13.6,1106.3,250.5;Enripit Crest@-638.6,480.2,-94	type:Lizard,area:Z1,area:Z2
pets	Lizard_BlueOrange	Saladmandre clown	0	545		Capture in the wild (Capture Net)	Eksod Kobolds@1098.7,-1093.2,18.3	type:Lizard,area:Z2
pets	Lizard_RedOrange	Saladmandre écarlate	0	546		Capture in the wild (Capture Net)	Krisomal South@1288,1227,29.3;Primevalley Island@-13.6,1106.3,250.5;Enripit Crest@-638.6,480.2,-94	type:Lizard,area:Z1,area:Z2
pets	Lizard_Spark	Saladmandre étincelante	0	547		Capture in the wild (Capture Net)	Krisomal South@1288,1227,29.3;Primevalley Island@-13.6,1106.3,250.5;Enripit Crest@-638.6,480.2,-94	type:Lizard,area:Z1,area:Z2
pets	Lizard_Yellow	Saladmandre jaune	0	548		Capture in the wild (Capture Net)	Krisomal South@1288,1227,29.3;Primevalley Island@-13.6,1106.3,250.5;Enripit Crest@-638.6,480.2,-94	type:Lizard,area:Z1,area:Z2
pets	Lizard_Demon	Saladmandre nocturne	0	549		Capture in the wild (Capture Net)		type:Lizard
pets	Turtle_Grey	Tortroc	0	550		Capture in the wild (Capture Net)	Nescent Flowers@1974.8,-11.8,59.3	type:Turtle,area:Z2
pets	Turtle_Spark	Tortroc étincelante	0	551		Capture in the wild (Capture Net)	Nescent Flowers@1974.8,-11.8,59.3	type:Turtle,area:Z2
pets	Turtle_Yellow	Tortroc jaune	0	552		Capture in the wild (Capture Net)	Nescent Flowers@1974.8,-11.8,59.3	type:Turtle,area:Z2
pets	Turtle_Demon	Tortroc nocturne	0	553		Capture in the wild (Capture Net)		type:Turtle
pets	Turtle_Pink	Tortroc rose	0	554		Capture in the wild (Capture Net)	Nescent Flowers@1974.8,-11.8,59.3	type:Turtle,area:Z2
pets	Turtle_Red	Tortroc rouge	0	555		Capture in the wild (Capture Net)	Nescent Flowers@1974.8,-11.8,59.3	type:Turtle,area:Z2
pets	Turtle_Blue	Tortroc turquoise	0	556		Capture in the wild (Capture Net)	Nescent Flowers@1974.8,-11.8,59.3	type:Turtle,area:Z2
pets	Turtle_Green	Tortroc verte	0	557		Capture in the wild (Capture Net)	Nescent Flowers@1974.8,-11.8,59.3	type:Turtle,area:Z2
pets	Squirrel_Green	Tranchefeuille automnal	0	558		Capture in the wild (Capture Net)	Eksod Mount@1499.8,-395,131.3;Krisomal Cliff@1766,648,152.3	type:Squirrel,area:Z2
pets	Squirrel_Demon	Tranchefeuille démoniaque	0	559		Capture in the wild (Capture Net)		type:Squirrel
pets	Squirrel_Spark	Tranchefeuille étincelant	0	560		Capture in the wild (Capture Net)	Eksod Mount@1499.8,-395,131.3;Krisomal Cliff@1766,648,152.3	type:Squirrel,area:Z2
pets	Squirrel_Grey	Tranchefeuille gris	0	561		Capture in the wild (Capture Net)	Eksod Mount@1499.8,-395,131.3;Krisomal Cliff@1766,648,152.3	type:Squirrel,area:Z2
pets	Squirrel_Brown	Tranchefeuille marron	0	562		Capture in the wild (Capture Net)	Eksod Mount@1499.8,-395,131.3;Krisomal Cliff@1766,648,152.3	type:Squirrel,area:Z2
pets	Squirrel_Red	Tranchefeuille rouge	0	563		Capture in the wild (Capture Net)	Eksod Mount@1499.8,-395,131.3;Krisomal Cliff@1766,648,152.3	type:Squirrel,area:Z2
pets	Squirrel_Blue	Tranchefeuille vert	0	564		Capture in the wild (Capture Net)	Eksod Mount@1499.8,-395,131.3;Krisomal Cliff@1766,648,152.3	type:Squirrel,area:Z2
gliders	Glider_Falcon_Red	Becaplume d'Egheret	3	565				type:Falcon
gliders	Glider_Falcon_Green	Becaplume d'Eksode	3	566				type:Falcon
gliders	Glider_Falcon_Brown	Becaplume d'Enripit	3	567				type:Falcon
gliders	Glider_Falcon_White	Becaplume d'Obral	3	568				type:Falcon
gliders	Glider_Falcon_Blue	Becaplume de Mérops	3	569				type:Falcon
gliders	Glider_Falcon_Black	Becaplume de Navelin	3	570				type:Falcon
gliders	Glider_Falcon_Grey	Becaplume de Skover	3	571				type:Falcon
gliders	Glider_Crimson05	Bélier-parapentiste croisé	3	572				type:Crimson
gliders	Glider_Crimson03	Bélier-parapentiste des nuées	3	573		Achievement: Collection de Bélinbourg - Récupérez tous les orbes secrets de Bélinbourg.		type:Crimson
gliders	Glider_Crimson06	Bélier-parapentiste écarlate	3	574				type:Crimson
gliders	Glider_Crimson04	Bélier-parapentiste nocturne	3	575				type:Crimson
gliders	Glider_Crimson02	Bélier-parapentiste urbain	3	576				type:Crimson
gliders	Glider_Bat_Brown	Chauve-souris d'Enripit	3	577		Drops: Kobold (rare)		type:Bat
gliders	Glider_Bat_WhiteBlack	Chauve-souris de Krisomal	3	578		Drops: world boss Roi Ratsar (rare)	Roi Ratsar - Dungeon entrance - Enripit Hollow@-652.1,312.2,2.3	type:Bat
gliders	Glider_Bat_BlackWhite	Chauve-souris de Navelin	3	579		Drops: world boss Reblochonk (rare)	Reblochonk - Dungeon entrance - Primevalley Meadows@-394.3,1331.6,51.1	type:Bat
gliders	Glider_Bat_Demon	Chauve-souris de Niflel	3	580		Drops: demon soulstones (zone 2) (rare)		type:Bat
gliders	Glider_Bat_Grey	Chauve-souris de Skover	3	581				type:Bat
gliders	Glider_Bat_Burning	Chauve-souris incandescente	3	582		Achievement: Obtenez 25 Gliders		type:Bat
gliders	Glider_Dragon_Orange	Dragon d'Antélimbe	3	583				type:Dragon
gliders	Glider_Dragon_Lava	Dragon d'Ébral	3	584		Drops: world boss Golcan (rare)	Golcan - Dungeon entrance - Azuram Mound Cave@969.7,624,13.5	type:Dragon
gliders	Glider_Dragon_BlueGreen	Dragon d'Eksode	3	585		Achievement: Chasse aux orbes secrets - Terminez tous les succès de récupération d'orbes secrets dans les donjons de l'Île de Skover.		type:Dragon
gliders	Glider_Dragon_Blue	Dragon de Mérops	3	586				type:Dragon
gliders	Glider_Dragon_Demon	Dragon de Niflel	3	587		Drops: Demonic Rifts	Rift - Krisomal North@1550.3,999.6,211.5	type:Dragon
gliders	Glider_Dragon_Yellow	Dragon de Semeru	3	588		Drops: Vault of zone 2 (tier 1)	Vault - Krisomal Chapel@1447.6,1072.5,16.5	type:Dragon
gliders	Glider_Dragon_Pink	Dragon rose	3	589		Achievement: Obtenez 50 Gliders		type:Dragon
gliders	Glider_Demon_Red02	Espupille courroucé	3	590		Sold by a merchant	Zoey, Demon Huntress - Azuram Hub@1312.9,72.6,172.5;Zoey, Demon Huntress - CrimsonIsland South@586.2,-80.5,57;Zoey, Demon Huntress - Primevalley Hub@-339.4,1416.4,52.5	type:Demon
gliders	Glider_Demon_Red01	Espupille enragé	3	591		Achievement: Équipe de rêve - Fermez 10 portes d'une faille.		type:Demon
gliders	Glider_Demon_Blue	Espupille furieux	3	592		Sold by a merchant	Zoey, Demon Huntress - Azuram Hub@1312.9,72.6,172.5;Zoey, Demon Huntress - CrimsonIsland South@586.2,-80.5,57;Zoey, Demon Huntress - Primevalley Hub@-339.4,1416.4,52.5	type:Demon
gliders	Glider_Demon_Purple	Espupille haineux	3	593		Drops: Shaarlize LT2 (rare)		type:Demon
gliders	Glider_Demon_Grey	Espupille irascible	3	594		Drops: Vault of zone 3 (tier 1)	Vault - CrimsonIsland Sacristy@-14.9,-800.9,28.5	type:Demon
gliders	Glider_Demon_Blue02	Espupille irritable	3	595		Drops: Demonic Rifts (rare)	Rift - Krisomal North@1550.3,999.6,211.5	type:Demon
gliders	Glider_Pigeon_Purple	Gourmet	3	596		Drops: Ramburg	Chests - CrimsonIsland South@372.5,-446.8,138.5	type:Pigeon
gliders	Glider_Owl_Brown02	Hibou d'Almaz	3	597		Sold by a merchant	MountTamer_NPC_1 - Primevalley Hub@-397.3,1502.1,57.8	type:Owl
gliders	Glider_Owl_Brown	Hibou d'Enripit	3	598				type:Owl
gliders	Glider_Owl_Grey	Hibou de Bélazur	3	599				type:Owl
gliders	Glider_Owl_BlackWarm	Hibou de Krisomal	3	600		Achievement: Collection de l'Île de Skover - Récupérez tous les orbes secrets de l'Île de Skover.		type:Owl
gliders	Glider_Owl_PurpleGrey	Hibou de Ponog	3	601		Sold by a merchant	MountTamer_NPC_1 - Primevalley Hub@-397.3,1502.1,57.8	type:Owl
gliders	Glider_Owl_BlueGrey	Hibou de Zerzur	3	602		Sold by a merchant	MountTamer_NPC_1 - Primevalley Hub@-397.3,1502.1,57.8	type:Owl
gliders	Glider_Pigeon_Grey02	Loyal	3	603		Drops: Ramburg	Chests - CrimsonIsland South@405,-126.4,105.8	type:Pigeon
gliders	Glider_Butterfly_Orange	Phalène d'Antélimbe	3	604				type:Butterfly
gliders	Glider_Butterfly_Green	Phalène d'Eksode	3	605		Achievement: Chasse aux orbes secrets - Terminez tous les succès de récupération d'orbes secrets dans les donjons de la Vallée de l'éternel automne.		type:Butterfly
gliders	Glider_Butterfly_Blue	Phalène de Mérops	3	606		Drops: Vault of zone 2 (tier 2)	Vault - Nescent Thorn@1741.7,-210.3,-6	type:Butterfly
gliders	Glider_Butterfly_Demon	Phalène de Niflel	3	607		Achievement: Chasse aux orbes secrets - Terminez tous les succès de récupération d'orbes secrets dans les donjons de Bélinbourg.		type:Butterfly
gliders	Glider_Butterfly_Yellow	Phalène de Semeru	3	608		Drops: world boss Gatsbeille (rare)	Gatsbeille - Dungeon entrance - Honeywoods Cave@-1095.3,878.3,19.8	type:Butterfly
gliders	Glider_Butterfly_Pink	Phalène rose	3	609				type:Butterfly
gliders	Glider_Sprout_Orange	Piafagrain d'Antélimbe	3	610		Named in 1 chest at 1%		type:Sprout
gliders	Glider_Sprout_Red	Piafagrain d'Egheret	3	611		Drops: Vault of zone 2 (tier 3)	Vault - Eksod Kobolds@1098.3,-1132.6,44.3	type:Sprout
gliders	Glider_Sprout_Green	Piafagrain d'Eksode	3	612		Drops: Sprouts (rare)		type:Sprout
gliders	Glider_Sprout_WhitePink	Piafagrain de Navelin	3	613		Achievement: Obtenez 10 Gliders		type:Sprout
gliders	Glider_Sprout_Yellow	Piafagrain de Semeru	3	614				type:Sprout
gliders	Glider_Sprout_Brown	Piafagrain de Skover	3	615				type:Sprout
gliders	Glider_FlyingFish_Acid	Poissalifère acide	3	616		Drops: world boss Blob l'éponge (rare)	Blob l'éponge - Dungeon entrance - Krisomal Abyss@1490,1551,-88.5	type:FlyingFish
gliders	Glider_FlyingFish_Orange	Poissalifère d'Antélimbe	3	617		Drops: world boss Nepsilon (rare)	Nepsilon - Dungeon entrance - Meridion POI@-108.8,1870.7,6	type:FlyingFish
gliders	Glider_FlyingFish_Red	Poissalifère d'Egheret	3	618		Drops: Vault of zone 1 (tier 1)	Vault - Primevalley Coast@-114.1,1308,-6.7	type:FlyingFish
gliders	Glider_FlyingFish_BlueGreen	Poissalifère de Mérops	3	619		Drops: Manfish (rare)		type:FlyingFish
gliders	Glider_FlyingFish_Demon	Poissalifère de Niflel	3	620		Drops: demon soulstones (zone 1) (rare)		type:FlyingFish
gliders	Glider_FlyingFish_Green	Poissalifère de Skover	3	621				type:FlyingFish
gliders	Glider_Crimson01	Premier bélier-parapentiste	3	622		Drops: world boss Robin des Cornes (rare)	Robin des Cornes - Dungeon entrance - CrimsonIsland Barracks@390.5,-283.4,78.4	type:Crimson
gliders	Glider_Butterfly_EA_Spark	Protophalène étincelante	3	623				type:Butterfly
gliders	Glider_Pigeon_Beige	Rapide	3	624		Drops: Ramburg	Chests - CrimsonIsland South@494.9,-283.5,108.8	type:Pigeon
gliders	Glider_Raccoon_Orange	Raton laveur d'Antélimbe	3	625				type:Raccoon
gliders	Glider_Raccoon_Brown02	Raton laveur d'Enripit	3	626		Sold by a merchant	MountTamer_NPC_2 - Azuram Highland@1218.4,221.6,18.5	type:Raccoon
gliders	Glider_Raccoon_BlackBrown	Raton laveur de Krisomal	3	627		Achievement: Collection de la Vallée de l'éternel automne - Récupérez tous les orbes secrets de la Vallée de l'éternel automne.		type:Raccoon
gliders	Glider_Raccoon_Brown01	Raton laveur de Semeru	3	628		Sold by a merchant	MountTamer_NPC_2 - Azuram Highland@1218.4,221.6,18.5	type:Raccoon
gliders	Glider_Raccoon_Grey	Raton laveur de Skover	3	629				type:Raccoon
gliders	Glider_Raccoon_BlueGrey	Raton laveur de Zerzur	3	630		Sold by a merchant	MountTamer_NPC_2 - Azuram Highland@1218.4,221.6,18.5	type:Raccoon
gliders	Glider_Pigeon_Grey	Vaillant	3	631		Drops: Ramburg	Chests - CrimsonIsland South@568,-188.7,142.6	type:Pigeon
gliders	Glider_Pigeon_Blue	Vertueux	3	632		Drops: Ramburg	Chests - CrimsonIsland South@742.5,-172.9,131.6	type:Pigeon
trinkets	Necklace_Z1_Ap	Amulette de Fracture	1	633		Uncommon drop from Île de Skover enemies		type:Necklace
trinkets	Necklace_Z1_Mp	Amulette de Lucidité	1	633		Uncommon drop from Île de Skover enemies		type:Necklace
trinkets	Necklace_Z1_Cri	Amulette de Précision	1	633		Uncommon drop from Île de Skover enemies		type:Necklace
trinkets	Necklace_Z1_Vit	Amulette de Vitalité	1	633		Uncommon drop from Île de Skover enemies		type:Necklace
trinkets	Necklace_Z1_Fer	Amulette de Zèle	1	633		Uncommon drop from Île de Skover enemies		type:Necklace
trinkets	Finger_Ap	Anneau de Fracture	1	634				type:Ring
trinkets	Finger_Mp	Anneau de Lucidité	1	634				type:Ring
trinkets	Finger_Cri	Anneau de Précision	1	634				type:Ring
trinkets	Finger_Z1_Vit	Anneau de Vitalité	1	634		Uncommon drop from Île de Skover enemies		type:Ring
trinkets	Finger_Fer	Anneau de Zèle	1	634				type:Ring
trinkets	Finger_Z2_Ap	Annelet de Fracture	1	635		Uncommon drop from Vallée de l'éternel automne enemies		type:Ring
trinkets	Finger_Z2_Mp	Annelet de Lucidité	1	635		Uncommon drop from Vallée de l'éternel automne enemies		type:Ring
trinkets	Finger_Z2_Cri	Annelet de Précision	1	635		Uncommon drop from Vallée de l'éternel automne enemies		type:Ring
trinkets	Finger_Z2_Fer	Annelet de Zèle	1	635		Uncommon drop from Vallée de l'éternel automne enemies		type:Ring
trinkets	Finger_Z1RCraft_Ap	Cercle de fracture	2	636		Craft: Jeweller (lvl 1)		type:Ring
trinkets	Finger_Z1RCraft_Mp	Cercle de lucidité	2	637		Craft: Jeweller (lvl 1)		type:Ring
trinkets	Finger_Z1RCraft_Cri	Cercle de précision	2	636		Craft: Jeweller (lvl 1)		type:Ring
trinkets	Finger_Z1RCraft_Fer	Cercle de zèle	2	637		Craft: Jeweller (lvl 1)		type:Ring
trinkets	Trinket_Bee	Coeur de fleur éternel	2	638		Drops from Bee enemies	Bee - Nescent Hive@2074.8,141.1,-21.7;Bee - Honeywoods Canopy@-1060.4,908.6,195.2;Bee - Nescent Hive@2059.1,310,41.2	type:Trinket
trinkets	PurifiedHeart	Coeur purifié	2	639		Craft: Alchemist (lvl 4)		type:Trinket
trinkets	Necklace_Z2_Ap	Collier de Fracture	1	640		Uncommon drop from Vallée de l'éternel automne enemies		type:Necklace
trinkets	Necklace_Z2_Mp	Collier de Lucidité	1	640		Uncommon drop from Vallée de l'éternel automne enemies		type:Necklace
trinkets	Necklace_Z2_Cri	Collier de Précision	1	640		Uncommon drop from Vallée de l'éternel automne enemies		type:Necklace
trinkets	Necklace_Z2_Fer	Collier de Zèle	1	640		Uncommon drop from Vallée de l'éternel automne enemies		type:Necklace
trinkets	InfusedTusk	Défense imprégnée	2	641		Craft: Alchemist (lvl 3)		type:Trinket
trinkets	Trinket_Demon	Doigt de Sukuna'Maatata	2	642		Drops: Demonic Rifts	Rift - Krisomal North@1550.3,999.6,211.5	type:Trinket
trinkets	Necklace_Z1RCraft	Pendentif de Polyvalence	2	643		Craft: Jeweller (lvl 1)		type:Necklace
trinkets	Necklace_Z2RCraft	Pendentif de Souplesse	2	644		Craft: Jeweller (lvl 5)		type:Necklace
trinkets	PrismaticPearl	Perle prismatique	2	645		Craft: Alchemist (lvl 4)		type:Trinket
trinkets	StoneOfPower	Pierre de puissance	2	646		Craft: Alchemist (lvl 1)		type:Trinket
trinkets	StoneOfCunning	Pierre de ruse	2	647		Craft: Alchemist (lvl 1)		type:Trinket
trinkets	StoneOfWisdom	Pierre de sagesse	2	648		Craft: Alchemist (lvl 1)		type:Trinket
trinkets	StoneOfRighteousness	Pierre de vertu	2	646		Craft: Alchemist (lvl 1)		type:Trinket
trinkets	PhilosopherStone	Pierre philosophale	2	649		Craft: Alchemist (lvl 2)		type:Trinket
trinkets	Trinket_Kobold	Poêlon à raclette	2	650		Drops from Kobold enemies	Kobold - Eksod Kobolds@1100.1,-914.2,1.2;Kobold - Enripit Hollow@-567.2,388.7,3;Kobold - Enripit Hollow@-286.2,824.9,54.5	type:Trinket
trinkets	Trinket_Manfish	Poétrident	2	651		Drops from Manfish enemies	Manfish - Meridion Ruins@-199.2,1739.9,6.2;Manfish - Meridion Beach@-225.7,1943.9,5.8;Manfish - Krisomal Priaire@1786,642.2,4.9	type:Trinket
trinkets	Trinket_Crimson	Relique retrouvée	2	652		Drops from Crimson enemies	Crimson - CrimsonIsland Cathedral@542.1,-860.5,219.8;Crimson - Krisomal Priaire@1242.8,714.8,101.4;Crimson - CrimsonIsland South@318.6,-592.2,111.5	type:Trinket
trinkets	Finger_Z2RCraft_CriAP	Sceau de combattant	2	653		Craft: Jeweller (lvl 3)		type:Ring
trinkets	Finger_Z2RCraft_FerMP	Sceau de sorcier	2	654		Craft: Jeweller (lvl 3)		type:Ring
trinkets	Finger_Z3RCraft_Ap	Solitaire de Fracture	2	655		Craft: Jeweller (lvl 6)		type:Ring
trinkets	Finger_Z3RCraft_Mp	Solitaire de Lucidité	2	655		Craft: Jeweller (lvl 6)		type:Ring
trinkets	Finger_Z3RCraft_Cri	Solitaire de Précision	2	655		Craft: Jeweller (lvl 6)		type:Ring
trinkets	Finger_Z3RCraft_Fer	Solitaire de zèle	2	655		Craft: Jeweller (lvl 6)		type:Ring
weapons	Spear_Goo	Aiguillon de cérémonie de dame Abeille	2	656		Drops: world boss Gatsbeille (rare)	Gatsbeille - Dungeon entrance - Honeywoods Cave@-1095.3,878.3,19.8	class:Warrior,class:Mage,mastery:8/20
weapons	Mace_Benediction	Amon Arès, le créateur	2	657		Drops: world boss Grand inquisiteur Chakragnel (rare)	Grand inquisiteur Chakragnel - Dungeon entrance - CrimsonIsland Sacristy@118.4,-864.1,281.4	class:Warrior,class:Priest,mastery:6/20
weapons	Fists_LightMonk	Béliérus et Bélius	2	658		Drops: world boss Robin des Cornes (rare)	Robin des Cornes - Dungeon entrance - CrimsonIsland Barracks@390.5,-283.4,78.4	class:Rogue,class:Priest,mastery:8/20
weapons	Shield_Start	Bouclier rudimentaire	1	659		Sold by a merchant	WanderingMerchant_Npc_Azuram - Azuram Hub@1307,77.6,172.6;WanderingMerchant_Npc_Crimson - CrimsonIsland South@573.1,-85.1,57	class:Warrior,mastery:2/26
weapons	Daggers_DuplicatePoison	Canines jumelles de Ratsar	2	660		Drops: world boss Roi Ratsar (rare)	Roi Ratsar - Dungeon entrance - Enripit Hollow@-652.1,312.2,2.3	class:Rogue,mastery:8/20
weapons	Bow_BigGame	Cornes des vents	2	661		Drops: world boss Blob l'éponge (rare), world boss Robin des Cornes (rare)	Blob l'éponge - Dungeon entrance - Krisomal Abyss@1490,1551,-88.5;Robin des Cornes - Dungeon entrance - CrimsonIsland Barracks@390.5,-283.4,78.4	class:Rogue,class:Mage,mastery:8/20
weapons	Daggers_Start	Couteaux rouillés	1	662		Sold by a merchant	WanderingMerchant_Npc_Azuram - Azuram Hub@1307,77.6,172.6;WanderingMerchant_Npc_Crimson - CrimsonIsland South@573.1,-85.1,57	class:Rogue,mastery:6/20
weapons	Bow_Craft	Croyance	2	663		Drops: Z1 Start WeaponWithAffinity | Sold by a merchant	WanderingMerchant_Npc_Azuram - Azuram Hub@1307,77.6,172.6;WanderingMerchant_Npc_Crimson - CrimsonIsland South@573.1,-85.1,57	class:Rogue,mastery:8/20
weapons	Spear_Eruption	Cure-dent de Gorgone Ratsay	2	664		Drops: world boss Golcan (rare)	Golcan - Dungeon entrance - Azuram Mound Cave@969.7,624,13.5	class:Rogue,class:Priest,mastery:8/20
weapons	Crescent_FlowerSpiral	Dentelle épineuse	2	665		Drops: world boss Gatsbeille (rare)	Gatsbeille - Dungeon entrance - Honeywoods Cave@-1095.3,878.3,19.8	class:Rogue,class:Priest,mastery:8/20
weapons	Shield_Craft	Domination	2	666		Sold by a merchant	WanderingMerchant_Npc_Azuram - Azuram Hub@1307,77.6,172.6;WanderingMerchant_Npc_Crimson - CrimsonIsland South@573.1,-85.1,57	class:Warrior,class:Priest,mastery:4/26
weapons	Staff_Censer	Encensoir du Creux laineux	2	667		Drops: world boss Grand inquisiteur Chakragnel (rare)	Grand inquisiteur Chakragnel - Dungeon entrance - CrimsonIsland Sacristy@118.4,-864.1,281.4	class:Mage,class:Priest,mastery:8/20
weapons	Sword_Start	Épée d'entraînement légère	1	668		Sold by a merchant	WanderingMerchant_Npc_Azuram - Azuram Hub@1307,77.6,172.6;WanderingMerchant_Npc_Crimson - CrimsonIsland South@573.1,-85.1,57	class:Warrior,mastery:4/20
weapons	GA_Demon	Fendeuse de mondes	2	669		Drops: Demonic Rifts, Maat (rare)	Rift - Krisomal North@1550.3,999.6,211.5	class:Warrior,class:Priest,mastery:8/20
weapons	Scepter_Flamie	Flamme d'Argol	2	670		Drops: Z1 Start WeaponWithAffinity, world boss Reblochonk (rare)	Reblochonk - Dungeon entrance - Primevalley Meadows@-394.3,1331.6,51.1	class:Priest,mastery:8/20
weapons	Sword_Swarm	Furabeille, la sainte lame du Découvreur	2	671		Drops: world boss Dame Beille (rare)	Dame Beille - Dungeon entrance - Honeywoods Canopy@-1088.7,716.9,399	class:Warrior,class:Priest,mastery:6/20
weapons	Sword_Craft	Gloire	2	672		Sold by a merchant	WanderingMerchant_Npc_Azuram - Azuram Hub@1307,77.6,172.6;WanderingMerchant_Npc_Crimson - CrimsonIsland South@573.1,-85.1,57	class:Warrior,class:Priest,mastery:6/20
weapons	Net_Basic	Grand filet à papillons	2	673		Sold by a merchant	WanderingMerchant_Npc_Azuram - Azuram Hub@1307,77.6,172.6;WanderingMerchant_Npc_Crimson - CrimsonIsland South@573.1,-85.1,57;WanderingMerchant_NPC_Primevalley_1 - Primevalley Hub@-333.3,1421.2,52.5	class:Any,mastery:0/20
weapons	Fists_WaterUppecut	Griffus	2	674		Drops: world boss Crabgantua (rare)	Crabgantua - Dungeon entrance - Primevalley Coast@253.5,1314.5,-87.8	class:Rogue,class:Mage,mastery:8/20
weapons	Book_Start	Grimoire d'apprenti	1	675		Sold by a merchant	WanderingMerchant_Npc_Azuram - Azuram Hub@1307,77.6,172.6;WanderingMerchant_Npc_Crimson - CrimsonIsland South@573.1,-85.1,57	class:Mage,mastery:6/20
weapons	Thrown_Seeds	Ipheion, des étoiles dans les yeux	2	676		Drops: world boss Dame Beille (rare)	Dame Beille - Dungeon entrance - Honeywoods Canopy@-1088.7,716.9,399	class:Rogue,class:Mage,mastery:8/20
weapons	GA_Craft	Jugement	2	677		Drops: Z1 Start WeaponWithAffinity, world boss Munster Chuck (rare) | Sold by a merchant	WanderingMerchant_Npc_Azuram - Azuram Hub@1307,77.6,172.6;WanderingMerchant_Npc_Crimson - CrimsonIsland South@573.1,-85.1,57	class:Warrior,mastery:8/20
weapons	Daggers_Demondash	Libératrices de Nibsham	2	678		Drops: Demonic Rifts, Maat (rare)	Rift - Krisomal North@1550.3,999.6,211.5	class:Rogue,class:Mage,mastery:8/20
weapons	Book_WaterOrbs	Livre de Mi'Mizan	2	679		Drops: world boss Blob l'éponge (rare)	Blob l'éponge - Dungeon entrance - Krisomal Abyss@1490,1551,-88.5	class:Mage,class:Priest,mastery:8/20
weapons	Axe_Boomerang	Lune fromagère	2	680		Drops: world boss Reblochonk (rare)	Reblochonk - Dungeon entrance - Primevalley Meadows@-394.3,1331.6,51.1	class:Warrior,class:Rogue,mastery:6/20
weapons	Shield_Firebreath	Magma Mia	2	681		Drops: world boss Golcan (rare)	Golcan - Dungeon entrance - Azuram Mound Cave@969.7,624,13.5	class:Warrior,class:Mage,mastery:4/26
weapons	GS_Nova	Martyr d'Enripit	2	682		Drops: world boss Roi Ratsar (rare)	Roi Ratsar - Dungeon entrance - Enripit Hollow@-652.1,312.2,2.3	class:Warrior,mastery:8/20
weapons	Halos_Demon	Miroirs des noctes-déesses	2	683		Drops: Demonic Rifts, Shaarlize (rare)	Rift - Krisomal North@1550.3,999.6,211.5	class:Mage,class:Priest,mastery:8/20
weapons	DA_Water	Nageoires d'acier du Léviathan	2	684		Drops: Z1 Start WeaponWithAffinity, world boss Nepsilon (rare)	Nepsilon - Dungeon entrance - Meridion POI@-108.8,1870.7,6	class:Warrior,class:Rogue,mastery:8/20
weapons	Halos_Totem	Palourdes fantômes de marée basse	2	685		Drops: Z1 Start WeaponWithAffinity, world boss Nepsilon (rare)	Nepsilon - Dungeon entrance - Meridion POI@-108.8,1870.7,6	class:Mage,class:Priest,mastery:8/20
weapons	DM_Multispin	Piliers jumeaux de la justice	2	686		Drops: world boss Munster Chuck (rare)		class:Warrior,class:Rogue,mastery:8/20
weapons	Staff_Craft	Radiance	2	687		Drops: Z1 Start WeaponWithAffinity | Sold by a merchant	WanderingMerchant_Npc_Azuram - Azuram Hub@1307,77.6,172.6;WanderingMerchant_Npc_Crimson - CrimsonIsland South@573.1,-85.1,57	class:Mage,mastery:8/20
weapons	Shield_OrbitWater	Rotule de Crabgantua	2	688		Drops: world boss Crabgantua (rare)	Crabgantua - Dungeon entrance - Primevalley Coast@253.5,1314.5,-87.8	class:Warrior,class:Priest,mastery:4/26
weapons	GM_MassGrab	Ruche de poche	2	689		Drops: world boss Reine Élizabeille (rare)	Reine Élizabeille - Dungeon entrance - Nescent Hive@2087.7,161.4,-293.2	class:Warrior,class:Priest,mastery:8/20
weapons	DS_Z1RBee_AssWiz	Sabrailes	2	690		Drops: world boss Reine Élizabeille (rare)	Reine Élizabeille - Dungeon entrance - Nescent Hive@2087.7,161.4,-293.2	class:Warrior,class:Mage,mastery:8/20
weapons	Scepter_Start	Sceptre de répétition	1	691		Sold by a merchant	WanderingMerchant_Npc_Azuram - Azuram Hub@1307,77.6,172.6;WanderingMerchant_Npc_Crimson - CrimsonIsland South@573.1,-85.1,57	class:Priest,mastery:6/20
weapons	Staff_SummonDemon	Silhouette d'Almaz	2	692		Drops: Demonic Rifts, Shaarlize (rare)	Rift - Krisomal North@1550.3,999.6,211.5	class:Mage,mastery:8/20
consumables	Cook_Demon_6	Ailes épicées	0	693		Craft: Cook (lvl 6), recipe from Recipe_Cook_Demon_6		type:Food
consumables	Cook_Demon_2	Ailes iodées sans peau	0	694		Craft: Cook (lvl 6), recipe from Recipe_Cook_Demon_2		type:Food
consumables	Wheat	Blé	0	695		Drops: Sprouts		type:Food
consumables	Cheese_Z2	Bleu de Bélinbourg	0	696		Drops: Crimson, Kobold		type:Food
consumables	Cook_7	Bonbons aromatisés	0	697		Craft: Cook (lvl 2), recipe from Recipe_Cook_7		type:Food
consumables	Pike	Brochet	0	698		Drops: Manfish		type:Food
consumables	Cook_15	Brochet en papillote	0	699		Craft: Cook (lvl 4), recipe from Recipe_Cook_15		type:Food
consumables	Cook_Demon_3	Brochettes caudales grillées	0	700		Craft: Cook (lvl 6), recipe from Recipe_Cook_Demon_3		type:Food
consumables	WolfMeat_Z1	Chair de loup	0	701		Drops: Wolf		type:Food
consumables	SkunkMeat_Z1	Chair de putois	0	702		Drops: Skunk		type:Food
consumables	BoarMeat_Z1	Chair de sanglier	0	703		Drops: Boar		type:Food
consumables	SmallAlchemistCauldron	Chaudron d'alchimie mineur	2	704	Increase your afx_atb, afx_atb1, afx_atb2 and afx_atb3 by afx_val.	Craft: Alchemist (lvl 5)		type:Elixir
consumables	Pumpkin	Citrouille	0	705		Drops: Crimson		type:Food
consumables	Cook_Demon_1	Corne en sauce	0	706		Craft: Cook (lvl 6), recipe from Recipe_Cook_Demon_1		type:Food
consumables	Cook_2	Côtelettes de loup grillées	0	707		Craft: Cook (lvl 2), recipe from Recipe_Cook_2		type:Food
consumables	Cook_9	Coyote fumé	0	708		Craft: Cook (lvl 3)		type:Food
consumables	DrippingDebris	Débris dégoulinant	0	709				type:Usable
consumables	DemonicSoul_CapacityIncrease_1	DemonicSoul_CapacityIncrease_1	2	710				type:Consumable
consumables	DemonicSoul_CapacityIncrease_2	DemonicSoul_CapacityIncrease_2	2	711				type:Consumable
consumables	ElixirOfAbundance	Élixir d'Abondance	0	712		Craft: Alchemist (lvl 2), recipe from Recipe_ElixirOfAbundance		type:Elixir
consumables	ElixirOfArmor_Z2	Élixir d'Armure	0	713		Craft: Alchemist (lvl 5), recipe from Recipe_ElixirOfArmor_Z2		type:Elixir
consumables	ElixirofMinorArmor	Élixir d'Armure mineur	0	714		Craft: Alchemist (lvl 2), recipe from Recipe_ElixirofMinorArmor		type:Elixir
consumables	ElixirOfIntelligence_Z2	Élixir d'Intelligence	0	715		Craft: Alchemist (lvl 4)		type:Elixir
consumables	ElixirOfMinorIntelligence	Élixir d'Intelligence mineur	0	716		Craft: Alchemist (lvl 1)		type:Elixir
consumables	ElixirOfDexterity_Z2	Élixir de Dextérité	0	717		Craft: Alchemist (lvl 4)		type:Elixir
consumables	ElixirOfMinorDexterity	Élixir de Dextérité mineur	0	718		Craft: Alchemist (lvl 1)		type:Elixir
consumables	ElixirOfFaith_Z2	Élixir de Foi	0	719		Craft: Alchemist (lvl 4)		type:Elixir
consumables	ElixirOfMinorFaith	Élixir de Foi mineur	0	720		Craft: Alchemist (lvl 1)		type:Elixir
consumables	ElixirOfStrength_Z2	Élixir de Force	0	721		Craft: Alchemist (lvl 4)		type:Elixir
consumables	ElixirOfMinorStrength	Élixir de force mineur	0	722		Craft: Alchemist (lvl 1)		type:Elixir
consumables	Cook_Demon_5	Entre ténèbres et mer	0	723		Craft: Cook (lvl 6), recipe from Recipe_Cook_Demon_5		type:Food
consumables	Feast	Festin de marche-plaines	2	724		Craft: Cook (lvl 5)		type:Food
consumables	RefillableFlask	Flasque d'Hess'tuss	0	725				type:HealthPotion
consumables	Cook_14	Fondue de Bélinbourg	0	726		Craft: Cook (lvl 4), recipe from Recipe_Cook_14		type:Food
consumables	Cook_4	Formage aux herbes fondu	0	727		Craft: Cook (lvl 2)		type:Food
consumables	Cook_11	Garbure de mendiant	0	728		Craft: Cook (lvl 4)		type:Food
consumables	RoyalJelly	Gelée royale	0	729		Drops: Bee		type:Food
consumables	Cook_3	Goulasch de crabe	0	730		Craft: Cook (lvl 1)		type:Food
consumables	Fat	Graisse	0	731		Drops: Boar		type:Food
consumables	Cheese_Z1	Gruyère kobold	0	732		Drops: Kobold		type:Food
consumables	SkillPointBook_Red	Manuel de formation	1	733	Octroie un point de rang WeaponSkill.	Quest reward: Up to the Task (Primevalley Hub), Where the Rain Never Stops (Meridion Creek) | Drops: World crates	Chests - Primevalley Island@39.6,1099.6,58.2;Chests - Krisomal North@1465.4,1317.2,56;Chests - Azuram Mound@874.1,762.5,99.5;Up to the Task - Primevalley Hub@-373.3,1457.8,50,q:NPC_Scout;Where the Rain Never Stops - Meridion Creek@-813.1,1764.3,1.8,q:Haydn_NPC_Meridion	type:SkillPointBook
consumables	Cook_5	Maquereau grillé	0	734		Craft: Cook (lvl 2), recipe from Recipe_Cook_5		type:Food
consumables	Honey_Z1	Miel	0	735		Quest reward: Flower of the Flock (Honeywoods Grove) | Drops: FaerieBee, Bee	Flower of the Flock - Honeywoods Grove@-746.9,1318.8,93,q:NPC_Beelly	type:Food
consumables	CrabEgg	OEuf de crabe	0	736		Drops: Crab		type:Food
consumables	Cook_16	Omelette de la mer	0	737		Craft: Cook (lvl 4), recipe from Recipe_Cook_16		type:Food
consumables	StaleBread	Pains rassis	0	738		Drops: Crimson, Kobold		type:Food
consumables	ScrollOfCorruptedIntellect	Parchemin d'Intelligence corrompue	0	739		Craft: Enchanter (lvl 6), recipe from Recipe_ScrollOfCorruptedIntellect		type:Consumable
consumables	ScrollOfIntelligence	Parchemin d'Intelligence I	0	740		Craft: Enchanter (lvl 1) | Drops: Scrolls		type:Consumable
consumables	ScrollOfCorruptedDexterity	Parchemin de Dextérité corrompue	0	741		Craft: Enchanter (lvl 6), recipe from Recipe_ScrollOfCorruptedDexterity		type:Consumable
consumables	ScrollOfDexterity	Parchemin de Dextérité I	0	742		Craft: Enchanter (lvl 1) | Drops: Scrolls		type:Consumable
consumables	ScrollOfCorruptedFaith	Parchemin de Foi corrompue	0	743		Craft: Enchanter (lvl 6), recipe from Recipe_ScrollOfCorruptedFaith		type:Consumable
consumables	ScrollOfFaith	Parchemin de Foi I	0	744		Craft: Enchanter (lvl 1) | Drops: Scrolls		type:Consumable
consumables	ScrollOfCorruptedStrength	Parchemin de Force corrompue	0	745		Craft: Enchanter (lvl 6), recipe from Recipe_ScrollOfCorruptedStrength		type:Consumable
consumables	ScrollOfStrength	Parchemin de Force I	0	746		Craft: Enchanter (lvl 1) | Drops: Scrolls		type:Consumable
consumables	ScrollOfVitality	Parchemin de Vitalité I	0	747		Craft: Enchanter (lvl 1) | Drops: Scrolls		type:Consumable
consumables	Cook_13	Pastille de la ruche	0	748		Craft: Cook (lvl 4), recipe from Recipe_Cook_13		type:Food
consumables	Mackerel	Petit maquereau	0	749		Drops: Manfish		type:Food
consumables	Whetstone	Pierre à aiguiser	0	750	Augmente votre PhysicalMastery de 10 % pendant 1 h si vous utilisez une arme tranchante.	Craft: Blacksmith (lvl 1)		type:Consumable
consumables	Weightstone	Pierre à frapper	0	751	Augmente votre PhysicalMastery de 10 % pendant 1 h si vous utilisez une arme contondante.	Craft: Blacksmith (lvl 1)		type:Consumable
consumables	TeleportationStone	Pierre d'Étincelle	0	752	Vous téléporte au dernier obélisque défini comme point de téléportation.			type:Usable
consumables	TPRiftStone	Pierre de faille	1	753	Vous permet de vous téléporter vers la faille à venir.	Sold by a merchant	Zoey, Demon Huntress - Azuram Hub@1312.9,72.6,172.5;Zoey, Demon Huntress - CrimsonIsland South@586.2,-80.5,57;Zoey, Demon Huntress - Primevalley Hub@-339.4,1416.4,52.5	type:Consumable
consumables	TPDeathStone	Pierre de mort	1	754	Vous permet de vous téléporter sur le lieu de votre mort.	Quest reward: Eksod Chapter (Eksod Kobolds), Botanical Expert (Azuram Hub), Explore Tiocha (Krisomal Port) +6 more | Drops: World crates | Sold by a merchant	Chests - Primevalley Island@39.6,1099.6,58.2;Chests - Krisomal North@1465.4,1317.2,56;Chests - Azuram Mound@874.1,762.5,99.5;Zoey, Demon Huntress - Azuram Hub@1312.9,72.6,172.5;Zoey, Demon Huntress - CrimsonIsland South@586.2,-80.5,57;Zoey, Demon Huntress - Primevalley Hub@-339.4,1416.4,52.5	type:Consumable
consumables	CrabMeat_Z1	Pince charnue	0	755		Drops: Crab		type:Food
consumables	LongBreathPotion	Potion d'apnée améliorée	0	756	Vous permet de retenir votre souffle sous l'eau pendant 2 minutes supplémentaires.	Craft: Alchemist (lvl 2), recipe from Recipe_LongBreathPotion		type:Potion
consumables	MinorIntelligencePotion	Potion d'intelligence mineure	0	757		Craft: Alchemist (lvl 6)		type:Potion
consumables	InvisibilityPotion	Potion d'invisibilité	0	758	Vous devenez invisible pendant 15 s.	Craft: Alchemist (lvl 4), recipe from Recipe_InvisibilityPotion		type:Potion
consumables	ShieldPotion_Z2	Potion de bouclier	0	759	Vous obtenez un Shield qui absorbe 250 points de dégâts pendant 20 s.	Craft: Alchemist (lvl 5), recipe from Recipe_ShieldPotion_Z2		type:Potion
consumables	MinorShieldPotion	Potion de bouclier mineure	0	760	Vous obtenez un Shield qui absorbe 150 points de dégâts pendant 20 s.	Craft: Alchemist (lvl 2), recipe from Recipe_MinorShieldPotion		type:Potion
consumables	MinorDexterityPotion	Potion de dextérité mineure	0	761		Craft: Alchemist (lvl 6)		type:Potion
consumables	MinorFaithPotion	Potion de foi mineure	0	762		Craft: Alchemist (lvl 6)		type:Potion
consumables	MinorStrengthPotion	Potion de force mineure	0	763		Craft: Alchemist (lvl 6)		type:Potion
consumables	FastSwimPotion	Potion de nage rapide	0	764	Augmente votre MoveSpeedFactor sous l'eau de 30 % pendant 20 s.	Craft: Alchemist (lvl 4), recipe from Recipe_FastSwimPotion		type:Potion
consumables	VesselPotion	Potion de réceptacle	0	765	Invoque un diablotin toutes les 3 s pendant 20 s.	Craft: Alchemist (lvl 6), recipe from Recipe_VesselPotion		type:Potion
consumables	SacrificePotion	Potion de sacrifice	0	766	Convertit la moitié de vos Health actuels en Shield pendant 20 s.	Craft: Alchemist (lvl 6), recipe from Recipe_SacrificePotion		type:Potion
consumables	HealthPotion	Potion de santé	0	767	Rend effect_val effect_atb en effect_dur.			type:HealthPotion
consumables	MinorHealingPotion	Potion de soin mineure	0	768	Rend 100 Health en 10 s.	Craft: Alchemist (lvl 1) | Drops: Potions (rare)		type:HealthPotion
consumables	MinorVelocityPotion	Potion de vélocité mineure	0	769	Augmente votre MoveSpeedFactor de 50 % pendant 10 s.	Craft: Alchemist (lvl 4), recipe from Recipe_MinorVelocityPotion		type:Potion
consumables	SweetRoot	Racine sucrée	0	770		Drops: Sprouts		type:Food
consumables	Cook_6	Ragoût de putois	0	771		Craft: Cook (lvl 1)		type:Food
consumables	Cook_1	Ragoût de sanglier	0	772		Craft: Cook (lvl 2), recipe from Recipe_Cook_1		type:Food
consumables	Cook_Demon_4	Ragoût démoniaque	0	773		Craft: Cook (lvl 6), recipe from Recipe_Cook_Demon_4		type:Food
consumables	Mastery	Rune : mastery	3	774	Vous apprenez la rune mastery correspondant à la compétence "skill".	Quest reward: A Pebble in the Shoe (Azuram Mound Cave), Under the Sands of Time (Eksod Kobolds), Sunken Tomb Raider (Krisomal Port) +5 more | Named in 2 chests at 1% | Drops: World crates, FoeUniqueDrops	Chests - Primevalley Island@39.6,1099.6,58.2;Chests - Krisomal North@1465.4,1317.2,56;Chests - Azuram Mound@874.1,762.5,99.5;A Pebble in the Shoe - Azuram Mound Cave@927.3,618.3,13.6,q:NPC_Ratou;Under the Sands of Time - Eksod Kobolds@1070.1,-825.8,33.8,q:NPC_India_1;Sunken Tomb Raider - Krisomal Port@1523.6,1536.6,5.3,q:NPC_Lora	type:Mastery
consumables	Cook_8	Salade composée	0	775		Craft: Cook (lvl 2)		type:Food
consumables	Cook_Demon_0	Salade d'yeux	0	776		Craft: Cook (lvl 6)		type:Food
consumables	Cook_10	Soupe de racines de Skover	0	777		Craft: Cook (lvl 3) | Quest reward: Harvest Season (Azuram Hub)	Harvest Season - Azuram Hub@1302.9,262.1,172.5,q:NPC_Chef_1	type:Food
consumables	Cook_12	Tarte à la citrouille	0	778		Craft: Cook (lvl 3)		type:Food
consumables	CoyoteMeat	Viande de coyote	0	779		Drops: Coyotes		type:Food
materials	Agate	Agate	1	780		Drops: Ore Copper, Ore Tin, Tungstene, TinProspecting Items (rare)		type:CraftingComponent
materials	CutAgate	Agate taillée	1	781		Craft: Jeweller (lvl 4)		type:CraftingComponent
materials	VeiledWing	Aile voilée	1	782		Drops: Demon		type:CraftingComponent
materials	Wing_Z1	Ailes diaphanes	0	783		Drops: FaerieBee, Bee		type:CraftingComponent
materials	Alloy_Z2	Alliage miroitant	2	784				type:CraftingComponent
materials	Alloy_Z1	Alliage scintillant	2	785		Craft: Blacksmith (lvl 4)		type:CraftingComponent
materials	Amber	Ambre	1	786		Drops: Ore Copper, Ore Tin, Tungstene, CopperProspecting Items (rare)		type:CraftingComponent
materials	CutAmber	Ambre taillé	1	787		Craft: Jeweller (lvl 2)		type:CraftingComponent
materials	Ramgold	Bélior	2	788		Quest reward: Looming Shadows (Enripit Hill), Off the Wall (Krisomal North) | Drops: Crimson	Looming Shadows - Enripit Hill@-41.5,548.9,58.5,q:NPC_Shirley_1;Off the Wall - Krisomal North@1484.8,1079.2,-40,q:NPC_Mortis_1	type:CraftingComponent
materials	Beryl	Béryl	1	789		Drops: Ore Copper, Ore Tin, Tungstene, CopperProspecting Items (rare)		type:CraftingComponent
materials	CutBeryl	Béryl taillé	1	790		Craft: Jeweller (lvl 2)		type:CraftingComponent
materials	Paper_Z1	Blank Page	1	791		Sold by a merchant	WanderingMerchant_Npc_Azuram - Azuram Hub@1307,77.6,172.6;WanderingMerchant_Npc_Crimson - CrimsonIsland South@573.1,-85.1,57;WanderingMerchant_NPC_Primevalley_1 - Primevalley Hub@-333.3,1421.2,52.5	type:CraftingComponent
materials	Coal	Charbon	1	792		Drops: Kobold, EarthGolems, FireGolems, WindGolems	Chests - Enripit Hollow@-237.2,712,59.4	type:CraftingComponent
materials	SimpleCauldron	Chaudron ordinaire	0	793		Sold by a merchant	WanderingMerchant_Npc_Azuram - Azuram Hub@1307,77.6,172.6;WanderingMerchant_Npc_Crimson - CrimsonIsland South@573.1,-85.1,57	type:CraftingComponent
materials	GlossyChitin	Chitine brillante	1	794		Drops: FaerieBee, Bee		type:CraftingComponent
materials	SpiritHeart_Z2	Coeur éphémère	0	795		Drops: Spirits		type:CraftingComponent
materials	EnchantConcentrate_Z1	Concentré d'Étincelle lumineuse	2	796		Craft: Enchanter (lvl 5)		type:CraftingComponent
materials	DemonicHorn	Corne démoniaque	0	797		Drops: Demon Weight (rare)		type:CraftingComponent
materials	TannedLeather	Cuir tanné léger	1	798		Craft: Outfitter (lvl 1)		type:CraftingComponent
materials	ChippedTusk	Défense ébréchée	1	799		Drops: Boar		type:CraftingComponent
materials	NepsidScale	Écaille tranchante	1	800		Drops: Manfish		type:CraftingComponent
materials	SparkSample	Échantillon d'étincelle	1	801		Quest reward: Azuram's Most Wanted (Azuram Hub), Nescent's Most Wanted (Nescent Flowers), Bel-Etir's Most Wanted (BelEtir Ruins) +1 more | Drops: Scrap Rare, Tungstene, Zealotus, Ore Copper	Azuram's Most Wanted - Azuram Hub@1409.2,188.8,172.5,q:Hunter_NPC_Azuram;Nescent's Most Wanted - Nescent Flowers@1815.3,120.1,56.3,q:Hunter_NPC_Nescent;Bel-Etir's Most Wanted - BelEtir Ruins@-1006.3,68.9,230.3,q:Hunter_NPC_BelEtir_1;Enripit's Most Wanted - Enripit Crest@-582.5,311,222.8,q:Hunter_NPC_Enripit_1	type:CraftingComponent
materials	AlchemistEssence_Z1	Essence fraîche	2	802		Craft: Alchemist (lvl 3)		type:CraftingComponent
materials	Crystal_Z2	Essence scintillante	3	803				type:CraftingComponent
materials	Essence_Z2	Étincelle scintillante	4	804				type:CraftingComponent
materials	SkoverDriedHerbs	Fines herbes	1	805		Craft: Cook (lvl 2)		type:CraftingComponent
materials	Vial	Fiole	0	806		Sold by a merchant	WanderingMerchant_Npc_Azuram - Azuram Hub@1307,77.6,172.6;WanderingMerchant_Npc_Crimson - CrimsonIsland South@573.1,-85.1,57;WanderingMerchant_NPC_Primevalley_1 - Primevalley Hub@-333.3,1421.2,52.5	type:CraftingComponent
materials	SoftFur	Fourrure douce	2	807		Drops: Wolf, Skunk, Coyotes, Boar		type:CraftingComponent
materials	FragmentOfAir	Fragment d'Éoyl	1	808		Quest reward: Cloud Athlete (Primevalley Island), On the Balcony (Krisomal South), The Weather Vane (Azuram Flying) +1 more	Cloud Athlete - Primevalley Island@-45.5,1053.3,274.5,q:Haydn_NPC_Primevalley_1;On the Balcony - Krisomal South@1341.5,1311.3,58.5,q:Haydn_NPC_Krisomal;The Weather Vane - Azuram Flying@1491,270.8,265.8,q:Haydn_NPC_Azuram;Temple Rug - Nescent Hive@2107,245.8,-26.2,q:Haydn_NPC_Nescent	type:CraftingComponent
materials	FragmentOfEarth	Fragment de kyre	1	809		Quest reward: Cave Athlete (Eksod Lake), Prison Break (CrimsonIsland Prison), Deep Space Mine (Enripit Falls)	Cave Athlete - Eksod Lake@1686.3,-549.4,137.3,q:Haydn_NPC_Eksod;Prison Break - CrimsonIsland Prison@235.8,-1044.9,46.5,q:Haydn_NPC_Crismon;Deep Space Mine - Enripit Falls@-1049.6,592.9,19.5,q:Haydn_NPC_Enripit_1	type:CraftingComponent
materials	FragmentOfNature	Fragment de mély	1	810		Quest reward: Forest Jump (Honeywoods Forest), Flower of the Flock (Honeywoods Grove)	Forest Jump - Honeywoods Forest@-585.1,1086.1,254.2,q:Haydn_NPC_Honeywoods_1;Flower of the Flock - Honeywoods Grove@-746.9,1318.8,93,q:NPC_Beelly	type:CraftingComponent
materials	FragmentOfWater	Fragment de Naya	1	811				type:CraftingComponent
materials	FragmentOfChaos	Fragment de nuon	1	812				type:CraftingComponent
materials	FragmentOfFire	Fragment de pyre	1	813		Quest reward: A Pebble in the Shoe (Azuram Mound Cave)	A Pebble in the Shoe - Azuram Mound Cave@927.3,618.3,13.6,q:NPC_Ratou	type:CraftingComponent
materials	PrismaticFragment	Fragment prismatique	2	814		Craft: Alchemist (lvl 3)		type:CraftingComponent
materials	Fragments_Z1	Fragments lumineux	2	815				type:CraftingComponent
materials	MoteOfAir	Grain d'Éoyl	0	816		Craft: Alchemist (lvl 3) | Drops: WindGolems (rare), MoteWeights (rare)		type:CraftingComponent
materials	MoteOfEarth	Grain de kyre	0	817		Craft: Alchemist (lvl 1) | Drops: Kobold (rare), EarthGolems (rare), Kobold activities (rare), Kobold crates (rare)	Chests - Primevalley Island@-7.4,1200.1,144.8;Chests - Azuram Mound@934.2,687.1,115.7;Chests - Eksod Kobolds@1183.4,-673.9,-12	type:CraftingComponent
materials	MoteOfNature	Grain de mély	0	818		Craft: Alchemist (lvl 1) | Drops: FaerieBee (rare), Bee (rare), Sprouts (rare), Bee activities (rare)	Chests - Honeywoods Canopy@-1071.4,830.5,322.1;Chests - Nescent Hive@2051.2,203.5,41.7;Chests - Honeywoods Cave@-1024.6,682.5,64.5	type:CraftingComponent
materials	MoteOfWater	Grain de Naya	0	819		Craft: Alchemist (lvl 1) | Drops: Manfish (rare), Crab (rare), WaterGolems (rare), Manfish activities (rare)	Chests - Krisomal Abyss@1524.4,1530.1,-17.3;Chests - Primevalley Coast@168.2,1233.9,2.3;Chests - Nescent Trunk@2246.1,-95.9,1.3	type:CraftingComponent
materials	MoteOfChaos	Grain de nuon	0	820		Drops: Demon (rare), Demon crates (rare)	Chests - CrimsonIsland Library@595.4,-843.2,45.8	type:CraftingComponent
materials	MoteOfFire	Grain de pyre	0	821		Craft: Alchemist (lvl 3) | Drops: FireGolems (rare), MoteWeights (rare)		type:CraftingComponent
materials	Leather_Z1	Lanière de cuir légère	0	822		Drops: Wolf, Skunk, Coyotes, Boar		type:Leather
materials	SteelIngot	Lingot d'acier	1	823				type:CraftingComponent
materials	BronzeIngot	Lingot de bronze	1	824		Craft: Blacksmith (lvl 3)		type:CraftingComponent
materials	CopperIngot	Lingot de cuivre	1	825		Craft: Blacksmith (lvl 1)		type:CraftingComponent
materials	IronIngot	Lingot de fer	1	826				type:CraftingComponent
materials	TungsteneIngot	Lingot de tungstène	2	827		Craft: Blacksmith (lvl 2)		type:CraftingComponent
materials	Malachite	Malachite	2	828		Drops: Ore Copper, Ore Tin, Tungstene, TungsteneProspecting Items (rare)		type:CraftingComponent
materials	CutMalachite	Malachite taillée	2	829		Craft: Jeweller (lvl 3)		type:CraftingComponent
materials	TinOre	Minerai d'étain	0	830		Drops: Ore Tin, Blacksmith Starter, Kobold, EarthGolems	Chests - Enripit Hollow@-237.2,712,59.4	type:Ore
materials	CopperOre	Minerai de cuivre	0	831		Drops: Ore Copper, Blacksmith Starter, Kobold, EarthGolems	Chests - Enripit Hollow@-237.2,712,59.4	type:Ore
materials	IronOre	Minerai de fer	0	832				type:Ore
materials	TungsteneOre	Minerai de tungstène	2	833		Drops: Tungstene, Kobold (rare), EarthGolems (rare), FireGolems (rare)	Chests - Enripit Hollow@-237.2,712,59.4	type:Ore
materials	CopperSetting	Monture en cuivre	1	834		Craft: Jeweller (lvl 1)		type:CraftingComponent
materials	KoboldMetal	Morceau de métal perforé	1	835		Drops: Kobold		type:CraftingComponent
materials	Fin_Z1	Nageoire collante	0	836		Drops: Manfish		type:CraftingComponent
materials	FiendishEye	OEil malveillant	2	837		Drops: Demon		type:CraftingComponent
materials	BrightVoidOrb	Orbe lumineux du néant	2	838		Craft: Enchanter (lvl 5)		type:CraftingComponent
materials	EnchantPaper_Z1	Papier enchanté lumineux	2	839		Craft: Enchanter (lvl 1)		type:CraftingComponent
materials	Particle_Z1	Particules lumineuses du néant	1	840		Drops: Scrap Rare, Scrap		type:CraftingComponent
materials	Eye_Z1	Pédoncule oculaire	0	841		Drops: Crab		type:CraftingComponent
materials	Pearl	Perle ordinaire	1	842		Drops: Manfish, Crab		type:CraftingComponent
materials	MadrigoldPetal	Pétale de galantula	0	843		Drops: Madrigold, Plants (rare)		type:CraftingComponent
materials	LavendulaPetal	Pétale de lavendula	0	844		Drops: Lavendula, Plants (rare)		type:CraftingComponent
materials	AncientThymePetal	Pétale de thym antique	0	845		Drops: AncientThyme, Plants (rare)		type:CraftingComponent
materials	ZealotusPetal	Pétale de zélotus	2	846		Drops: Zealotus, Plants (rare)		type:CraftingComponent
materials	Fang_Z1	Petit croc	0	847		Drops: Wolf, Skunk, Coyotes, Kobold		type:CraftingComponent
materials	Soulstone_Z1_4	Pierre d'âme d'Ariana Grandémon	3	848		Drops: Demonic Rifts (rare)	Invocation site - Enripit Bridge@-155.4,75.6,99.4;Rift - Krisomal North@1550.3,999.6,211.5	type:Soulstone
materials	Soulstone_Z1_1	Pierre d'âme de Baphométal	2	849		Drops: Demon Rift (rare), Demonic Rifts (rare)	Invocation site - Honeywoods Isle@-981.9,1445.6,125.3;Rift - Krisomal North@1550.3,999.6,211.5	type:Soulstone
materials	Soulstone_Z2_2	Pierre d'âme de Bassmodée	2	850		Drops: Demon Rift (rare), Demonic Rifts (rare)	Invocation site - Krisomal Cliff@1906.9,358.3,224.8;Rift - Krisomal North@1550.3,999.6,211.5	type:Soulstone
materials	Soulstone_Z1_3	Pierre d'âme de Belzéboum	2	851		Drops: Demon Rift (rare), Demonic Rifts (rare)	Invocation site - Enripit Plains@-863.1,550.1,116;Rift - Krisomal North@1550.3,999.6,211.5	type:Soulstone
materials	Soulstone_Z2_4	Pierre d'âme de Kristian Bélial	3	852		Drops: Demonic Rifts (rare)	Invocation site - Krisomal Lighthouse@826.6,1028,18.8;Rift - Krisomal North@1550.3,999.6,211.5	type:Soulstone
materials	Soulstone_Z2_1	Pierre d'âme de Lilithium	2	853		Drops: Demon Rift (rare), Demonic Rifts (rare)	Invocation site - Nescent Route@1516.8,-266.1,87.6;Rift - Krisomal North@1550.3,999.6,211.5	type:Soulstone
materials	Soulstone_Z1_2	Pierre d'âme de Luciferrari	2	854		Drops: Demon Rift (rare), Demonic Rifts (rare)	Invocation site - Enripit Hill@175.3,769.9,86.4;Rift - Krisomal North@1550.3,999.6,211.5	type:Soulstone
materials	Soulstone_Z2_3	Pierre d'âme de Mortalkombaal	2	855		Drops: Demon Rift (rare), Demonic Rifts (rare)	Invocation site - Krisomal North@1162.9,1075.3,116.2;Rift - Krisomal North@1550.3,999.6,211.5	type:Soulstone
materials	Rock_Z1	Pierre fissurée	0	856		Drops: Tungstene, Ore Copper, Ore Tin, Kobold	Chests - Enripit Hollow@-237.2,712,59.4	type:CraftingComponent
materials	Stone_Ore_Z1	Pierre scintillante	2	857		Drops: Tungstene, Ore Copper, Ore Tin, GatherSamplesWeight (rare)		type:CraftingComponent
materials	CutStone	Pierre taillée fissurée	1	858		Craft: Jeweller (lvl 2)		type:CraftingComponent
materials	SilverTray	Plateau en argent	0	859		Sold by a merchant	WanderingMerchant_Npc_Azuram - Azuram Hub@1307,77.6,172.6;WanderingMerchant_Npc_Crimson - CrimsonIsland South@573.1,-85.1,57	type:CraftingComponent
materials	FreshFlowerPowder	Poudre de fleur fraîche	1	860		Craft: Alchemist (lvl 3)		type:CraftingComponent
materials	EnchantPowder_Z1	Poudre lumineuse purifiée	1	861		Craft: Enchanter (lvl 1)		type:CraftingComponent
materials	Residues_Z1	Résidus lumineux	1	862				type:CraftingComponent
materials	LinenBolt	Rouleau de toile de lin	1	863		Craft: Outfitter (lvl 1)		type:CraftingComponent
materials	Ruby	Rubis	1	864		Drops: Ore Copper, Ore Tin, Tungstene, TinProspecting Items (rare)		type:CraftingComponent
materials	CutRuby	Rubis taillé	1	865		Craft: Jeweller (lvl 4)		type:CraftingComponent
materials	Blood_Z1	Sang frais	1	866		Drops: Wolf, Skunk, Coyotes, Boar		type:CraftingComponent
materials	HunterSauce	Sauce du chasseur	1	867		Craft: Cook (lvl 1)		type:CraftingComponent
materials	FishermanSauce	Sauce du pêcheur	1	868		Craft: Cook (lvl 1)		type:CraftingComponent
materials	StrangeSpores	Spores étranges	2	869		Drops: Zealotus, Madrigold, Lavendula, AncientThyme		type:CraftingComponent
materials	HideboundWeave	Tissage doux	2	870		Craft: Outfitter (lvl 4)		type:CraftingComponent
materials	Cloth_Z1	Toile de lin	0	871		Drops: Clothes		type:Cloth
materials	TailSlice	Tranche caudale	0	872		Drops: Demon Weight (rare)		type:CraftingComponent
recipes	CutAgate	Agate taillée	1	781		Jeweller level 4 | Needs: 1x Agate, 3x Pierre taillée fissurée | Known automatically at that job level		job:Jeweller,source:Automatic
recipes	SurgingCutAgate	Agate taillée énergisante	1	873		Jeweller level 4 | Needs: 1x Agate taillée | Cost: 50 gold | Unlocked by a recipe you must find		job:Jeweller,source:Recipe needed
recipes	SunderedCutAgate	Agate taillée fendue	1	873		Jeweller level 4 | Needs: 1x Agate taillée | Cost: 50 gold | Unlocked by a recipe you must find		job:Jeweller,source:Recipe needed
recipes	ResonantCutAgate	Agate taillée résonante	1	873		Jeweller level 4 | Needs: 1x Agate taillée | Cost: 50 gold | Unlocked by a recipe you must find		job:Jeweller,source:Recipe needed
recipes	StrongCutAgate	Agate taillée solide	1	873		Jeweller level 4 | Needs: 1x Agate taillée | Cost: 50 gold | Known automatically at that job level		job:Jeweller,source:Automatic
recipes	Cook_Demon_6	Ailes épicées	0	693		Cook level 6 | Needs: 3x Aile voilée, 1x Fines herbes | Cost: 30 gold | Unlocked by a recipe you must find | Sold by a merchant	Zoey, Demon Huntress - Azuram Hub@1312.9,72.6,172.5;Zoey, Demon Huntress - CrimsonIsland South@586.2,-80.5,57;Zoey, Demon Huntress - Primevalley Hub@-339.4,1416.4,52.5	job:Cook,source:Recipe needed
recipes	Cook_Demon_2	Ailes iodées sans peau	0	694		Cook level 6 | Needs: 3x Aile voilée, 1x Sauce du pêcheur | Cost: 30 gold | Unlocked by a recipe you must find | Sold by a merchant	Zoey, Demon Huntress - Azuram Hub@1312.9,72.6,172.5;Zoey, Demon Huntress - CrimsonIsland South@586.2,-80.5,57;Zoey, Demon Huntress - Primevalley Hub@-339.4,1416.4,52.5	job:Cook,source:Recipe needed
recipes	Alloy_Z1	Alliage scintillant	2	785		Blacksmith level 4 | Needs: 1x Lingot de bronze, 3x Pierre scintillante, 1x Lingot de tungstène | Known automatically at that job level		job:Blacksmith,source:Automatic
recipes	CutAmber	Ambre taillé	1	787		Jeweller level 2 | Needs: 1x Ambre, 3x Pierre taillée fissurée | Known automatically at that job level		job:Jeweller,source:Automatic
recipes	SurgingCutAmber	Ambre taillé énergisant	1	874		Jeweller level 2 | Needs: 1x Ambre taillé | Cost: 50 gold | Unlocked by a recipe you must find		job:Jeweller,source:Recipe needed
recipes	SunderedCutAmber	Ambre taillé fendu	1	874		Jeweller level 2 | Needs: 1x Ambre taillé | Cost: 50 gold | Unlocked by a recipe you must find		job:Jeweller,source:Recipe needed
recipes	ResonantCutAmber	Ambre taillé résonant	1	874		Jeweller level 2 | Needs: 1x Ambre taillé | Cost: 50 gold | Unlocked by a recipe you must find		job:Jeweller,source:Recipe needed
recipes	StrongCutAmber	Ambre taillé solide	1	874		Jeweller level 2 | Needs: 1x Ambre taillé | Cost: 50 gold | Known automatically at that job level		job:Jeweller,source:Automatic
recipes	Waist_RBee_FigWiz	Aura alvéolaire	2	6		Blacksmith level 3 | Needs: 8x Lingot de bronze, 15x Ailes diaphanes, 5x Chitine brillante, 2x Fragment de mély | Cost: 125 gold | Known automatically at that job level		job:Blacksmith,source:Automatic
recipes	CutBeryl	Béryl taillé	1	790		Jeweller level 2 | Needs: 1x Béryl, 3x Pierre taillée fissurée | Known automatically at that job level		job:Jeweller,source:Automatic
recipes	GildedCutBeryl	Béryl taillé doré	1	875		Jeweller level 2 | Needs: 1x Béryl taillé | Cost: 50 gold | Unlocked by a recipe you must find		job:Jeweller,source:Recipe needed
recipes	AttunedCutBeryl	Béryl taillé harmonisé	1	875		Jeweller level 2 | Needs: 1x Béryl taillé | Cost: 50 gold | Unlocked by a recipe you must find		job:Jeweller,source:Recipe needed
recipes	TemperedCutBeryl	Béryl taillé trempé	1	875		Jeweller level 2 | Needs: 1x Béryl taillé | Cost: 50 gold | Unlocked by a recipe you must find		job:Jeweller,source:Recipe needed
recipes	Cook_7	Bonbons aromatisés	0	697		Cook level 2 | Needs: 6x Miel, 1x Fines herbes | Cost: 15 gold | Unlocked by a recipe you must find		job:Cook,source:Recipe needed
recipes	Cook_15	Brochet en papillote	0	699		Cook level 4 | Needs: 6x Brochet, 1x Sauce du pêcheur | Cost: 30 gold | Unlocked by a recipe you must find		job:Cook,source:Recipe needed
recipes	Cook_Demon_3	Brochettes caudales grillées	0	700		Cook level 6 | Needs: 6x Tranche caudale, 1x Fines herbes | Cost: 30 gold | Unlocked by a recipe you must find | Sold by a merchant	Zoey, Demon Huntress - Azuram Hub@1312.9,72.6,172.5;Zoey, Demon Huntress - CrimsonIsland South@586.2,-80.5,57;Zoey, Demon Huntress - Primevalley Hub@-339.4,1416.4,52.5	job:Cook,source:Recipe needed
recipes	HonedEmbroidery	Broderie douce améliorée	1	876		Outfitter level 4 | Needs: 3x Tissage doux | Cost: 50 gold | Unlocked by a recipe you must find		job:Outfitter,source:Recipe needed
recipes	DivinedEmbroidery	Broderie douce divine	1	876		Outfitter level 4 | Needs: 3x Tissage doux | Cost: 50 gold | Unlocked by a recipe you must find		job:Outfitter,source:Recipe needed
recipes	GracefulEmbroidery	Broderie douce gracieuse	1	876		Outfitter level 4 | Needs: 3x Tissage doux | Cost: 50 gold | Unlocked by a recipe you must find		job:Outfitter,source:Recipe needed
recipes	MysticEmbroidery	Broderie douce mystique	1	876		Outfitter level 4 | Needs: 3x Tissage doux | Cost: 50 gold | Unlocked by a recipe you must find		job:Outfitter,source:Recipe needed
recipes	RunedEmbroidery	Broderie douce ornée de runes	1	876		Outfitter level 4 | Needs: 3x Tissage doux | Cost: 50 gold | Unlocked by a recipe you must find		job:Outfitter,source:Recipe needed
recipes	ReinforcedEmbroidery	Broderie douce renforcée	1	876		Outfitter level 4 | Needs: 3x Tissage doux | Cost: 50 gold | Known automatically at that job level		job:Outfitter,source:Automatic
recipes	SanctifiedEmbroidery	Broderie douce sanctifiée	1	876		Outfitter level 4 | Needs: 3x Tissage doux | Cost: 50 gold | Unlocked by a recipe you must find		job:Outfitter,source:Recipe needed
recipes	Shoulders_RDemon_Ass_Craft	Cape de chasseur de démons	2	65		Outfitter level 6 | Needs: 18x Cuir tanné léger, 4x Fourrure douce, 10x Aile voilée, 2x Fragment de nuon | Cost: 200 gold | Known automatically at that job level		job:Outfitter,source:Automatic
recipes	Back_RCrimson_AssCle_Craft	Cape du lever du crépuscule	2	69		Outfitter level 5 | Needs: 15x Cuir tanné léger, 4x Fourrure douce, 4x Bélior | Cost: 150 gold | Known automatically at that job level		job:Outfitter,source:Automatic
recipes	Waist_RKobold_AssCle_Craft	Ceinture de la Grande fermentation	2	92		Outfitter level 2 | Needs: 12x Cuir tanné léger, 2x Fourrure douce, 10x Petit croc, 2x Fragment de kyre | Cost: 100 gold | Known automatically at that job level		job:Outfitter,source:Automatic
recipes	Waist_RManfish_Wiz_Craft	Ceinturon à bernacles	2	101		Outfitter level 2 | Needs: 12x Rouleau de toile de lin, 20x Nageoire collante, 2x Fragment de Naya | Cost: 100 gold | Known automatically at that job level		job:Outfitter,source:Automatic
recipes	Finger_Z1RCraft_Ap	Cercle de fracture	2	636		Jeweller level 1 | Needs: 2x Monture en cuivre, 1x Pierre scintillante, 3x Ambre | Cost: 75 gold | Known automatically at that job level		job:Jeweller,source:Automatic
recipes	Finger_Z1RCraft_Mp	Cercle de lucidité	2	637		Jeweller level 1 | Needs: 2x Monture en cuivre, 1x Pierre scintillante, 3x Béryl | Cost: 75 gold | Known automatically at that job level		job:Jeweller,source:Automatic
recipes	Finger_Z1RCraft_Cri	Cercle de précision	2	636		Jeweller level 1 | Needs: 2x Monture en cuivre, 1x Pierre scintillante, 3x Ambre | Cost: 75 gold | Known automatically at that job level		job:Jeweller,source:Automatic
recipes	Finger_Z1RCraft_Fer	Cercle de zèle	2	637		Jeweller level 1 | Needs: 2x Monture en cuivre, 1x Pierre scintillante, 3x Béryl | Cost: 75 gold | Known automatically at that job level		job:Jeweller,source:Automatic
recipes	SmallAlchemistCauldron	Chaudron d'alchimie mineur	2	704	Increase your afx_atb, afx_atb1, afx_atb2 and afx_atb3 by afx_val.	Alchemist level 5 | Needs: 1x Chaudron ordinaire, 1x Élixir de Force, 1x Élixir de Dextérité, 1x Élixir d'Intelligence, 1x Élixir de Foi, 1x Essence fraîche | Cost: 50 gold | Known automatically at that job level		job:Alchemist,source:Automatic
recipes	Feet_RManfish_AssWiz_Craft	Chausse-marées	2	104		Outfitter level 1 | Needs: 8x Cuir tanné léger, 15x Nageoire collante, 1x Fragment de Naya | Cost: 75 gold | Known automatically at that job level		job:Outfitter,source:Automatic
recipes	Feet_RBee_WizCle_Craft	Chevauche-ruches	2	110		Outfitter level 3 | Needs: 12x Toile de lin, 3x Fourrure douce, 10x Chitine brillante, 2x Fragment de mély | Cost: 125 gold | Known automatically at that job level		job:Outfitter,source:Automatic
recipes	Waist_RManfish_Fig	Coccyx de caryapside	2	111		Blacksmith level 1 | Needs: 8x Lingot de cuivre, 15x Nageoire collante, 1x Fragment de Naya | Cost: 75 gold | Known automatically at that job level		job:Blacksmith,source:Automatic
recipes	PurifiedHeart	Coeur purifié	2	639		Alchemist level 4 | Needs: 5x Coeur éphémère, 5x Essence fraîche, 5x Bélior, 1x Fragment prismatique | Cost: 150 gold | Known automatically at that job level		job:Alchemist,source:Automatic
recipes	EnchantConcentrate_Z1	Concentré d'Étincelle lumineuse	2	796		Enchanter level 5 | Needs: 1x Poudre lumineuse purifiée, 5x Fragments lumineux, 1x Échantillon d'étincelle | Known automatically at that job level		job:Enchanter,source:Automatic
recipes	Cook_Demon_1	Corne en sauce	0	706		Cook level 6 | Needs: 6x Corne démoniaque, 1x Sauce du chasseur | Cost: 30 gold | Unlocked by a recipe you must find | Sold by a merchant	Zoey, Demon Huntress - Azuram Hub@1312.9,72.6,172.5;Zoey, Demon Huntress - CrimsonIsland South@586.2,-80.5,57;Zoey, Demon Huntress - Primevalley Hub@-339.4,1416.4,52.5	job:Cook,source:Recipe needed
recipes	Cook_2	Côtelettes de loup grillées	0	707		Cook level 2 | Needs: 6x Chair de loup, 1x Sauce du chasseur | Cost: 15 gold | Unlocked by a recipe you must find		job:Cook,source:Recipe needed
recipes	Cook_9	Coyote fumé	0	708		Cook level 3 | Needs: 6x Viande de coyote, 1x Sauce du chasseur | Cost: 30 gold | Known automatically at that job level		job:Cook,source:Automatic
recipes	TannedLeather	Cuir tanné léger	1	798		Outfitter level 1 | Needs: 3x Lanière de cuir légère, 1x Échantillon d'étincelle | Known automatically at that job level		job:Outfitter,source:Automatic
recipes	InfusedTusk	Défense imprégnée	2	641		Alchemist level 3 | Needs: 1x Défense ébréchée, 5x Essence fraîche, 5x Bélior, 1x Fragment prismatique | Cost: 125 gold | Known automatically at that job level		job:Alchemist,source:Automatic
recipes	Back_RBee_FigWiz_Craft	Écharpe d'apiculture	2	133		Blacksmith level 2 | Needs: 12x Lingot de cuivre, 3x Fourrure douce, 20x Ailes diaphanes, 2x Fragment de mély | Cost: 100 gold | Known automatically at that job level		job:Blacksmith,source:Automatic
recipes	ElixirOfAbundance	Élixir d'Abondance	0	712		Alchemist level 2 | Needs: 1x Fiole, 2x Pétale de galantula, 2x Pétale de lavendula, 2x Lanière de cuir légère, 2x Minerai de cuivre, 1x Spores étranges | Unlocked by a recipe you must find		job:Alchemist,source:Recipe needed
recipes	ElixirOfArmor_Z2	Élixir d'Armure	0	713		Alchemist level 5 | Needs: 1x Fiole, 1x Poudre de fleur fraîche, 1x Fragment de kyre, 2x Spores étranges | Unlocked by a recipe you must find		job:Alchemist,source:Recipe needed
recipes	ElixirofMinorArmor	Élixir d'Armure mineur	0	714		Alchemist level 2 | Needs: 1x Fiole, 2x Pétale de galantula, 2x Pétale de lavendula, 3x Pierre fissurée, 1x Spores étranges | Unlocked by a recipe you must find		job:Alchemist,source:Recipe needed
recipes	ElixirOfIntelligence_Z2	Élixir d'Intelligence	0	715		Alchemist level 4 | Needs: 1x Fiole, 1x Poudre de fleur fraîche, 2x Écaille tranchante, 2x Spores étranges | Known automatically at that job level		job:Alchemist,source:Automatic
recipes	ElixirOfMinorIntelligence	Élixir d'Intelligence mineur	0	716		Alchemist level 1 | Needs: 1x Fiole, 3x Pétale de lavendula, 3x Nageoire collante, 1x Spores étranges | Known automatically at that job level		job:Alchemist,source:Automatic
recipes	ElixirOfDexterity_Z2	Élixir de Dextérité	0	717		Alchemist level 4 | Needs: 1x Fiole, 1x Poudre de fleur fraîche, 2x Chitine brillante, 2x Spores étranges | Known automatically at that job level		job:Alchemist,source:Automatic
recipes	ElixirOfMinorDexterity	Élixir de Dextérité mineur	0	718		Alchemist level 1 | Needs: 1x Fiole, 3x Pétale de galantula, 3x Ailes diaphanes, 1x Spores étranges | Known automatically at that job level		job:Alchemist,source:Automatic
recipes	ElixirOfFaith_Z2	Élixir de Foi	0	719		Alchemist level 4 | Needs: 1x Fiole, 1x Poudre de fleur fraîche, 2x Coeur éphémère, 2x Spores étranges | Known automatically at that job level		job:Alchemist,source:Automatic
recipes	ElixirOfMinorFaith	Élixir de Foi mineur	0	720		Alchemist level 1 | Needs: 1x Fiole, 3x Pétale de lavendula, 3x Pédoncule oculaire, 1x Spores étranges | Known automatically at that job level		job:Alchemist,source:Automatic
recipes	ElixirOfStrength_Z2	Élixir de Force	0	721		Alchemist level 4 | Needs: 1x Fiole, 1x Poudre de fleur fraîche, 3x Petit croc, 2x Spores étranges | Known automatically at that job level		job:Alchemist,source:Automatic
recipes	ElixirOfMinorStrength	Élixir de force mineur	0	722		Alchemist level 1 | Needs: 1x Fiole, 3x Pétale de galantula, 3x Petit croc, 1x Spores étranges | Known automatically at that job level		job:Alchemist,source:Automatic
recipes	Cook_Demon_5	Entre ténèbres et mer	0	723		Cook level 6 | Needs: 3x Corne démoniaque, 3x Tranche caudale, 1x Sauce du pêcheur | Cost: 30 gold | Unlocked by a recipe you must find | Sold by a merchant	Zoey, Demon Huntress - Azuram Hub@1312.9,72.6,172.5;Zoey, Demon Huntress - CrimsonIsland South@586.2,-80.5,57;Zoey, Demon Huntress - Primevalley Hub@-339.4,1416.4,52.5	job:Cook,source:Recipe needed
recipes	AlchemistEssence_Z1	Essence fraîche	2	802		Alchemist level 3 | Needs: 1x Poudre de fleur fraîche, 1x Pétale de zélotus, 1x Spores étranges | Known automatically at that job level		job:Alchemist,source:Automatic
recipes	Feast	Festin de marche-plaines	2	724		Cook level 5 | Needs: 1x Plateau en argent, 1x Coyote fumé, 1x Soupe de racines de Skover, 1x Garbure de mendiant, 1x Tarte à la citrouille, 2x Sauce du chasseur | Cost: 30 gold | Known automatically at that job level		job:Cook,source:Automatic
recipes	SkoverDriedHerbs	Fines herbes	1	805		Cook level 2 | Needs: 3x Pétale de galantula, 3x Pétale de lavendula, 1x Échantillon d'étincelle | Known automatically at that job level		job:Cook,source:Automatic
recipes	Cook_14	Fondue de Bélinbourg	0	726		Cook level 4 | Needs: 6x Bleu de Bélinbourg, 1x Sauce du chasseur | Cost: 30 gold | Unlocked by a recipe you must find		job:Cook,source:Recipe needed
recipes	Cook_4	Formage aux herbes fondu	0	727		Cook level 2 | Needs: 6x Gruyère kobold, 1x Fines herbes | Cost: 15 gold | Known automatically at that job level		job:Cook,source:Automatic
recipes	FormulaWeaponFlamingWeapon	Formule magique : Arme enflammée	2	877		Enchanter level 5 | Needs: 1x Papier enchanté lumineux, 10x Concentré d'Étincelle lumineuse, 1x Orbe lumineux du néant, 3x Fragment de pyre | Cost: 100 gold | Known automatically at that job level		job:Enchanter,source:Automatic
recipes	FormulaFeetArmor_Z2	Formule magique : Armure	1	878		Enchanter level 3 | Needs: 1x Papier enchanté lumineux, 8x Poudre lumineuse purifiée, 5x Particules lumineuses du néant, 5x Charbon | Cost: 50 gold | Known automatically at that job level		job:Enchanter,source:Automatic
recipes	FormulaFeetMinorArmor	Formule magique : Armure mineure	1	879		Enchanter level 1 | Needs: 1x Papier enchanté lumineux, 4x Poudre lumineuse purifiée, 3x Pierre scintillante | Cost: 30 gold | Known automatically at that job level		job:Enchanter,source:Automatic
recipes	FormulaFeetCritical_Z2	Formule magique : Chances de critique	1	878		Enchanter level 3 | Needs: 1x Papier enchanté lumineux, 8x Poudre lumineuse purifiée, 5x Particules lumineuses du néant, 2x Fragment de kyre | Cost: 50 gold | Unlocked by a recipe you must find		job:Enchanter,source:Recipe needed
recipes	FormulaFeetMinorCritical	Formule magique : Chances de critique mineures	1	879		Enchanter level 1 | Needs: 1x Papier enchanté lumineux, 4x Poudre lumineuse purifiée, 1x Fragment de kyre | Cost: 30 gold | Unlocked by a recipe you must find		job:Enchanter,source:Recipe needed
recipes	FormulaWeaponDevote	Formule magique : Dévot	2	880		Enchanter level 5 | Needs: 1x Papier enchanté lumineux, 10x Concentré d'Étincelle lumineuse, 1x Orbe lumineux du néant, 5x Bélior | Cost: 100 gold | Known automatically at that job level		job:Enchanter,source:Automatic
recipes	FormulaHandsDexterity_Z2	Formule magique : Dextérité	1	881		Enchanter level 4 | Needs: 1x Papier enchanté lumineux, 10x Poudre lumineuse purifiée, 8x Particules lumineuses du néant, 5x Chitine brillante | Cost: 50 gold | Unlocked by a recipe you must find		job:Enchanter,source:Recipe needed
recipes	FormulaHandsMinorDexterity	Formule magique : Dextérité mineure	1	882		Enchanter level 2 | Needs: 1x Papier enchanté lumineux, 6x Poudre lumineuse purifiée, 5x Ailes diaphanes | Cost: 30 gold | Unlocked by a recipe you must find		job:Enchanter,source:Recipe needed
recipes	FormulaFeetFervor_Z2	Formule magique : Ferveur	1	878		Enchanter level 3 | Needs: 1x Papier enchanté lumineux, 8x Poudre lumineuse purifiée, 5x Particules lumineuses du néant, 2x Fragment de Naya | Cost: 50 gold | Unlocked by a recipe you must find		job:Enchanter,source:Recipe needed
recipes	FormulaFeetMinorFervor	Formule magique : Ferveur mineure	1	879		Enchanter level 1 | Needs: 1x Papier enchanté lumineux, 4x Poudre lumineuse purifiée, 1x Fragment de Naya | Cost: 30 gold | Unlocked by a recipe you must find		job:Enchanter,source:Recipe needed
recipes	FormulaHandsFaith_Z2	Formule magique : Foi	1	881		Enchanter level 4 | Needs: 1x Papier enchanté lumineux, 10x Poudre lumineuse purifiée, 8x Particules lumineuses du néant, 1x Bélior | Cost: 50 gold | Unlocked by a recipe you must find		job:Enchanter,source:Recipe needed
recipes	FormulaHandsMinorFaith	Formule magique : Foi mineure	1	882		Enchanter level 2 | Needs: 1x Papier enchanté lumineux, 6x Poudre lumineuse purifiée, 5x Pédoncule oculaire | Cost: 30 gold | Unlocked by a recipe you must find		job:Enchanter,source:Recipe needed
recipes	FormulaHandsStrength_Z2	Formule magique : Force	1	881		Enchanter level 4 | Needs: 1x Papier enchanté lumineux, 10x Poudre lumineuse purifiée, 8x Particules lumineuses du néant, 5x Morceau de métal perforé | Cost: 50 gold | Unlocked by a recipe you must find		job:Enchanter,source:Recipe needed
recipes	FormulaHandsMinorStrength	Formule magique : Force mineure	1	882		Enchanter level 2 | Needs: 1x Papier enchanté lumineux, 6x Poudre lumineuse purifiée, 5x Petit croc | Cost: 30 gold | Unlocked by a recipe you must find		job:Enchanter,source:Recipe needed
recipes	FormulaHandsIntelligence_Z2	Formule magique : Intelligence	1	881		Enchanter level 4 | Needs: 1x Papier enchanté lumineux, 10x Poudre lumineuse purifiée, 8x Particules lumineuses du néant, 5x Écaille tranchante | Cost: 50 gold | Unlocked by a recipe you must find		job:Enchanter,source:Recipe needed
recipes	FormulaHandsMinorIntelligence	Formule magique : Intelligence mineure	1	882		Enchanter level 2 | Needs: 1x Papier enchanté lumineux, 6x Poudre lumineuse purifiée, 5x Nageoire collante | Cost: 30 gold | Unlocked by a recipe you must find		job:Enchanter,source:Recipe needed
recipes	FormulaFeetArmorPen_Z2	Formule magique : Perforation d'armure	1	878		Enchanter level 3 | Needs: 1x Papier enchanté lumineux, 8x Poudre lumineuse purifiée, 5x Particules lumineuses du néant, 2x Fragment de kyre | Cost: 50 gold | Unlocked by a recipe you must find		job:Enchanter,source:Recipe needed
recipes	FormulaFeetMinorArmorPen	Formule magique : Perforation d'armure mineure	1	879		Enchanter level 1 | Needs: 1x Papier enchanté lumineux, 4x Poudre lumineuse purifiée, 1x Fragment de kyre | Cost: 30 gold | Unlocked by a recipe you must find		job:Enchanter,source:Recipe needed
recipes	FormulaFeetMagicPen_Z2	Formule magique : Perforation magique	1	878		Enchanter level 3 | Needs: 1x Papier enchanté lumineux, 8x Poudre lumineuse purifiée, 5x Particules lumineuses du néant, 2x Fragment de Naya | Cost: 50 gold | Unlocked by a recipe you must find		job:Enchanter,source:Recipe needed
recipes	FormulaFeetMinorMagicPen	Formule magique : Perforation magique mineure	1	879		Enchanter level 1 | Needs: 1x Papier enchanté lumineux, 4x Résidus lumineux, 1x Fragment de Naya | Cost: 30 gold | Unlocked by a recipe you must find		job:Enchanter,source:Recipe needed
recipes	FormulaWeaponSparkHarvesting	Formule magique : Récolte d'Étincelle	2	877		Enchanter level 5 | Needs: 1x Papier enchanté lumineux, 10x Concentré d'Étincelle lumineuse, 1x Orbe lumineux du néant, 3x Fragment de mély | Cost: 100 gold | Known automatically at that job level		job:Enchanter,source:Automatic
recipes	FormulaHandsVitality_Z2	Formule magique : Vitalité	1	881		Enchanter level 4 | Needs: 1x Papier enchanté lumineux, 10x Poudre lumineuse purifiée, 8x Particules lumineuses du néant, 5x Sang frais | Cost: 50 gold | Known automatically at that job level		job:Enchanter,source:Automatic
recipes	FormulaHandsMinorVitality	Formule magique : Vitalité mineure	1	882		Enchanter level 2 | Needs: 1x Papier enchanté lumineux, 6x Poudre lumineuse purifiée, 5x Sang frais | Cost: 30 gold | Known automatically at that job level		job:Enchanter,source:Automatic
recipes	FormulaWeaponLifestealing	Formule magique : Vol de vie	2	880		Enchanter level 6 | Needs: 1x Papier enchanté lumineux, 10x Concentré d'Étincelle lumineuse, 1x Orbe lumineux du néant, 10x OEil malveillant | Cost: 100 gold | Known automatically at that job level		job:Enchanter,source:Automatic
recipes	FormulaWeaponZealot	Formule magique : Zélote	2	880		Enchanter level 5 | Needs: 1x Papier enchanté lumineux, 10x Concentré d'Étincelle lumineuse, 1x Orbe lumineux du néant, 5x Bélior | Cost: 100 gold | Known automatically at that job level		job:Enchanter,source:Automatic
recipes	PrismaticFragment	Fragment prismatique	2	814		Alchemist level 3 | Needs: 1x Fragment de pyre, 1x Fragment de kyre, 1x Fragment de mély, 1x Fragment d'Éoyl, 1x Fragment de Naya, 5x Bélior | Known automatically at that job level		job:Alchemist,source:Automatic
recipes	Hands_RManfish_FigAss_Craft	Gantelets des profondeurs	2	189		Blacksmith level 2 | Needs: 15x Lingot de cuivre, 20x Nageoire collante, 1x Fragment de Naya, 1x Perle ordinaire | Cost: 100 gold | Known automatically at that job level		job:Blacksmith,source:Automatic
recipes	Hands_RKobold_Cle_Craft	Gants de fromagomancie	2	192		Outfitter level 1 | Needs: 8x Rouleau de toile de lin, 15x Petit croc, 1x Fragment de kyre | Cost: 75 gold | Known automatically at that job level		job:Outfitter,source:Automatic
recipes	Cook_11	Garbure de mendiant	0	728		Cook level 4 | Needs: 3x Pains rassis, 3x Graisse, 1x Sauce du chasseur | Cost: 30 gold | Known automatically at that job level		job:Cook,source:Automatic
recipes	Cook_3	Goulasch de crabe	0	730		Cook level 1 | Needs: 6x Pince charnue, 1x Sauce du pêcheur | Cost: 15 gold | Known automatically at that job level		job:Cook,source:Automatic
recipes	MoteOfAir	Grain d'Éoyl	0	816		Alchemist level 3 | Needs: 3x Chitine brillante, 1x Échantillon d'étincelle | Known automatically at that job level		job:Alchemist,source:Automatic
recipes	MoteOfEarth	Grain de kyre	0	817		Alchemist level 1 | Needs: 3x Pierre fissurée, 1x Échantillon d'étincelle | Known automatically at that job level		job:Alchemist,source:Automatic
recipes	MoteOfNature	Grain de mély	0	818		Alchemist level 1 | Needs: 3x Sang frais, 1x Échantillon d'étincelle | Known automatically at that job level		job:Alchemist,source:Automatic
recipes	MoteOfWater	Grain de Naya	0	819		Alchemist level 1 | Needs: 3x Nageoire collante, 1x Échantillon d'étincelle | Known automatically at that job level		job:Alchemist,source:Automatic
recipes	MoteOfFire	Grain de pyre	0	821		Alchemist level 3 | Needs: 3x Charbon, 1x Échantillon d'étincelle | Known automatically at that job level		job:Alchemist,source:Automatic
recipes	BronzeIngot	Lingot de bronze	1	824		Blacksmith level 3 | Needs: 5x Minerai d'étain, 1x Lingot de cuivre, 1x Échantillon d'étincelle | Known automatically at that job level		job:Blacksmith,source:Automatic
recipes	CopperIngot	Lingot de cuivre	1	825		Blacksmith level 1 | Needs: 5x Minerai de cuivre, 1x Échantillon d'étincelle | Known automatically at that job level		job:Blacksmith,source:Automatic
recipes	TungsteneIngot	Lingot de tungstène	2	827		Blacksmith level 2 | Needs: 5x Minerai de tungstène, 1x Échantillon d'étincelle | Known automatically at that job level		job:Blacksmith,source:Automatic
recipes	CutMalachite	Malachite taillée	2	829		Jeweller level 3 | Needs: 1x Malachite, 3x Pierre taillée fissurée | Known automatically at that job level		job:Jeweller,source:Automatic
recipes	Cook_5	Maquereau grillé	0	734		Cook level 2 | Needs: 6x Petit maquereau, 1x Sauce du pêcheur | Cost: 15 gold | Unlocked by a recipe you must find		job:Cook,source:Recipe needed
recipes	Feet_RKobold_FigCle_Craft	Marche-fromages ardents	2	252		Blacksmith level 3 | Needs: 8x Lingot de bronze, 15x Petit croc, 5x Morceau de métal perforé, 2x Fragment de kyre | Cost: 125 gold | Known automatically at that job level		job:Blacksmith,source:Automatic
recipes	Head_RDemon_Craft_WizCle	Masque du diablotin importun	2	254		Outfitter level 6 | Needs: 18x Toile de lin, 4x Fourrure douce, 16x Tranche caudale, 2x Fragment de nuon | Cost: 200 gold | Known automatically at that job level		job:Outfitter,source:Automatic
recipes	CopperSetting	Monture en cuivre	1	834		Jeweller level 1 | Needs: 10x Minerai de cuivre | Known automatically at that job level		job:Jeweller,source:Automatic
recipes	BrutalityCursedCutEye	OEil maudit de la brutalité	1	883		Jeweller level 6 | Needs: 3x OEil malveillant, 1x Fragment de nuon | Cost: 50 gold | Unlocked by a recipe you must find | Sold by a merchant	Zoey, Demon Huntress - Azuram Hub@1312.9,72.6,172.5;Zoey, Demon Huntress - CrimsonIsland South@586.2,-80.5,57;Zoey, Demon Huntress - Primevalley Hub@-339.4,1416.4,52.5	job:Jeweller,source:Recipe needed
recipes	DominationCursedCutEye	OEil maudit de la domination	1	883		Jeweller level 6 | Needs: 3x OEil malveillant, 1x Fragment de nuon | Cost: 50 gold | Unlocked by a recipe you must find | Sold by a merchant	Zoey, Demon Huntress - Azuram Hub@1312.9,72.6,172.5;Zoey, Demon Huntress - CrimsonIsland South@586.2,-80.5,57;Zoey, Demon Huntress - Primevalley Hub@-339.4,1416.4,52.5	job:Jeweller,source:Recipe needed
recipes	FanatismCursedCutEye	OEil maudit du fanatisme	1	883		Jeweller level 6 | Needs: 3x OEil malveillant, 1x Fragment de nuon | Cost: 50 gold | Unlocked by a recipe you must find | Sold by a merchant	Zoey, Demon Huntress - Azuram Hub@1312.9,72.6,172.5;Zoey, Demon Huntress - CrimsonIsland South@586.2,-80.5,57;Zoey, Demon Huntress - Primevalley Hub@-339.4,1416.4,52.5	job:Jeweller,source:Recipe needed
recipes	ViceCursedCutEye	OEil maudit du vice	1	883		Jeweller level 6 | Needs: 3x OEil malveillant, 1x Fragment de nuon | Cost: 50 gold | Unlocked by a recipe you must find | Sold by a merchant	Zoey, Demon Huntress - Azuram Hub@1312.9,72.6,172.5;Zoey, Demon Huntress - CrimsonIsland South@586.2,-80.5,57;Zoey, Demon Huntress - Primevalley Hub@-339.4,1416.4,52.5	job:Jeweller,source:Recipe needed
recipes	Cook_16	Omelette de la mer	0	737		Cook level 4 | Needs: 6x OEuf de crabe, 1x Sauce du pêcheur | Cost: 30 gold | Unlocked by a recipe you must find		job:Cook,source:Recipe needed
recipes	BrightVoidOrb	Orbe lumineux du néant	2	838		Enchanter level 5 | Needs: 20x Particules lumineuses du néant, 10x Coeur éphémère | Known automatically at that job level		job:Enchanter,source:Automatic
recipes	EnchantPaper_Z1	Papier enchanté lumineux	2	839		Enchanter level 1 | Needs: 1x Blank Page, 3x Fragments lumineux | Known automatically at that job level		job:Enchanter,source:Automatic
recipes	ScrollOfCorruptedIntellect	Parchemin d'Intelligence corrompue	0	739		Enchanter level 6 | Needs: 1x Blank Page, 2x Poudre lumineuse purifiée, 1x Aile voilée | Unlocked by a recipe you must find | Sold by a merchant	Zoey, Demon Huntress - Azuram Hub@1312.9,72.6,172.5;Zoey, Demon Huntress - CrimsonIsland South@586.2,-80.5,57;Zoey, Demon Huntress - Primevalley Hub@-339.4,1416.4,52.5	job:Enchanter,source:Recipe needed
recipes	ScrollOfIntelligence	Parchemin d'Intelligence I	0	740		Enchanter level 1 | Needs: 1x Blank Page, 2x Poudre lumineuse purifiée, 3x Nageoire collante | Known automatically at that job level		job:Enchanter,source:Automatic
recipes	ScrollOfCorruptedDexterity	Parchemin de Dextérité corrompue	0	741		Enchanter level 6 | Needs: 1x Blank Page, 2x Poudre lumineuse purifiée, 1x Aile voilée | Unlocked by a recipe you must find | Sold by a merchant	Zoey, Demon Huntress - Azuram Hub@1312.9,72.6,172.5;Zoey, Demon Huntress - CrimsonIsland South@586.2,-80.5,57;Zoey, Demon Huntress - Primevalley Hub@-339.4,1416.4,52.5	job:Enchanter,source:Recipe needed
recipes	ScrollOfDexterity	Parchemin de Dextérité I	0	742		Enchanter level 1 | Needs: 1x Blank Page, 2x Poudre lumineuse purifiée, 3x Ailes diaphanes | Known automatically at that job level		job:Enchanter,source:Automatic
recipes	ScrollOfCorruptedFaith	Parchemin de Foi corrompue	0	743		Enchanter level 6 | Needs: 1x Blank Page, 2x Poudre lumineuse purifiée, 3x Corne démoniaque | Unlocked by a recipe you must find | Sold by a merchant	Zoey, Demon Huntress - Azuram Hub@1312.9,72.6,172.5;Zoey, Demon Huntress - CrimsonIsland South@586.2,-80.5,57;Zoey, Demon Huntress - Primevalley Hub@-339.4,1416.4,52.5	job:Enchanter,source:Recipe needed
recipes	ScrollOfFaith	Parchemin de Foi I	0	744		Enchanter level 1 | Needs: 1x Blank Page, 2x Poudre lumineuse purifiée, 3x Pédoncule oculaire | Known automatically at that job level		job:Enchanter,source:Automatic
recipes	ScrollOfCorruptedStrength	Parchemin de Force corrompue	0	745		Enchanter level 6 | Needs: 1x Blank Page, 2x Poudre lumineuse purifiée, 3x Corne démoniaque | Unlocked by a recipe you must find | Sold by a merchant	Zoey, Demon Huntress - Azuram Hub@1312.9,72.6,172.5;Zoey, Demon Huntress - CrimsonIsland South@586.2,-80.5,57;Zoey, Demon Huntress - Primevalley Hub@-339.4,1416.4,52.5	job:Enchanter,source:Recipe needed
recipes	ScrollOfStrength	Parchemin de Force I	0	746		Enchanter level 1 | Needs: 1x Blank Page, 2x Poudre lumineuse purifiée, 3x Petit croc | Known automatically at that job level		job:Enchanter,source:Automatic
recipes	ScrollOfVitality	Parchemin de Vitalité I	0	747		Enchanter level 1 | Needs: 1x Blank Page, 2x Poudre lumineuse purifiée, 3x Sang frais | Known automatically at that job level		job:Enchanter,source:Automatic
recipes	Cook_13	Pastille de la ruche	0	748		Cook level 4 | Needs: 6x Gelée royale, 1x Fines herbes | Cost: 30 gold | Unlocked by a recipe you must find		job:Cook,source:Recipe needed
recipes	Necklace_Z1RCraft	Pendentif de Polyvalence	2	643		Jeweller level 1 | Needs: 4x Monture en cuivre, 3x Pierre scintillante, 1x Perle ordinaire | Cost: 100 gold | Known automatically at that job level		job:Jeweller,source:Automatic
recipes	Necklace_Z2RCraft	Pendentif de Souplesse	2	644		Jeweller level 5 | Needs: 4x Monture en cuivre, 5x Bélior, 1x Ambre, 1x Béryl, 1x Rubis, 1x Agate | Cost: 150 gold | Known automatically at that job level		job:Jeweller,source:Automatic
recipes	PrismaticPearl	Perle prismatique	2	645		Alchemist level 4 | Needs: 1x Perle ordinaire, 5x Essence fraîche, 5x Bélior, 1x Fragment prismatique | Cost: 150 gold | Known automatically at that job level		job:Alchemist,source:Automatic
recipes	Whetstone	Pierre à aiguiser	0	750	Augmente votre PhysicalMastery de 10 % pendant 1 h si vous utilisez une arme tranchante.	Blacksmith level 1 | Needs: 5x Pierre fissurée, 1x Pierre scintillante, 1x Échantillon d'étincelle | Known automatically at that job level		job:Blacksmith,source:Automatic
recipes	Weightstone	Pierre à frapper	0	751	Augmente votre PhysicalMastery de 10 % pendant 1 h si vous utilisez une arme contondante.	Blacksmith level 1 | Needs: 5x Pierre fissurée, 1x Pierre scintillante, 1x Échantillon d'étincelle | Known automatically at that job level		job:Blacksmith,source:Automatic
recipes	StoneOfPower	Pierre de puissance	2	646		Alchemist level 1 | Needs: 1x Pierre scintillante, 2x Fragment de kyre, 15x Pétale de galantula | Cost: 75 gold | Known automatically at that job level		job:Alchemist,source:Automatic
recipes	StoneOfCunning	Pierre de ruse	2	647		Alchemist level 1 | Needs: 1x Pierre scintillante, 2x Fragment de mély, 15x Pétale de lavendula | Cost: 75 gold | Known automatically at that job level		job:Alchemist,source:Automatic
recipes	StoneOfWisdom	Pierre de sagesse	2	648		Alchemist level 1 | Needs: 1x Pierre scintillante, 2x Fragment de Naya, 15x Pétale de galantula | Cost: 75 gold | Known automatically at that job level		job:Alchemist,source:Automatic
recipes	StoneOfRighteousness	Pierre de vertu	2	646		Alchemist level 1 | Needs: 1x Pierre scintillante, 2x Fragment de kyre, 10x Pétale de lavendula | Cost: 75 gold | Known automatically at that job level		job:Alchemist,source:Automatic
recipes	PhilosopherStone	Pierre philosophale	2	649		Alchemist level 2 | Needs: 5x Minerai de tungstène, 1x Perle ordinaire, 1x Fragment de kyre, 1x Fragment de mély, 1x Fragment de Naya | Cost: 100 gold | Known automatically at that job level		job:Alchemist,source:Automatic
recipes	CutStone	Pierre taillée fissurée	1	858		Jeweller level 2 | Needs: 3x Pierre fissurée, 1x Échantillon d'étincelle | Known automatically at that job level		job:Jeweller,source:Automatic
recipes	HonedCopperPlate	Plaque de bronze améliorée	1	884		Blacksmith level 4 | Needs: 3x Alliage scintillant | Cost: 50 gold | Unlocked by a recipe you must find		job:Blacksmith,source:Recipe needed
recipes	DivinedCopperPlate	Plaque de bronze divine	1	884		Blacksmith level 4 | Needs: 3x Alliage scintillant | Cost: 50 gold | Unlocked by a recipe you must find		job:Blacksmith,source:Recipe needed
recipes	GracefulCopperPlate	Plaque de bronze gracieuse	1	884		Blacksmith level 4 | Needs: 3x Alliage scintillant | Cost: 50 gold | Unlocked by a recipe you must find		job:Blacksmith,source:Recipe needed
recipes	MysticCopperPlate	Plaque de bronze mystique	1	884		Blacksmith level 4 | Needs: 3x Alliage scintillant | Cost: 50 gold | Unlocked by a recipe you must find		job:Blacksmith,source:Recipe needed
recipes	RunedCopperPlate	Plaque de bronze ornée de runes	1	884		Blacksmith level 4 | Needs: 3x Alliage scintillant | Cost: 50 gold | Unlocked by a recipe you must find		job:Blacksmith,source:Recipe needed
recipes	ReinforcedCopperPlate	Plaque de bronze renforcée	1	884		Blacksmith level 4 | Needs: 3x Alliage scintillant | Cost: 50 gold | Known automatically at that job level		job:Blacksmith,source:Automatic
recipes	SanctifiedCopperPlate	Plaque de bronze sanctifiée	1	884		Blacksmith level 4 | Needs: 3x Alliage scintillant | Cost: 50 gold | Unlocked by a recipe you must find		job:Blacksmith,source:Recipe needed
recipes	Chest_RKobold_FigAss	Plastron de Cantal Goya	2	314		Blacksmith level 1 | Needs: 10x Lingot de cuivre, 20x Petit croc, 1x Fragment de kyre | Cost: 75 gold | Known automatically at that job level		job:Blacksmith,source:Automatic
recipes	Chest_RCrimson_Fig_Craft	Plastron écarlate	2	316		Blacksmith level 5 | Needs: 18x Lingot de bronze, 8x Bélior | Cost: 150 gold | Known automatically at that job level		job:Blacksmith,source:Automatic
recipes	LongBreathPotion	Potion d'apnée améliorée	0	756	Vous permet de retenir votre souffle sous l'eau pendant 2 minutes supplémentaires.	Alchemist level 2 | Needs: 1x Fiole, 3x Pétale de lavendula, 6x Nageoire collante, 1x Spores étranges | Unlocked by a recipe you must find		job:Alchemist,source:Recipe needed
recipes	MinorIntelligencePotion	Potion d'intelligence mineure	0	757		Alchemist level 6 | Needs: 1x Fiole, 1x Poudre de fleur fraîche, 1x Fragment de nuon, 1x Spores étranges | Cost: 25 gold | Known automatically at that job level		job:Alchemist,source:Automatic
recipes	InvisibilityPotion	Potion d'invisibilité	0	758	Vous devenez invisible pendant 15 s.	Alchemist level 4 | Needs: 1x Fiole, 1x Poudre de fleur fraîche, 1x Fragment de mély, 1x Spores étranges | Unlocked by a recipe you must find		job:Alchemist,source:Recipe needed
recipes	ShieldPotion_Z2	Potion de bouclier	0	759	Vous obtenez un Shield qui absorbe 250 points de dégâts pendant 20 s.	Alchemist level 5 | Needs: 1x Fiole, 1x Poudre de fleur fraîche, 1x Fragment de kyre, 1x Spores étranges | Unlocked by a recipe you must find		job:Alchemist,source:Recipe needed
recipes	MinorShieldPotion	Potion de bouclier mineure	0	760	Vous obtenez un Shield qui absorbe 150 points de dégâts pendant 20 s.	Alchemist level 2 | Needs: 1x Fiole, 1x Pétale de galantula, 2x Pierre scintillante, 1x Spores étranges | Unlocked by a recipe you must find		job:Alchemist,source:Recipe needed
recipes	MinorDexterityPotion	Potion de dextérité mineure	0	761		Alchemist level 6 | Needs: 1x Fiole, 1x Poudre de fleur fraîche, 1x Fragment de nuon, 1x Spores étranges | Cost: 25 gold | Known automatically at that job level		job:Alchemist,source:Automatic
recipes	MinorFaithPotion	Potion de foi mineure	0	762		Alchemist level 6 | Needs: 1x Fiole, 1x Poudre de fleur fraîche, 1x Fragment de nuon, 1x Spores étranges | Cost: 25 gold | Known automatically at that job level		job:Alchemist,source:Automatic
recipes	MinorStrengthPotion	Potion de force mineure	0	763		Alchemist level 6 | Needs: 1x Fiole, 1x Poudre de fleur fraîche, 1x Fragment de nuon, 1x Spores étranges | Cost: 25 gold | Known automatically at that job level		job:Alchemist,source:Automatic
recipes	FastSwimPotion	Potion de nage rapide	0	764	Augmente votre MoveSpeedFactor sous l'eau de 30 % pendant 20 s.	Alchemist level 4 | Needs: 1x Fiole, 1x Poudre de fleur fraîche, 1x Écaille tranchante, 3x Nageoire collante, 1x Spores étranges | Unlocked by a recipe you must find		job:Alchemist,source:Recipe needed
recipes	VesselPotion	Potion de réceptacle	0	765	Invoque un diablotin toutes les 3 s pendant 20 s.	Alchemist level 6 | Needs: 1x Fiole, 1x Poudre de fleur fraîche, 5x Aile voilée, 1x Spores étranges | Unlocked by a recipe you must find | Sold by a merchant	Zoey, Demon Huntress - Azuram Hub@1312.9,72.6,172.5;Zoey, Demon Huntress - CrimsonIsland South@586.2,-80.5,57;Zoey, Demon Huntress - Primevalley Hub@-339.4,1416.4,52.5	job:Alchemist,source:Recipe needed
recipes	SacrificePotion	Potion de sacrifice	0	766	Convertit la moitié de vos Health actuels en Shield pendant 20 s.	Alchemist level 6 | Needs: 1x Fiole, 1x Poudre de fleur fraîche, 5x Corne démoniaque, 1x Spores étranges | Unlocked by a recipe you must find | Sold by a merchant	Zoey, Demon Huntress - Azuram Hub@1312.9,72.6,172.5;Zoey, Demon Huntress - CrimsonIsland South@586.2,-80.5,57;Zoey, Demon Huntress - Primevalley Hub@-339.4,1416.4,52.5	job:Alchemist,source:Recipe needed
recipes	MinorHealingPotion	Potion de soin mineure	0	768	Rend 100 Health en 10 s.	Alchemist level 1 | Needs: 1x Fiole, 1x Pétale de galantula, 1x Pétale de lavendula, 3x Sang frais, 1x Spores étranges | Known automatically at that job level		job:Alchemist,source:Automatic
recipes	MinorVelocityPotion	Potion de vélocité mineure	0	769	Augmente votre MoveSpeedFactor de 50 % pendant 10 s.	Alchemist level 4 | Needs: 1x Fiole, 1x Poudre de fleur fraîche, 1x Fragment d'Éoyl, 1x Spores étranges | Unlocked by a recipe you must find		job:Alchemist,source:Recipe needed
recipes	FreshFlowerPowder	Poudre de fleur fraîche	1	860		Alchemist level 3 | Needs: 2x Pétale de galantula, 2x Pétale de lavendula, 2x Pétale de thym antique, 1x Échantillon d'étincelle | Known automatically at that job level		job:Alchemist,source:Automatic
recipes	EnchantPowder_Z1	Poudre lumineuse purifiée	1	861		Enchanter level 1 | Needs: 5x Résidus lumineux, 1x Échantillon d'étincelle | Known automatically at that job level		job:Enchanter,source:Automatic
recipes	TinProspecting	Prospection d'étain	0	885	Broyez des minerais pour trouver des pierres précieuses rudimentaires.	Jeweller level 3 | Needs: 10x Minerai d'étain, 1x Échantillon d'étincelle | Known automatically at that job level		job:Jeweller,source:Automatic
recipes	TungsteneProspecting	Prospection de tungstène	0	886	Broyez des minerais pour trouver des pierres précieuses rudimentaires.	Jeweller level 1 | Needs: 10x Minerai de tungstène, 1x Échantillon d'étincelle | Known automatically at that job level		job:Jeweller,source:Automatic
recipes	Cook_6	Ragoût de putois	0	771		Cook level 1 | Needs: 6x Chair de putois, 1x Sauce du chasseur | Cost: 15 gold | Known automatically at that job level		job:Cook,source:Automatic
recipes	Cook_1	Ragoût de sanglier	0	772		Cook level 2 | Needs: 6x Chair de sanglier, 1x Sauce du chasseur | Cost: 15 gold | Unlocked by a recipe you must find		job:Cook,source:Recipe needed
recipes	Cook_Demon_4	Ragoût démoniaque	0	773		Cook level 6 | Needs: 3x Corne démoniaque, 3x Tranche caudale, 1x Sauce du chasseur | Cost: 30 gold | Unlocked by a recipe you must find | Sold by a merchant	Zoey, Demon Huntress - Azuram Hub@1312.9,72.6,172.5;Zoey, Demon Huntress - CrimsonIsland South@586.2,-80.5,57;Zoey, Demon Huntress - Primevalley Hub@-339.4,1416.4,52.5	job:Cook,source:Recipe needed
recipes	CopperProspecting	Recherche de cuivre	0	887	Broyez des minerais pour trouver des pierres précieuses rudimentaires.	Jeweller level 1 | Needs: 10x Minerai de cuivre, 1x Échantillon d'étincelle | Known automatically at that job level		job:Jeweller,source:Automatic
recipes	LinenBolt	Rouleau de toile de lin	1	863		Outfitter level 1 | Needs: 3x Toile de lin, 1x Échantillon d'étincelle | Known automatically at that job level		job:Outfitter,source:Automatic
recipes	CutRuby	Rubis taillé	1	865		Jeweller level 4 | Needs: 1x Rubis, 3x Pierre taillée fissurée | Known automatically at that job level		job:Jeweller,source:Automatic
recipes	GildedCutRuby	Rubis taillé doré	1	888		Jeweller level 4 | Needs: 1x Rubis taillé | Cost: 50 gold | Unlocked by a recipe you must find		job:Jeweller,source:Recipe needed
recipes	AttunedCutRuby	Rubis taillé harmonisé	1	888		Jeweller level 4 | Needs: 1x Rubis taillé | Cost: 50 gold | Unlocked by a recipe you must find		job:Jeweller,source:Recipe needed
recipes	TemperedCutRuby	Rubis taillé trempé	1	888		Jeweller level 4 | Needs: 1x Rubis taillé | Cost: 50 gold | Unlocked by a recipe you must find		job:Jeweller,source:Recipe needed
recipes	Bag_Z2	Sac en coton	1	889	Ajoute 10 emplacements à votre inventaire.	Outfitter level 3 | Needs: 5x Rouleau de toile de lin, 5x Cuir tanné léger, 3x Fourrure douce | Known automatically at that job level		job:Outfitter,source:Automatic
recipes	LinenBag	Sac en lin	1	890	Ajoute 8 emplacements à votre inventaire.	Outfitter level 1 | Needs: 3x Rouleau de toile de lin, 3x Cuir tanné léger | Known automatically at that job level		job:Outfitter,source:Automatic
recipes	Cook_8	Salade composée	0	775		Cook level 2 | Needs: 2x Pétale de galantula, 2x Pétale de lavendula, 1x Fines herbes | Cost: 15 gold | Known automatically at that job level		job:Cook,source:Automatic
recipes	Cook_Demon_0	Salade d'yeux	0	776		Cook level 6 | Needs: 1x OEil malveillant, 1x Fines herbes | Cost: 30 gold | Known automatically at that job level		job:Cook,source:Automatic
recipes	HunterSauce	Sauce du chasseur	1	867		Cook level 1 | Needs: 5x Sang frais, 1x Petit croc, 1x Échantillon d'étincelle | Known automatically at that job level		job:Cook,source:Automatic
recipes	FishermanSauce	Sauce du pêcheur	1	868		Cook level 1 | Needs: 5x Sang frais, 1x Pince charnue, 1x Échantillon d'étincelle | Known automatically at that job level		job:Cook,source:Automatic
recipes	Finger_Z2RCraft_CriAP	Sceau de combattant	2	653		Jeweller level 3 | Needs: 2x Monture en cuivre, 3x Pierre scintillante, 3x Agate | Cost: 125 gold | Known automatically at that job level		job:Jeweller,source:Automatic
recipes	Finger_Z2RCraft_FerMP	Sceau de sorcier	2	654		Jeweller level 3 | Needs: 2x Monture en cuivre, 3x Pierre scintillante, 3x Rubis | Cost: 125 gold | Known automatically at that job level		job:Jeweller,source:Automatic
recipes	Feet_RCrimson_FigCle	Solerets rivaux de Cornacier	2	377		Blacksmith level 5 | Needs: 12x Lingot de bronze, 5x Bélior | Cost: 150 gold | Known automatically at that job level		job:Blacksmith,source:Automatic
recipes	Finger_Z3RCraft_Ap	Solitaire de Fracture	2	655		Jeweller level 6 | Needs: 2x Monture en cuivre, 3x Pierre scintillante, 5x OEil malveillant, 5x Bélior | Cost: 150 gold | Known automatically at that job level		job:Jeweller,source:Automatic
recipes	Finger_Z3RCraft_Mp	Solitaire de Lucidité	2	655		Jeweller level 6 | Needs: 2x Monture en cuivre, 3x Pierre scintillante, 5x OEil malveillant, 5x Bélior | Cost: 150 gold | Known automatically at that job level		job:Jeweller,source:Automatic
recipes	Finger_Z3RCraft_Cri	Solitaire de Précision	2	655		Jeweller level 6 | Needs: 2x Monture en cuivre, 3x Pierre scintillante, 5x OEil malveillant, 5x Bélior | Cost: 150 gold | Known automatically at that job level		job:Jeweller,source:Automatic
recipes	Finger_Z3RCraft_Fer	Solitaire de zèle	2	655		Jeweller level 6 | Needs: 2x Monture en cuivre, 3x Pierre scintillante, 5x OEil malveillant, 5x Bélior | Cost: 150 gold | Known automatically at that job level		job:Jeweller,source:Automatic
recipes	Cook_10	Soupe de racines de Skover	0	777		Cook level 3 | Needs: 6x Racine sucrée, 1x Fines herbes | Cost: 30 gold | Known automatically at that job level		job:Cook,source:Automatic
recipes	Cook_12	Tarte à la citrouille	0	778		Cook level 3 | Needs: 3x Blé, 3x Citrouille, 1x Fines herbes | Cost: 30 gold | Known automatically at that job level		job:Cook,source:Automatic
recipes	Chest_RCrimson_WizCle_Craft	Tenue sacrificielle	2	381		Outfitter level 5 | Needs: 20x Toile de lin, 6x Fourrure douce, 8x Bélior | Cost: 150 gold | Known automatically at that job level		job:Outfitter,source:Automatic
recipes	HideboundWeave	Tissage doux	2	870		Outfitter level 4 | Needs: 2x Fourrure douce, 1x Cuir tanné léger, 1x Rouleau de toile de lin | Known automatically at that job level		job:Outfitter,source:Automatic
recipes	Chest_RBee_AssWiz_Craft	Veste ailée splendide	2	403		Outfitter level 3 | Needs: 15x Cuir tanné léger, 12x Chitine brillante, 5x Fourrure douce, 2x Fragment de mély | Cost: 125 gold | Known automatically at that job level		job:Outfitter,source:Automatic
recipes	Head_RDemon_Fig_Craft	Visière de brutalité	2	420		Blacksmith level 6 | Needs: 18x Lingot de bronze, 16x Corne démoniaque, 2x Fragment de nuon | Cost: 200 gold | Known automatically at that job level		job:Blacksmith,source:Automatic
augments	SurgingCutAgate	Agate taillée énergisante	1	873		Craft: Jeweller (lvl 4), recipe from Recipe_SurgingCutAgate		type:AugmentJeweller
augments	SunderedCutAgate	Agate taillée fendue	1	873		Craft: Jeweller (lvl 4), recipe from Recipe_SunderedCutAgate		type:AugmentJeweller
augments	ResonantCutAgate	Agate taillée résonante	1	873		Craft: Jeweller (lvl 4), recipe from Recipe_ResonantCutAgate		type:AugmentJeweller
augments	StrongCutAgate	Agate taillée solide	1	873		Craft: Jeweller (lvl 4)		type:AugmentJeweller
augments	SurgingCutAmber	Ambre taillé énergisant	1	874		Craft: Jeweller (lvl 2), recipe from Recipe_SurgingCutAmber		type:AugmentJeweller
augments	SunderedCutAmber	Ambre taillé fendu	1	874		Craft: Jeweller (lvl 2), recipe from Recipe_SunderedCutAmber		type:AugmentJeweller
augments	ResonantCutAmber	Ambre taillé résonant	1	874		Craft: Jeweller (lvl 2), recipe from Recipe_ResonantCutAmber		type:AugmentJeweller
augments	StrongCutAmber	Ambre taillé solide	1	874		Craft: Jeweller (lvl 2)		type:AugmentJeweller
augments	GildedCutBeryl	Béryl taillé doré	1	875		Craft: Jeweller (lvl 2), recipe from Recipe_GildedCutBeryl		type:AugmentJeweller
augments	AttunedCutBeryl	Béryl taillé harmonisé	1	875		Craft: Jeweller (lvl 2), recipe from Recipe_AttunedCutBeryl		type:AugmentJeweller
augments	TemperedCutBeryl	Béryl taillé trempé	1	875		Craft: Jeweller (lvl 2), recipe from Recipe_TemperedCutBeryl		type:AugmentJeweller
augments	HonedEmbroidery	Broderie douce améliorée	1	876		Craft: Outfitter (lvl 4), recipe from Recipe_HonedEmbroidery		type:AugmentOutfitter
augments	DivinedEmbroidery	Broderie douce divine	1	876		Craft: Outfitter (lvl 4), recipe from Recipe_DivinedEmbroidery		type:AugmentOutfitter
augments	GracefulEmbroidery	Broderie douce gracieuse	1	876		Craft: Outfitter (lvl 4), recipe from Recipe_GracefulEmbroidery		type:AugmentOutfitter
augments	MysticEmbroidery	Broderie douce mystique	1	876		Craft: Outfitter (lvl 4), recipe from Recipe_MysticEmbroidery		type:AugmentOutfitter
augments	RunedEmbroidery	Broderie douce ornée de runes	1	876		Craft: Outfitter (lvl 4), recipe from Recipe_RunedEmbroidery		type:AugmentOutfitter
augments	ReinforcedEmbroidery	Broderie douce renforcée	1	876		Craft: Outfitter (lvl 4)		type:AugmentOutfitter
augments	SanctifiedEmbroidery	Broderie douce sanctifiée	1	876		Craft: Outfitter (lvl 4), recipe from Recipe_SanctifiedEmbroidery		type:AugmentOutfitter
augments	DemonGearUpgrade_APToCrit	Cadeau corrompu	3	891		Drops: Demon Leg Upgrade (rare)		type:AugmentDemon
augments	DemonGearUpgrade_APToFerv	Cadeau corrompu	3	892		Drops: Demon Leg Upgrade (rare)		type:AugmentDemon
augments	DemonGearUpgrade_APToMP	Cadeau corrompu	3	893		Drops: Demon Leg Upgrade (rare)		type:AugmentDemon
augments	DemonGearUpgrade_CritToAP	Cadeau corrompu	3	894		Drops: Demon Leg Upgrade (rare)		type:AugmentDemon
augments	DemonGearUpgrade_CritToFerv	Cadeau corrompu	3	895		Drops: Demon Leg Upgrade (rare)		type:AugmentDemon
augments	DemonGearUpgrade_CritToMP	Cadeau corrompu	3	896		Drops: Demon Leg Upgrade (rare)		type:AugmentDemon
augments	DemonGearUpgrade_FervToAp	Cadeau corrompu	3	897		Drops: Demon Leg Upgrade (rare)		type:AugmentDemon
augments	DemonGearUpgrade_FervToCrit	Cadeau corrompu	3	898		Drops: Demon Leg Upgrade (rare)		type:AugmentDemon
augments	DemonGearUpgrade_FervToMP	Cadeau corrompu	3	899		Drops: Demon Leg Upgrade (rare)		type:AugmentDemon
augments	DemonGearUpgrade_MPToAP	Cadeau corrompu	3	900		Drops: Demon Leg Upgrade (rare)		type:AugmentDemon
augments	DemonGearUpgrade_MPToCrit	Cadeau corrompu	3	901		Drops: Demon Leg Upgrade (rare)		type:AugmentDemon
augments	DemonGearUpgrade_MPToFerv	Cadeau corrompu	3	902		Drops: Demon Leg Upgrade (rare)		type:AugmentDemon
augments	DemonGearUpgradeRare_APToCrit	Cadeau corrompu	2	903		Drops: Demon Rare Upgrade (rare)		type:AugmentDemon
augments	DemonGearUpgradeRare_APToFerv	Cadeau corrompu	2	904		Drops: Demon Rare Upgrade (rare)		type:AugmentDemon
augments	DemonGearUpgradeRare_APToMP	Cadeau corrompu	2	905		Drops: Demon Rare Upgrade (rare)		type:AugmentDemon
augments	DemonGearUpgradeRare_CritToAP	Cadeau corrompu	2	906		Drops: Demon Rare Upgrade (rare)		type:AugmentDemon
augments	DemonGearUpgradeRare_CritToFerv	Cadeau corrompu	2	907		Drops: Demon Rare Upgrade (rare)		type:AugmentDemon
augments	DemonGearUpgradeRare_CritToMP	Cadeau corrompu	2	908		Drops: Demon Rare Upgrade (rare)		type:AugmentDemon
augments	DemonGearUpgradeRare_FervToAp	Cadeau corrompu	2	909		Drops: Demon Rare Upgrade (rare)		type:AugmentDemon
augments	DemonGearUpgradeRare_FervToCrit	Cadeau corrompu	2	910		Drops: Demon Rare Upgrade (rare)		type:AugmentDemon
augments	DemonGearUpgradeRare_FervToMP	Cadeau corrompu	2	911		Drops: Demon Rare Upgrade (rare)		type:AugmentDemon
augments	DemonGearUpgradeRare_MPToAP	Cadeau corrompu	2	912		Drops: Demon Rare Upgrade (rare)		type:AugmentDemon
augments	DemonGearUpgradeRare_MPToCrit	Cadeau corrompu	2	903		Drops: Demon Rare Upgrade (rare)		type:AugmentDemon
augments	DemonGearUpgradeRare_MPToFerv	Cadeau corrompu	2	913		Drops: Demon Rare Upgrade (rare)		type:AugmentDemon
augments	FormulaWeaponFlamingWeapon	Formule magique : Arme enflammée	2	877		Craft: Enchanter (lvl 5)		type:AugmentEnchantWeapon
augments	FormulaFeetArmor_Z2	Formule magique : Armure	1	878		Craft: Enchanter (lvl 3)		type:AugmentEnchantFeet
augments	FormulaFeetMinorArmor	Formule magique : Armure mineure	1	879		Craft: Enchanter (lvl 1)		type:AugmentEnchantFeet
augments	FormulaFeetCritical_Z2	Formule magique : Chances de critique	1	878		Craft: Enchanter (lvl 3), recipe from Recipe_FormulaFeetCritical_Z2		type:AugmentEnchantFeet
augments	FormulaFeetMinorCritical	Formule magique : Chances de critique mineures	1	879		Craft: Enchanter (lvl 1), recipe from Recipe_FormulaFeetMinorCritical		type:AugmentEnchantFeet
augments	FormulaWeaponDevote	Formule magique : Dévot	2	880		Craft: Enchanter (lvl 5)		type:AugmentEnchantWeapon
augments	FormulaHandsDexterity_Z2	Formule magique : Dextérité	1	881		Craft: Enchanter (lvl 4), recipe from Recipe_FormulaHandsDexterity_Z2		type:AugmentEnchantHands
augments	FormulaHandsMinorDexterity	Formule magique : Dextérité mineure	1	882		Craft: Enchanter (lvl 2), recipe from Recipe_FormulaHandsMinorDexterity		type:AugmentEnchantHands
augments	FormulaFeetFervor_Z2	Formule magique : Ferveur	1	878		Craft: Enchanter (lvl 3), recipe from Recipe_FormulaFeetFervor_Z2		type:AugmentEnchantFeet
augments	FormulaFeetMinorFervor	Formule magique : Ferveur mineure	1	879		Craft: Enchanter (lvl 1), recipe from Recipe_FormulaFeetMinorFervor		type:AugmentEnchantFeet
augments	FormulaHandsFaith_Z2	Formule magique : Foi	1	881		Craft: Enchanter (lvl 4), recipe from Recipe_FormulaHandsFaith_Z2		type:AugmentEnchantHands
augments	FormulaHandsMinorFaith	Formule magique : Foi mineure	1	882		Craft: Enchanter (lvl 2), recipe from Recipe_FormulaHandsMinorFaith		type:AugmentEnchantHands
augments	FormulaHandsStrength_Z2	Formule magique : Force	1	881		Craft: Enchanter (lvl 4), recipe from Recipe_FormulaHandsStrength_Z2		type:AugmentEnchantHands
augments	FormulaHandsMinorStrength	Formule magique : Force mineure	1	882		Craft: Enchanter (lvl 2), recipe from Recipe_FormulaHandsMinorStrength		type:AugmentEnchantHands
augments	FormulaHandsIntelligence_Z2	Formule magique : Intelligence	1	881		Craft: Enchanter (lvl 4), recipe from Recipe_FormulaHandsIntelligence_Z2		type:AugmentEnchantHands
augments	FormulaHandsMinorIntelligence	Formule magique : Intelligence mineure	1	882		Craft: Enchanter (lvl 2), recipe from Recipe_FormulaHandsMinorIntelligence		type:AugmentEnchantHands
augments	FormulaFeetArmorPen_Z2	Formule magique : Perforation d'armure	1	878		Craft: Enchanter (lvl 3), recipe from Recipe_FormulaFeetArmorPen_Z2		type:AugmentEnchantFeet
augments	FormulaFeetMinorArmorPen	Formule magique : Perforation d'armure mineure	1	879		Craft: Enchanter (lvl 1), recipe from Recipe_FormulaFeetMinorArmorPen		type:AugmentEnchantFeet
augments	FormulaFeetMagicPen_Z2	Formule magique : Perforation magique	1	878		Craft: Enchanter (lvl 3), recipe from Recipe_FormulaFeetMagicPen_Z2		type:AugmentEnchantFeet
augments	FormulaFeetMinorMagicPen	Formule magique : Perforation magique mineure	1	879		Craft: Enchanter (lvl 1), recipe from Recipe_FormulaFeetMinorMagicPen		type:AugmentEnchantFeet
augments	FormulaWeaponSparkHarvesting	Formule magique : Récolte d'Étincelle	2	877		Craft: Enchanter (lvl 5)		type:AugmentEnchantWeapon
augments	FormulaHandsVitality_Z2	Formule magique : Vitalité	1	881		Craft: Enchanter (lvl 4)		type:AugmentEnchantHands
augments	FormulaHandsMinorVitality	Formule magique : Vitalité mineure	1	882		Craft: Enchanter (lvl 2)		type:AugmentEnchantHands
augments	FormulaWeaponLifestealing	Formule magique : Vol de vie	2	880		Craft: Enchanter (lvl 6)		type:AugmentEnchantWeapon
augments	FormulaWeaponZealot	Formule magique : Zélote	2	880		Craft: Enchanter (lvl 5)		type:AugmentEnchantWeapon
augments	BrutalityCursedCutEye	OEil maudit de la brutalité	1	883		Craft: Jeweller (lvl 6), recipe from Recipe_BrutalityCursedCutEye		type:AugmentJeweller
augments	DominationCursedCutEye	OEil maudit de la domination	1	883		Craft: Jeweller (lvl 6), recipe from Recipe_DominationCursedCutEye		type:AugmentJeweller
augments	FanatismCursedCutEye	OEil maudit du fanatisme	1	883		Craft: Jeweller (lvl 6), recipe from Recipe_FanatismCursedCutEye		type:AugmentJeweller
augments	ViceCursedCutEye	OEil maudit du vice	1	883		Craft: Jeweller (lvl 6), recipe from Recipe_ViceCursedCutEye		type:AugmentJeweller
augments	HonedCopperPlate	Plaque de bronze améliorée	1	884		Craft: Blacksmith (lvl 4), recipe from Recipe_HonedCopperPlate		type:AugmentBlacksmith
augments	DivinedCopperPlate	Plaque de bronze divine	1	884		Craft: Blacksmith (lvl 4), recipe from Recipe_DivinedCopperPlate		type:AugmentBlacksmith
augments	GracefulCopperPlate	Plaque de bronze gracieuse	1	884		Craft: Blacksmith (lvl 4), recipe from Recipe_GracefulCopperPlate		type:AugmentBlacksmith
augments	MysticCopperPlate	Plaque de bronze mystique	1	884		Craft: Blacksmith (lvl 4), recipe from Recipe_MysticCopperPlate		type:AugmentBlacksmith
augments	RunedCopperPlate	Plaque de bronze ornée de runes	1	884		Craft: Blacksmith (lvl 4), recipe from Recipe_RunedCopperPlate		type:AugmentBlacksmith
augments	ReinforcedCopperPlate	Plaque de bronze renforcée	1	884		Craft: Blacksmith (lvl 4)		type:AugmentBlacksmith
augments	SanctifiedCopperPlate	Plaque de bronze sanctifiée	1	884		Craft: Blacksmith (lvl 4), recipe from Recipe_SanctifiedCopperPlate		type:AugmentBlacksmith
augments	GildedCutRuby	Rubis taillé doré	1	888		Craft: Jeweller (lvl 4), recipe from Recipe_GildedCutRuby		type:AugmentJeweller
augments	AttunedCutRuby	Rubis taillé harmonisé	1	888		Craft: Jeweller (lvl 4), recipe from Recipe_AttunedCutRuby		type:AugmentJeweller
augments	TemperedCutRuby	Rubis taillé trempé	1	888		Craft: Jeweller (lvl 4), recipe from Recipe_TemperedCutRuby		type:AugmentJeweller
augments	DemonSigil_Mage_HighVoltage	Sceau de Bet'Hatesht	3	914	Confère le talent name.	Drops: Demon Sigils | Sold by a merchant	Mira, Demon Huntress - Azuram Hub@1309.3,73.3,172.5;Mira, Demon Huntress - CrimsonIsland South@581.2,-84,57;Mira, Demon Huntress - Primevalley Hub@-342.7,1415,52.5	type:AugmentDemonSigil
augments	DemonSigil_Mage_Lifebolt	Sceau de Bet'Hatesht	3	915	Confère le talent name.	Drops: Demon Sigils | Sold by a merchant	Mira, Demon Huntress - Azuram Hub@1309.3,73.3,172.5;Mira, Demon Huntress - CrimsonIsland South@581.2,-84,57;Mira, Demon Huntress - Primevalley Hub@-342.7,1415,52.5	type:AugmentDemonSigil
augments	DemonSigil_Mage_SparkExplosion	Sceau de Bet'Hatesht	3	916	Confère le talent name.	Drops: Demon Sigils | Sold by a merchant	Mira, Demon Huntress - Azuram Hub@1309.3,73.3,172.5;Mira, Demon Huntress - CrimsonIsland South@581.2,-84,57;Mira, Demon Huntress - Primevalley Hub@-342.7,1415,52.5	type:AugmentDemonSigil
augments	DemonSigil_Priest_LuminousBastion	Sceau de Bet'Hatesht	3	917	Confère le talent name.	Drops: Demon Sigils | Sold by a merchant	Mira, Demon Huntress - Azuram Hub@1309.3,73.3,172.5;Mira, Demon Huntress - CrimsonIsland South@581.2,-84,57;Mira, Demon Huntress - Primevalley Hub@-342.7,1415,52.5	type:AugmentDemonSigil
augments	DemonSigil_Priest_SolarDevotion	Sceau de Bet'Hatesht	3	918	Confère le talent name.	Drops: Demon Sigils | Sold by a merchant	Mira, Demon Huntress - Azuram Hub@1309.3,73.3,172.5;Mira, Demon Huntress - CrimsonIsland South@581.2,-84,57;Mira, Demon Huntress - Primevalley Hub@-342.7,1415,52.5	type:AugmentDemonSigil
augments	DemonSigil_Priest_SunHalo	Sceau de Bet'Hatesht	3	919	Confère le talent name.	Drops: Demon Sigils | Sold by a merchant	Mira, Demon Huntress - Azuram Hub@1309.3,73.3,172.5;Mira, Demon Huntress - CrimsonIsland South@581.2,-84,57;Mira, Demon Huntress - Primevalley Hub@-342.7,1415,52.5	type:AugmentDemonSigil
augments	DemonSigil_Rogue_CheatDeath	Sceau de Bet'Hatesht	3	920	Confère le talent name.	Drops: Demon Sigils | Sold by a merchant	Mira, Demon Huntress - Azuram Hub@1309.3,73.3,172.5;Mira, Demon Huntress - CrimsonIsland South@581.2,-84,57;Mira, Demon Huntress - Primevalley Hub@-342.7,1415,52.5	type:AugmentDemonSigil
augments	DemonSigil_Rogue_VenomousFinisher	Sceau de Bet'Hatesht	3	921	Confère le talent name.	Drops: Demon Sigils | Sold by a merchant	Mira, Demon Huntress - Azuram Hub@1309.3,73.3,172.5;Mira, Demon Huntress - CrimsonIsland South@581.2,-84,57;Mira, Demon Huntress - Primevalley Hub@-342.7,1415,52.5	type:AugmentDemonSigil
augments	DemonSigil_Rogue_VirulentMagic	Sceau de Bet'Hatesht	3	922	Confère le talent name.	Drops: Demon Sigils | Sold by a merchant	Mira, Demon Huntress - Azuram Hub@1309.3,73.3,172.5;Mira, Demon Huntress - CrimsonIsland South@581.2,-84,57;Mira, Demon Huntress - Primevalley Hub@-342.7,1415,52.5	type:AugmentDemonSigil
augments	DemonSigil_War_InfusedWounds	Sceau de Bet'Hatesht	3	923	Confère le talent name.	Drops: Demon Sigils | Sold by a merchant	Mira, Demon Huntress - Azuram Hub@1309.3,73.3,172.5;Mira, Demon Huntress - CrimsonIsland South@581.2,-84,57;Mira, Demon Huntress - Primevalley Hub@-342.7,1415,52.5	type:AugmentDemonSigil
augments	DemonSigil_War_SecondWind	Sceau de Bet'Hatesht	3	924	Confère le talent name.	Drops: Demon Sigils | Sold by a merchant	Mira, Demon Huntress - Azuram Hub@1309.3,73.3,172.5;Mira, Demon Huntress - CrimsonIsland South@581.2,-84,57;Mira, Demon Huntress - Primevalley Hub@-342.7,1415,52.5	type:AugmentDemonSigil
augments	DemonSigil_War_SurgeOfViolence	Sceau de Bet'Hatesht	3	925	Confère le talent name.	Drops: Demon Sigils | Sold by a merchant	Mira, Demon Huntress - Azuram Hub@1309.3,73.3,172.5;Mira, Demon Huntress - CrimsonIsland South@581.2,-84,57;Mira, Demon Huntress - Primevalley Hub@-342.7,1415,52.5	type:AugmentDemonSigil
misc	ActivityLoot	ActivityLoot	0	-1				type:Misc
misc	DemonicSoul	Âmes démoniaques	1	926		Drops: Demon Soulstone, Demon activities, Demonic Rifts, Demon Rift	Chests - CrimsonIsland Cathedral@520,-878.4,214.7;Chests - CrimsonIsland Prison@330.9,-1061.1,27.7;Rift - Krisomal North@1550.3,999.6,211.5	type:Currency
misc	Wand	Baguette en bois	0	927	Les Enchanters utilisent cette modeste baguette en bois pour enchanter de l'équipement.			type:ToolEnchanter
misc	Rift_Weapon_Cache	Cache d'arme du chaos	2	928		Sold by a merchant	Mira, Demon Huntress - Azuram Hub@1309.3,73.3,172.5;Mira, Demon Huntress - CrimsonIsland South@581.2,-84,57;Mira, Demon Huntress - Primevalley Hub@-342.7,1415,52.5	type:LootableContainer
misc	Rift_Gear_Cache	Cache d'équipement du chaos	2	928		Sold by a merchant	Mira, Demon Huntress - Azuram Hub@1309.3,73.3,172.5;Mira, Demon Huntress - CrimsonIsland South@581.2,-84,57;Mira, Demon Huntress - Primevalley Hub@-342.7,1415,52.5	type:LootableContainer
misc	Rift_Gift_Cache	Cache de cadeau du chaos	3	928		Sold by a merchant	Mira, Demon Huntress - Azuram Hub@1309.3,73.3,172.5;Mira, Demon Huntress - CrimsonIsland South@581.2,-84,57;Mira, Demon Huntress - Primevalley Hub@-342.7,1415,52.5	type:LootableContainer
misc	Z1_WeaponBundle	Cache mystérieuse	2	929				type:LootableContainer
misc	Scissors	Ciseaux usés	0	930	Les Outfitters utilisent cette modeste paire de ciseaux pour confectionner différents articles.			type:ToolOutfitter
misc	CP_Z1	Colis complet	1	931				type:CompletedPackage
misc	LP_Z1_Crab	Colis perdu	1	932				type:Package
misc	Knife	Couteau usé	0	933	Les Cooks utilisent ce modeste couteau aiguisé pour préparer de délicieux repas.			type:ToolCook
misc	UpgradeEpic	Cristal d'Étincelle	3	934		Quest reward: Heart of the Matter (Nescent Abode) | Sold by a merchant	Zoey, Demon Huntress - Azuram Hub@1312.9,72.6,172.5;Zoey, Demon Huntress - CrimsonIsland South@586.2,-80.5,57;Zoey, Demon Huntress - Primevalley Hub@-339.4,1416.4,52.5;Heart of the Matter - Nescent Abode@1840.5,-138,107.3,q:NPC_Lee_1	type:Misc
misc	Critter_DemonDog_Blue	DemonDog_Blue	3	519		Sold by a merchant	Zoey, Demon Huntress - Azuram Hub@1312.9,72.6,172.5;Zoey, Demon Huntress - CrimsonIsland South@586.2,-80.5,57;Zoey, Demon Huntress - Primevalley Hub@-339.4,1416.4,52.5	type:Collection
misc	Experience	Expérience	0	-1				type:Currency
misc	Sickle	Faucille usée	0	935	Cette modeste faucille aiguisée permet de récolter des plantes.			type:GearSickle
misc	UpgradeRare	Fragment d'Étincelle	2	936		Quest reward: Wish Upon a Spark (Eksod Kobolds) | Drops: Dungeon crates, R1ActivityUpgradeReward, UpgradeItems_ activities	Wish Upon a Spark - Eksod Kobolds@1144.7,-874.8,50.3,q:NPC_Gemini_2	type:Misc
misc	Critter_Goat_Demon	Goat_Demon	3	532		Sold by a merchant	Zoey, Demon Huntress - Azuram Hub@1312.9,72.6,172.5;Zoey, Demon Huntress - CrimsonIsland South@586.2,-80.5,57;Zoey, Demon Huntress - Primevalley Hub@-339.4,1416.4,52.5	type:Collection
misc	LP_Z1_Bee	LP_Z1_Bee	1	932		Always in 1 chest | Named in 1 chest at 100%	Chest - Meridion Meadow@-777,2031.6,142.3,Z1_World_Greenlands_WorldChest_63	type:Package
misc	LP_Z1_Boar	LP_Z1_Boar	1	932		Named in 1 chest at 1%		type:Package
misc	LP_Z1_Copper	LP_Z1_Copper	1	932		Named in 1 chest at 1%		type:Package
misc	LP_Z1_Lavendula	LP_Z1_Lavendula	1	932		Named in 1 chest at 1%		type:Package
misc	LP_Z1_Madrigold	LP_Z1_Madrigold	1	932		Named in 1 chest at 1%		type:Package
misc	LP_Z1_Manfish	LP_Z1_Manfish	1	932		Always in 1 chest | Named in 1 chest at 100%	Chest - Meridion Beach@-325.2,1897.4,34.5,Z1_World_Greenlands_WorldChest_44	type:Package
misc	LP_Z1_Wolf	LP_Z1_Wolf	1	932		Named in 1 chest at 1%		type:Package
misc	LP_Z2_Bee	LP_Z2_Bee	1	932		Named in 1 chest at 1%		type:Package
misc	LP_Z2_Boar	LP_Z2_Boar	1	932		Named in 1 chest at 1%		type:Package
misc	LP_Z2_Coyote	LP_Z2_Coyote	1	932		Named in 1 chest at 1%		type:Package
misc	LP_Z2_Kobolds	LP_Z2_Kobolds	1	932		Named in 1 chest at 1%		type:Package
misc	LP_Z2_Manfish	LP_Z2_Manfish	1	932		Named in 1 chest at 1%		type:Package
misc	LP_Z2_Nature	LP_Z2_Nature	1	932		Named in 1 chest at 1%		type:Package
misc	LP_Z2_Spirits	LP_Z2_Spirits	1	932		Named in 1 chest at 1%		type:Package
misc	LP_Z2_Sprouts	LP_Z2_Sprouts	1	932		Named in 1 chest at 1%		type:Package
misc	Hammer	Marteau usé	0	937	Les Blacksmiths utilisent ce modeste marteau pour fabriquer divers objets.	Drops: Blacksmith Starter		type:ToolBlacksmith
misc	Hide_Gear	Masquer l'équipement	0	-1				type:Gear
misc	Mortar	Mortier en bois	0	938	Les Alchemists utilisent ce modeste mortier en bois pour préparer divers élixirs et potions.			type:ToolAlchemist
misc	Gold	Or	0	939		Quest reward: Cloud Athlete (Primevalley Island), Looming Shadows (Enripit Hill), Wish Upon a Spark (Eksod Kobolds) +34 more | Always in 1 chest | Named in 1 chest at 1% | Drops: Vault of zone 1 (tier 1), Vault of zone 1 (tier 2), Vault of zone 1 (tier 3), Vault of zone 2 (tier 1)	WanderingMerchant_NPC_Meridion - Meridion Meadow@-814.3,1994.2,67.5,WanderingMerchant_NPC_Meridion;Vault - Primevalley Coast@-114.1,1308,-6.7;Vault - Enripit Hill@244.8,636.3,-27.7;Vault - Honeywoods Cave@-1117,880,127.5;Vault - Krisomal Chapel@1447.6,1072.5,16.5;Vault - Nescent Thorn@1741.7,-210.3,-6	type:Currency
misc	SmallPouch	Petite sacoche	1	940	Ajoute 6 emplacements à votre inventaire.	Quest reward: Claw and Order (Meridion Shore) | Drops: Bags | Sold by a merchant	WanderingMerchant_Npc_Azuram - Azuram Hub@1307,77.6,172.6;WanderingMerchant_Npc_Crimson - CrimsonIsland South@573.1,-85.1,57;WanderingMerchant_NPC_Primevalley_1 - Primevalley Hub@-333.3,1421.2,52.5;WanderingMerchant_NPC_Meridion - Meridion Meadow@-814.3,1994.2,67.5;Claw and Order - Meridion Shore@-551,2106.5,0.8,q:NPC_Tyra_1	type:Bag
misc	Pliers	Pince usée	0	941	Les Jewellers utilisent cette modeste pince pour tailler de magnifiques gemmes.			type:ToolJeweller
misc	Pickaxe	Pioche usée	0	942	Cette modeste pioche permet d'extraire le minerai de différents gisements.			type:GearPickaxe
misc	CraftPoint	Points de fabrication	0	943	Les Craftpoints sont utilisés pour réaliser de puissants plans de fabrication.	Drops: Blacksmith 1, SmallCP1, BigCP Z1		type:Currency
misc	UpgradeAll	Poudre d'Étincelle	1	944		Quest reward: The Hidden Vault (Eksod Kobolds), The Shiny Ones (Krisomal Port), The Hidden Vault (CrimsonIsland South) +3 more | Drops: Currency activities, Currency crates, FoeUniqueDrops | Sold by a merchant	Zoey, Demon Huntress - Azuram Hub@1312.9,72.6,172.5;Zoey, Demon Huntress - CrimsonIsland South@586.2,-80.5,57;Zoey, Demon Huntress - Primevalley Hub@-339.4,1416.4,52.5;The Hidden Vault - Eksod Kobolds@1345.1,-489,52.5,q:Critters_NPC_Eksod;The Shiny Ones - Krisomal Port@1596.1,1449.5,1.5,q:Critters_NPC_Krisomal;The Hidden Vault - CrimsonIsland South@564.4,-80.9,57,q:Critters_NPC_CrimsonIsland	type:Misc
misc	TinProspecting	Prospection d'étain	0	885	Broyez des minerais pour trouver des pierres précieuses rudimentaires.	Craft: Jeweller (lvl 3)		type:Prospecting
misc	TungsteneProspecting	Prospection de tungstène	0	886	Broyez des minerais pour trouver des pierres précieuses rudimentaires.	Craft: Jeweller (lvl 1)		type:Prospecting
misc	CopperProspecting	Recherche de cuivre	0	887	Broyez des minerais pour trouver des pierres précieuses rudimentaires.	Craft: Jeweller (lvl 1)		type:Prospecting
misc	Recipe_AttunedCutBeryl	Recipe_AttunedCutBeryl	1	945		Teaches: Béryl taillé harmonisé (Jeweller lvl 2)		type:Recipe
misc	Recipe_AttunedCutRuby	Recipe_AttunedCutRuby	1	945		Teaches: Rubis taillé harmonisé (Jeweller lvl 4)		type:Recipe
misc	Recipe_BrutalityCursedCutEye	Recipe_BrutalityCursedCutEye	0	945		Teaches: OEil maudit de la brutalité (Jeweller lvl 6) | Sold by a merchant	Zoey, Demon Huntress - Azuram Hub@1312.9,72.6,172.5;Zoey, Demon Huntress - CrimsonIsland South@586.2,-80.5,57;Zoey, Demon Huntress - Primevalley Hub@-339.4,1416.4,52.5	type:Recipe
misc	Recipe_Cook_1	Recipe_Cook_1	0	946		Teaches: Ragoût de sanglier (Cook lvl 2)		type:Recipe
misc	Recipe_Cook_13	Recipe_Cook_13	0	946		Teaches: Pastille de la ruche (Cook lvl 4)		type:Recipe
misc	Recipe_Cook_14	Recipe_Cook_14	0	946		Teaches: Fondue de Bélinbourg (Cook lvl 4)		type:Recipe
misc	Recipe_Cook_15	Recipe_Cook_15	0	946		Teaches: Brochet en papillote (Cook lvl 4)		type:Recipe
misc	Recipe_Cook_16	Recipe_Cook_16	0	946		Teaches: Omelette de la mer (Cook lvl 4)		type:Recipe
misc	Recipe_Cook_2	Recipe_Cook_2	0	946		Teaches: Côtelettes de loup grillées (Cook lvl 2)		type:Recipe
misc	Recipe_Cook_5	Recipe_Cook_5	0	946		Teaches: Maquereau grillé (Cook lvl 2)		type:Recipe
misc	Recipe_Cook_7	Recipe_Cook_7	0	946		Teaches: Bonbons aromatisés (Cook lvl 2)		type:Recipe
misc	Recipe_Cook_Demon_1	Recipe_Cook_Demon_1	0	946		Teaches: Corne en sauce (Cook lvl 6) | Sold by a merchant	Zoey, Demon Huntress - Azuram Hub@1312.9,72.6,172.5;Zoey, Demon Huntress - CrimsonIsland South@586.2,-80.5,57;Zoey, Demon Huntress - Primevalley Hub@-339.4,1416.4,52.5	type:Recipe
misc	Recipe_Cook_Demon_2	Recipe_Cook_Demon_2	0	946		Teaches: Ailes iodées sans peau (Cook lvl 6) | Sold by a merchant	Zoey, Demon Huntress - Azuram Hub@1312.9,72.6,172.5;Zoey, Demon Huntress - CrimsonIsland South@586.2,-80.5,57;Zoey, Demon Huntress - Primevalley Hub@-339.4,1416.4,52.5	type:Recipe
misc	Recipe_Cook_Demon_3	Recipe_Cook_Demon_3	0	946		Teaches: Brochettes caudales grillées (Cook lvl 6) | Sold by a merchant	Zoey, Demon Huntress - Azuram Hub@1312.9,72.6,172.5;Zoey, Demon Huntress - CrimsonIsland South@586.2,-80.5,57;Zoey, Demon Huntress - Primevalley Hub@-339.4,1416.4,52.5	type:Recipe
misc	Recipe_Cook_Demon_4	Recipe_Cook_Demon_4	0	946		Teaches: Ragoût démoniaque (Cook lvl 6) | Sold by a merchant	Zoey, Demon Huntress - Azuram Hub@1312.9,72.6,172.5;Zoey, Demon Huntress - CrimsonIsland South@586.2,-80.5,57;Zoey, Demon Huntress - Primevalley Hub@-339.4,1416.4,52.5	type:Recipe
misc	Recipe_Cook_Demon_5	Recipe_Cook_Demon_5	0	946		Teaches: Entre ténèbres et mer (Cook lvl 6) | Sold by a merchant	Zoey, Demon Huntress - Azuram Hub@1312.9,72.6,172.5;Zoey, Demon Huntress - CrimsonIsland South@586.2,-80.5,57;Zoey, Demon Huntress - Primevalley Hub@-339.4,1416.4,52.5	type:Recipe
misc	Recipe_Cook_Demon_6	Recipe_Cook_Demon_6	0	946		Teaches: Ailes épicées (Cook lvl 6) | Sold by a merchant	Zoey, Demon Huntress - Azuram Hub@1312.9,72.6,172.5;Zoey, Demon Huntress - CrimsonIsland South@586.2,-80.5,57;Zoey, Demon Huntress - Primevalley Hub@-339.4,1416.4,52.5	type:Recipe
misc	Recipe_DivinedCopperPlate	Recipe_DivinedCopperPlate	1	947		Teaches: Plaque de bronze divine (Blacksmith lvl 4)		type:Recipe
misc	Recipe_DivinedEmbroidery	Recipe_DivinedEmbroidery	1	948		Teaches: Broderie douce divine (Outfitter lvl 4)		type:Recipe
misc	Recipe_DominationCursedCutEye	Recipe_DominationCursedCutEye	0	945		Teaches: OEil maudit de la domination (Jeweller lvl 6) | Sold by a merchant	Zoey, Demon Huntress - Azuram Hub@1312.9,72.6,172.5;Zoey, Demon Huntress - CrimsonIsland South@586.2,-80.5,57;Zoey, Demon Huntress - Primevalley Hub@-339.4,1416.4,52.5	type:Recipe
misc	Recipe_ElixirOfAbundance	Recipe_ElixirOfAbundance	0	949		Teaches: Élixir d'Abondance (Alchemist lvl 2)		type:Recipe
misc	Recipe_ElixirOfArmor_Z2	Recipe_ElixirOfArmor_Z2	0	949		Teaches: Élixir d'Armure (Alchemist lvl 5)		type:Recipe
misc	Recipe_ElixirofMinorArmor	Recipe_ElixirofMinorArmor	0	949		Teaches: Élixir d'Armure mineur (Alchemist lvl 2)		type:Recipe
misc	Recipe_FanatismCursedCutEye	Recipe_FanatismCursedCutEye	0	945		Teaches: OEil maudit du fanatisme (Jeweller lvl 6) | Sold by a merchant	Zoey, Demon Huntress - Azuram Hub@1312.9,72.6,172.5;Zoey, Demon Huntress - CrimsonIsland South@586.2,-80.5,57;Zoey, Demon Huntress - Primevalley Hub@-339.4,1416.4,52.5	type:Recipe
misc	Recipe_FastSwimPotion	Recipe_FastSwimPotion	0	949		Teaches: Potion de nage rapide (Alchemist lvl 4)		type:Recipe
misc	Recipe_FormulaFeetArmorPen_Z2	Recipe_FormulaFeetArmorPen_Z2	1	950		Teaches: Formule magique : Perforation d'armure (Enchanter lvl 3)		type:Recipe
misc	Recipe_FormulaFeetCritical_Z2	Recipe_FormulaFeetCritical_Z2	1	950		Teaches: Formule magique : Chances de critique (Enchanter lvl 3)		type:Recipe
misc	Recipe_FormulaFeetFervor_Z2	Recipe_FormulaFeetFervor_Z2	1	950		Teaches: Formule magique : Ferveur (Enchanter lvl 3)		type:Recipe
misc	Recipe_FormulaFeetMagicPen_Z2	Recipe_FormulaFeetMagicPen_Z2	1	950		Teaches: Formule magique : Perforation magique (Enchanter lvl 3)		type:Recipe
misc	Recipe_FormulaFeetMinorArmorPen	Recipe_FormulaFeetMinorArmorPen	1	950		Teaches: Formule magique : Perforation d'armure mineure (Enchanter lvl 1)		type:Recipe
misc	Recipe_FormulaFeetMinorCritical	Recipe_FormulaFeetMinorCritical	1	950		Teaches: Formule magique : Chances de critique mineures (Enchanter lvl 1)		type:Recipe
misc	Recipe_FormulaFeetMinorFervor	Recipe_FormulaFeetMinorFervor	1	950		Teaches: Formule magique : Ferveur mineure (Enchanter lvl 1)		type:Recipe
misc	Recipe_FormulaFeetMinorMagicPen	Recipe_FormulaFeetMinorMagicPen	1	950		Teaches: Formule magique : Perforation magique mineure (Enchanter lvl 1)		type:Recipe
misc	Recipe_FormulaHandsDexterity_Z2	Recipe_FormulaHandsDexterity_Z2	1	950		Teaches: Formule magique : Dextérité (Enchanter lvl 4)		type:Recipe
misc	Recipe_FormulaHandsFaith_Z2	Recipe_FormulaHandsFaith_Z2	1	950		Teaches: Formule magique : Foi (Enchanter lvl 4)		type:Recipe
misc	Recipe_FormulaHandsIntelligence_Z2	Recipe_FormulaHandsIntelligence_Z2	1	950		Teaches: Formule magique : Intelligence (Enchanter lvl 4)		type:Recipe
misc	Recipe_FormulaHandsMinorDexterity	Recipe_FormulaHandsMinorDexterity	1	950		Teaches: Formule magique : Dextérité mineure (Enchanter lvl 2)		type:Recipe
misc	Recipe_FormulaHandsMinorFaith	Recipe_FormulaHandsMinorFaith	1	950		Teaches: Formule magique : Foi mineure (Enchanter lvl 2)		type:Recipe
misc	Recipe_FormulaHandsMinorIntelligence	Recipe_FormulaHandsMinorIntelligence	1	950		Teaches: Formule magique : Intelligence mineure (Enchanter lvl 2)		type:Recipe
misc	Recipe_FormulaHandsMinorStrength	Recipe_FormulaHandsMinorStrength	1	950		Teaches: Formule magique : Force mineure (Enchanter lvl 2)		type:Recipe
misc	Recipe_FormulaHandsStrength_Z2	Recipe_FormulaHandsStrength_Z2	1	950		Teaches: Formule magique : Force (Enchanter lvl 4)		type:Recipe
misc	Recipe_GildedCutBeryl	Recipe_GildedCutBeryl	1	945		Teaches: Béryl taillé doré (Jeweller lvl 2)		type:Recipe
misc	Recipe_GildedCutRuby	Recipe_GildedCutRuby	1	945		Teaches: Rubis taillé doré (Jeweller lvl 4)		type:Recipe
misc	Recipe_GracefulCopperPlate	Recipe_GracefulCopperPlate	1	947		Teaches: Plaque de bronze gracieuse (Blacksmith lvl 4)		type:Recipe
misc	Recipe_GracefulEmbroidery	Recipe_GracefulEmbroidery	1	948		Teaches: Broderie douce gracieuse (Outfitter lvl 4)		type:Recipe
misc	Recipe_HonedCopperPlate	Recipe_HonedCopperPlate	1	947		Teaches: Plaque de bronze améliorée (Blacksmith lvl 4)		type:Recipe
misc	Recipe_HonedEmbroidery	Recipe_HonedEmbroidery	1	948		Teaches: Broderie douce améliorée (Outfitter lvl 4)		type:Recipe
misc	Recipe_InvisibilityPotion	Recipe_InvisibilityPotion	0	949		Teaches: Potion d'invisibilité (Alchemist lvl 4)		type:Recipe
misc	Recipe_LongBreathPotion	Recipe_LongBreathPotion	0	949		Teaches: Potion d'apnée améliorée (Alchemist lvl 2)		type:Recipe
misc	Recipe_MinorShieldPotion	Recipe_MinorShieldPotion	0	949		Teaches: Potion de bouclier mineure (Alchemist lvl 2)		type:Recipe
misc	Recipe_MinorVelocityPotion	Recipe_MinorVelocityPotion	0	949		Teaches: Potion de vélocité mineure (Alchemist lvl 4)		type:Recipe
misc	Recipe_MysticCopperPlate	Recipe_MysticCopperPlate	1	947		Teaches: Plaque de bronze mystique (Blacksmith lvl 4)		type:Recipe
misc	Recipe_MysticEmbroidery	Recipe_MysticEmbroidery	1	948		Teaches: Broderie douce mystique (Outfitter lvl 4)		type:Recipe
misc	Recipe_ResonantCutAgate	Recipe_ResonantCutAgate	1	945		Teaches: Agate taillée résonante (Jeweller lvl 4)		type:Recipe
misc	Recipe_ResonantCutAmber	Recipe_ResonantCutAmber	1	945		Teaches: Ambre taillé résonant (Jeweller lvl 2)		type:Recipe
misc	Recipe_RunedCopperPlate	Recipe_RunedCopperPlate	1	947		Teaches: Plaque de bronze ornée de runes (Blacksmith lvl 4)		type:Recipe
misc	Recipe_RunedEmbroidery	Recipe_RunedEmbroidery	1	948		Teaches: Broderie douce ornée de runes (Outfitter lvl 4)		type:Recipe
misc	Recipe_SacrificePotion	Recipe_SacrificePotion	0	949		Teaches: Potion de sacrifice (Alchemist lvl 6) | Sold by a merchant	Zoey, Demon Huntress - Azuram Hub@1312.9,72.6,172.5;Zoey, Demon Huntress - CrimsonIsland South@586.2,-80.5,57;Zoey, Demon Huntress - Primevalley Hub@-339.4,1416.4,52.5	type:Recipe
misc	Recipe_SanctifiedCopperPlate	Recipe_SanctifiedCopperPlate	1	947		Teaches: Plaque de bronze sanctifiée (Blacksmith lvl 4)		type:Recipe
misc	Recipe_SanctifiedEmbroidery	Recipe_SanctifiedEmbroidery	1	948		Teaches: Broderie douce sanctifiée (Outfitter lvl 4)		type:Recipe
misc	Recipe_ScrollOfCorruptedDexterity	Recipe_ScrollOfCorruptedDexterity	0	950		Teaches: Parchemin de Dextérité corrompue (Enchanter lvl 6) | Sold by a merchant	Zoey, Demon Huntress - Azuram Hub@1312.9,72.6,172.5;Zoey, Demon Huntress - CrimsonIsland South@586.2,-80.5,57;Zoey, Demon Huntress - Primevalley Hub@-339.4,1416.4,52.5	type:Recipe
misc	Recipe_ScrollOfCorruptedFaith	Recipe_ScrollOfCorruptedFaith	0	950		Teaches: Parchemin de Foi corrompue (Enchanter lvl 6) | Sold by a merchant	Zoey, Demon Huntress - Azuram Hub@1312.9,72.6,172.5;Zoey, Demon Huntress - CrimsonIsland South@586.2,-80.5,57;Zoey, Demon Huntress - Primevalley Hub@-339.4,1416.4,52.5	type:Recipe
misc	Recipe_ScrollOfCorruptedIntellect	Recipe_ScrollOfCorruptedIntellect	0	950		Teaches: Parchemin d'Intelligence corrompue (Enchanter lvl 6) | Sold by a merchant	Zoey, Demon Huntress - Azuram Hub@1312.9,72.6,172.5;Zoey, Demon Huntress - CrimsonIsland South@586.2,-80.5,57;Zoey, Demon Huntress - Primevalley Hub@-339.4,1416.4,52.5	type:Recipe
misc	Recipe_ScrollOfCorruptedStrength	Recipe_ScrollOfCorruptedStrength	0	950		Teaches: Parchemin de Force corrompue (Enchanter lvl 6) | Sold by a merchant	Zoey, Demon Huntress - Azuram Hub@1312.9,72.6,172.5;Zoey, Demon Huntress - CrimsonIsland South@586.2,-80.5,57;Zoey, Demon Huntress - Primevalley Hub@-339.4,1416.4,52.5	type:Recipe
misc	Recipe_ShieldPotion_Z2	Recipe_ShieldPotion_Z2	0	949		Teaches: Potion de bouclier (Alchemist lvl 5)		type:Recipe
misc	Recipe_SunderedCutAgate	Recipe_SunderedCutAgate	1	945		Teaches: Agate taillée fendue (Jeweller lvl 4)		type:Recipe
misc	Recipe_SunderedCutAmber	Recipe_SunderedCutAmber	1	945		Teaches: Ambre taillé fendu (Jeweller lvl 2)		type:Recipe
misc	Recipe_SurgingCutAgate	Recipe_SurgingCutAgate	1	945		Teaches: Agate taillée énergisante (Jeweller lvl 4)		type:Recipe
misc	Recipe_SurgingCutAmber	Recipe_SurgingCutAmber	1	945		Teaches: Ambre taillé énergisant (Jeweller lvl 2)		type:Recipe
misc	Recipe_TemperedCutBeryl	Recipe_TemperedCutBeryl	1	945		Teaches: Béryl taillé trempé (Jeweller lvl 2)		type:Recipe
misc	Recipe_TemperedCutRuby	Recipe_TemperedCutRuby	1	945		Teaches: Rubis taillé trempé (Jeweller lvl 4)		type:Recipe
misc	Recipe_VesselPotion	Recipe_VesselPotion	0	949		Teaches: Potion de réceptacle (Alchemist lvl 6) | Sold by a merchant	Zoey, Demon Huntress - Azuram Hub@1312.9,72.6,172.5;Zoey, Demon Huntress - CrimsonIsland South@586.2,-80.5,57;Zoey, Demon Huntress - Primevalley Hub@-339.4,1416.4,52.5	type:Recipe
misc	Recipe_ViceCursedCutEye	Recipe_ViceCursedCutEye	0	945		Teaches: OEil maudit du vice (Jeweller lvl 6) | Sold by a merchant	Zoey, Demon Huntress - Azuram Hub@1312.9,72.6,172.5;Zoey, Demon Huntress - CrimsonIsland South@586.2,-80.5,57;Zoey, Demon Huntress - Primevalley Hub@-339.4,1416.4,52.5	type:Recipe
misc	RecipeGenerator	RecipeGenerator	0	-1				type:Misc
misc	Bag_Z2	Sac en coton	1	889	Ajoute 10 emplacements à votre inventaire.	Craft: Outfitter (lvl 3)		type:Bag
misc	LinenBag	Sac en lin	1	890	Ajoute 8 emplacements à votre inventaire.	Craft: Outfitter (lvl 1)		type:Bag
misc	Nightblood	Sang nocturne	2	951		Drops: Demon Soulstone, Demonic Rifts	Rift - Krisomal North@1550.3,999.6,211.5	type:Currency
misc	ShopCurrency	ShopCurrency	0	952				type:Currency
misc	Soulstone	Soulstone	0	-1				type:Misc
misc	SoulstoneLegendary	SoulstoneLegendary	0	-1				type:Misc
misc	WorldLoot	WorldLoot	0	-1		Drops: WorldLootTest, World crates, Manfish, Kobold	Chests - Primevalley Island@39.6,1099.6,58.2;Chests - Krisomal North@1465.4,1317.2,56;Chests - Azuram Mound@874.1,762.5,99.5	type:Misc
misc	WorldLootWithAffinity	WorldLootWithAffinity	0	-1		Drops: World activities, Manfish activities, Kobold activities, Bee activities	Chests - Krisomal South@1327.5,1213.2,218.4;Chests - Azuram Mound Cave@950,704.8,77.8;Chests - Primevalley Island@-17.7,1143.7,278.6	type:Misc
misc	WorldRecipeWithJob	WorldRecipeWithJob	0	-1		Quest reward: Set in Stone (Primevalley Col) | Drops: World crates, Manfish (rare), Kobold (rare), FaerieBee (rare)	Chests - Primevalley Island@39.6,1099.6,58.2;Chests - Krisomal North@1465.4,1317.2,56;Chests - Azuram Mound@874.1,762.5,99.5;Set in Stone - Primevalley Col@-360,1043.8,83.3,q:NPC_Rita_1	type:Misc
creatures	Bee_Z1W_E	Abélial	0	953	L'espérance de vie d'une abeille n'excède généralement guère plus de quelques mois. Cependant, on retrouve les premières mentions de l'existence d'Abélial dans des archives de la colonie rédigées il y a plusieurs décennies...	Level 12 | Found in: Honeywoods Foliage	Honeywoods Foliage@-1120.1,893.5,268.8	type:Bee,area:Z1
creatures	Crimson_Z1W_Captain_U	Agamemnon, capitaine écarlate	0	954	Agamemnon serait considéré comme un capitaine ordinaire s'il n'était pas passionné par les poteries de l'Ère primaire.	Level 10 | Found in: Enripit Camp	Enripit Camp@-292.3,489,162.9	type:Crimson,area:Z1
creatures	FaerieBee_Z2W_GreatMace_U_2	Aile droite	0	955		Level 19 | Found in: Nescent Hive	Nescent Hive@1988.4,201.7,-293.2	type:Bee,area:Z2
creatures	FaerieBee_Z2W_GreatMace_U	Aile gauche	0	955		Level 19 | Found in: Nescent Hive	Nescent Hive@1988.4,201.7,-293.2	type:Bee,area:Z2
creatures	FaerieBee_Z1W_Claws_E	Albeille Mucha	0	956	Albeille Mucha consacre tout son temps libre à la peinture. Mais son activité principale reste de massacrer ses adversaires à l'aide de sa fidèle lame, afin d'absorber leur âme.	Level 12 | Found in: Honeywoods Isle	Honeywoods Isle@-894.7,1411.3,45.9	type:Bee,area:Z1
creatures	Crimson_Z2W_Beekeeper	Apiculteur écarlate	0	957	Les abeilles ont fabriqué du miel sans aucune aide humaine pendant près de cinq siècles et ne voient donc aucune raison de collaborer aujourd'hui avec les apiculteurs.	Level 13-14 | Found in: Azuram Fields, Azuram Veld, Azuram Road	Azuram Fields@971,373.5,21.8;Azuram Veld@712.7,459.5,52.4;Azuram Road@552.8,235,47.9	type:Crimson,area:Z2
creatures	Crimson_Z2W_Beekeeper2	Apiculteur écarlate repenti	0	957		Level 15-16 | Found in: Nescent Hive	Nescent Hive@2027.5,170,6.5	type:Crimson,area:Z2
creatures	Crimson_Z1W_Bow	Archer écarlate	0	958	À l'origine, les Béliers estimaient qu'il n'était pas honorable d'avoir recours à des armes à longue portée pour combattre. Mais ils se sont vite rendu compte qu'essuyer une défaite cuisante était encore moins honorable.	Level 8-10 | Found in: Enripit Camp	Enripit Camp@-262.5,567.8,81.5	type:Crimson,area:Z1
creatures	Crimson_Z2W_Bow_2	Archer écarlate clairvoyant	0	958		Level 17-18 | Found in: Nescent Pasture	Nescent Pasture@1116,-220,27.8	type:Crimson,area:Z2
creatures	Crimson_Z2W_Bow	Archer écarlate observateur	0	958		Level 15-16 | Found in: Krisomal Priaire, Azuram Road, Azuram Bridge	Krisomal Priaire@1248.6,714.7,101.3;Azuram Road@538.6,139,59.5;Azuram Bridge@243.3,264,12.1	type:Crimson,area:Z2
creatures	Crimson_Z3W_Bow	Archer écarlate oeil-de-lynx	0	958		Level 23-24 | Found in: CrimsonIsland South	CrimsonIsland South@442.7,-304.2,83.3;CrimsonIsland South@357.9,-501.5,105.8;CrimsonIsland South@516.4,-546.7,105.3	type:Crimson,area:Z3
creatures	FaerieDemon_Z1_Soulstone_Leg	Ariana Grandémon	0	959		Level 25 | Summoned with the Pierre d'âme d'Ariana Grandémon | Invoked at: Invocation site - Enripit Bridge | Stone: Drops: Demonic Rifts (rare)	Invocation site - Enripit Bridge@-155.4,75.6,99.4	type:Demon,area:Z1
creatures	OgreHuman_Z3W_Peasant	Assistant de jardinage du marché écarlate	0	960		Level 22-24 | Found in: CrimsonIsland South	CrimsonIsland South@305.7,-599.4,116.3	type:Ogre,area:Z3
creatures	OgreManfish_Z1W_Claws_U	Baleine étincelante	0	961		Level 8 | Found in: Primevalley Coast	Primevalley Coast@-72.5,1487.5,2.7	type:Manfish,area:Z1
creatures	OgreManfish_Z1W_Claws	Baleine nepside	0	962	Les Nepsides ont cherché par tous les moyens à augmenter la fréquence du gigantisme. Cependant, leur entreprise n'a pas eu l'effet escompté, et tout leur peuple souffre à présent de calvitie.	Level 5-6 | Found in: Meridion Ruins	Meridion Ruins@-168.4,1733.9,8.5	type:Manfish,area:Z1
creatures	OgreManfish_Z1D_Claws	Baleine nepside de la cité perdue	0	963		Level 5 | Found in: Dungeon entrance - Meridion POI	Dungeon entrance - Meridion POI@-108.8,1870.7,6	type:Manfish,area:Z1
creatures	OgreManfish_Z2D_Claws	Baleine nepside luisante	0	964		Level 16 | Found in: Dungeon entrance - Krisomal Abyss	Dungeon entrance - Krisomal Abyss@1490,1551,-88.5	type:Manfish,area:Z2
creatures	OgreManfish_Z2W_Claws	Baleine nepside luisante	0	965		Level 17-18 | Found in: Krisomal Priaire	Krisomal Priaire@1770.4,626.8,3.5;Krisomal Priaire@1889.4,520.8,6	type:Manfish,area:Z2
creatures	Demon_Z1_Claws_Soulstone	Baphométal	0	966		Level 25 | Summoned with the Pierre d'âme de Baphométal | Invoked at: Invocation site - Honeywoods Isle | Stone: Drops: Demon Rift (rare), Demonic Rifts (rare)	Invocation site - Honeywoods Isle@-981.9,1445.6,125.3	type:Demon,area:Z1
creatures	FaerieBee_Z2W_GreatMace_E	Bartlebeille	0	967	Issue d'un clan réputé pour son amour du travail bien fait, Bartlebeille se démarque de ses pairs par sa nonchalance. Heureusement que les gardes n'ont pas de missions trop importantes.	Level 19 | Found in: Nescent Hive	Nescent Hive@2049.4,219.8,-58.5	type:Bee,area:Z2
creatures	ImpDemon_Z2_Soulstone	Bassmodée	0	968		Level 24 | Summoned with the Pierre d'âme de Bassmodée | Invoked at: Invocation site - Krisomal Cliff | Stone: Drops: Demon Rift (rare), Demonic Rifts (rare)	Invocation site - Krisomal Cliff@1906.9,358.3,224.8	type:Demon,area:Z2
creatures	FaerieBee_Z1W_Spear	Bâtisseuse apix	0	969	Lorsque les abeilles ont découvert que les compétences requises pour transpercer des rayons de miel et transpercer des ennemis étaient très similaires, elles ont entrepris de fusionner leurs services de construction et de défense.	Level 11-12 | Found in: Honeywoods Foliage, Honeywoods Cave, Honeywoods Root	Honeywoods Foliage@-1026.2,907.6,200.9;Honeywoods Cave@-1167.1,881.7,214;Honeywoods Root@-862.8,1027.6,159.4	type:Bee,area:Z1
creatures	FaerieBee_Z2W_Spear	Bâtisseuse apix surmenée	0	970		Level 18-19 | Found in: Nescent Hive	Nescent Hive@2075.6,141.2,-13.8;Nescent Hive@2059.1,310,41.2;Nescent Hive@2099.5,14.7,70.1	type:Bee,area:Z2
creatures	FaerieBee_Z2W_Tank	Bâtisseuse apix surprotectrice	0	971		Level 19-20 | Found in: Nescent Hive	Nescent Hive@2029.9,157.3,-22.9	type:Bee,area:Z2
creatures	FaerieBee_Z1D_Spear	Bâtisseuse de l'arbre-ruche	0	970		Level 10 | Found in: Dungeon entrance - Honeywoods Cave	Dungeon entrance - Honeywoods Cave@-1095.3,878.3,19.8	type:Bee,area:Z1
creatures	FaerieBee_Z1W_Spear_U	Bâtisseuse étincelante	0	972		Level 12 | Found in: Honeywoods Foliage	Honeywoods Foliage@-888.9,696.7,182.3	type:Bee,area:Z1
creatures	FaerieBee_Z2W_Spear_U	Bâtisseuse étincelante	0	973		Level 19 | Found in: Nescent Hive	Nescent Hive@2031.3,174.3,218.5	type:Bee,area:Z2
creatures	Demon_Z3W_Spear_Big	Belliciste noctaris	0	974		Level 25 | Found in: CrimsonIsland Cathedral	CrimsonIsland Cathedral@532,-824.1,332.3	type:Demon,area:Z3
creatures	ImpDemon_Z1_Soulstone	Belzéboum	0	975		Level 24 | Summoned with the Pierre d'âme de Belzéboum | Invoked at: Invocation site - Enripit Plains | Stone: Drops: Demon Rift (rare), Demonic Rifts (rare)	Invocation site - Enripit Plains@-863.1,550.1,116	type:Demon,area:Z1
creatures	Crab_Z1W_E	Belzébulle	0	976	Avant de rencontrer Belzébulle, les humains avaient tendance à penser que « ridicule » et « terrifiant » ne pouvaient pas aller de pair...	Level 3 | Found in: Meridion Bay	Meridion Bay@-843.9,1965.2,2.5	type:Crab,area:Z1
creatures	Crimson_Z2W_Captain_U_6	Ben, capitaine écarlate	0	954	Ben serait considéré comme un capitaine ordinaire s'il n'avait pas la mauvaise habitude de jouer avec les figurines utilisées pour la planification des batailles.	Level 20 | Found in: Nescent Pasture	Nescent Pasture@1116,-220,27.8	type:Crimson,area:Z2
creatures	Sprout_Rice_Z2W_E	Bette la Rageuse	0	977	Tout le monde sait que les betteraves ne sont pas tendres par nature, et Bette la Rageuse ne fait pas exception à la règle : elle a gagné son surnom à la suite de plusieurs crises de colère particulièrement violentes.	Level 19 | Found in: Azuram Top	Azuram Top@2017.4,232.9,369	type:Sprouts,area:Z2
creatures	Slime_Z1W_E	Blob Dylan	0	978	Blob Dylan est devenu un véritable symbole de liberté et de changement dans tout le royaume des gluants. En réalité, ils ne sont toujours pas libres et rien n'a vraiment changé, mais au moins, ils peuvent compter sur Blob.	Level 3 | Found in: Meridion Cliff	Meridion Cliff@-456.2,2041.4,64.5	type:Slime,area:Z1
creatures	SpongeBlob	Blob l'éponge	4	979	Blob l'éplonge a tenté d'installer des fruits au fond de l'eau afin de s'en servir de cachette. Mais il n'a pas réussi à s'empêcher de tous les dévorer. Depuis, il erre dans les eaux glacées de la Nouvelle Atlaan.	Level 16 | World boss | Drops: Livre de Mi'Mizan (rare), Cornes des vents (rare) | Found in: Dungeon entrance - Krisomal Abyss	Dungeon entrance - Krisomal Abyss@1490,1551,-88.5	type:Golem,area:Z2
creatures	Crimson_Z3W_GA	Bourreau écarlate	0	980	On raconte que les soldats les plus forts se battent avec les grandes haches à deux mains de l'armée, mais les principaux concernés diront qu'ils le font surtout parce que ça fait moins de surface à nettoyer après le service.	Level 22-23 | Found in: CrimsonIsland South	CrimsonIsland South@662.2,-478.4,101.9;CrimsonIsland South@599.1,-260.4,95;CrimsonIsland South@323.6,-597.3,114.5	type:Crimson,area:Z3
creatures	Crimson_Z3W_GA_2	Bourreau écarlate béni	0	980		Level 23-24 | Found in: CrimsonIsland Cathedral, CrimsonIsland Prison	CrimsonIsland Cathedral@560.2,-827.1,218.5;CrimsonIsland Prison@331.8,-1043.4,-127;CrimsonIsland Cathedral@420.3,-866,246.8	type:Crimson,area:Z3
creatures	Crimson_Z3D_GA	Bourreau écarlate érudit	0	980		Level 22 | Found in: Dungeon entrance - CrimsonIsland Barracks	Dungeon entrance - CrimsonIsland Barracks@390.5,-283.4,78.4	type:Crimson,area:Z3
creatures	Golem_Z2W_FireExplosive_E	Braise Rascal	0	981	On raconte que Braise Rascal réfléchissait tellement que sa tête a un jour pris feu. Comme avait déclaré un autre golem enflammé : « Cogito ergo suie ».	Level 16 | Found in: Azuram Mound Cave	Azuram Mound Cave@859.3,943.9,-125.2	type:FireGolems,area:Z2
creatures	Manfish_Z2D_Tank	Brise-eau de la Nouvelle Atlaan	0	982		Level 15 | Found in: Dungeon entrance - Krisomal Abyss	Dungeon entrance - Krisomal Abyss@1490,1551,-88.5	type:Manfish,area:Z2
creatures	Manfish_Z2W_Sword	Brise-eau nepside	0	983	Il ne faut pas prendre ce nom au pied de la lettre. Il est impossible de briser de l'eau. Mais il reste possible de briser bien d'autres choses, et ce gaillard ne se fera pas prier pour essayer.	Level 16-17 | Found in: Krisomal Priaire, Krisomal Abyss	Krisomal Priaire@1834,740.4,3.5;Krisomal Priaire@1805.6,545.1,6.1;Krisomal Abyss@1554.4,1532.3,-39.1	type:Manfish,area:Z2
creatures	Bee_Z1W_U	Butineuse étincelante	0	984		Level 3 | Found in: Meridion Hills	Meridion Hills@-785.1,2192.6,39.8	type:Bee,area:Z1
creatures	Crimson_Z3W_GA_E	Capitaine Druss	0	980	Personne ne manie la hache à deux mains comme le capitaine Druss. Certains affirment que s'il partait en guerre, il ne serait pas de forteresse qu'il ne saurait tenir d'une main ferme.	Level 23 | Found in: CrimsonIsland South	CrimsonIsland South@309.1,-809.6,129.8	type:Crimson,area:Z3
creatures	Crimson_Z3D_Captain	Capitaine écarlate Alex	0	954	Alex ne serait qu'un capitaine parmi tant d'autres si ce n'était sa passion pour l'haltérophilie.	Level 23 | Found in: Dungeon entrance - CrimsonIsland Barracks	Dungeon entrance - CrimsonIsland Barracks@390.5,-283.4,78.4	type:Crimson,area:Z3
creatures	Crimson_Z3W_Captain_U_1	Capitaine écarlate Arthur	0	954	Arthur ne serait qu'un capitaine parmi tant d'autres si ce n'était un malheureux incident impliquant des chèvres.	Level 23 | Found in: CrimsonIsland South	CrimsonIsland South@639,-235.4,76.5	type:Crimson,area:Z3
creatures	Crimson_Z3D_Captain1	Capitaine écarlate Cynthia	0	954	Cynthia n'est peut-être qu'une capitaine parmi tant d'autres, mais son élevage de cloportes n'a pas son pareil.	Level 23 | Found in: Dungeon entrance - CrimsonIsland Barracks	Dungeon entrance - CrimsonIsland Barracks@390.5,-283.4,78.4	type:Crimson,area:Z3
creatures	Crimson_Z3W_Captain_U_2	Capitaine écarlate Joseph	0	954	Joseph ne serait qu'un capitaine parmi tant d'autres si ce n'était son incontestable talent pour la divination.	Level 23 | Found in: CrimsonIsland South	CrimsonIsland South@717,-707.9,91.5	type:Crimson,area:Z3
creatures	Crimson_Z3D_Captain2	Capitaine écarlate Katy	0	954	Katy ne serait qu'une capitaine parmi tant d'autres si elle n'organisait pas de si belles soirées pyjama.	Level 23 | Found in: Dungeon entrance - CrimsonIsland Barracks	Dungeon entrance - CrimsonIsland Barracks@390.5,-283.4,78.4	type:Crimson,area:Z3
creatures	Crimson_Z3W_Captain_U	Capitaine écarlate Roger	0	954	Roger ne serait qu'un capitaine parmi tant d'autres si ce n'était son goût pour la pizza à l'ananas.	Level 22 | Found in: CrimsonIsland South	CrimsonIsland South@342,-470.9,99.8	type:Crimson,area:Z3
creatures	Crimson_Z2W_Captain_E	Capitaine Ruinicorne	0	954	Capitaine Ruinicorne a reçu ce surnom à l'époque où les Béliers écarlates vivaient dans des ruines, mais elle a décidé de le garder pour la terreur qu'il inspire à ses subordonnés.	Level 16 | Found in: Azuram Veld	Azuram Veld@735.5,581.5,52.5	type:Crimson,area:Z2
creatures	Crab_Z2W_E	Carcinos le fier	0	985	Carcinos était autrefois le roi des crabes. Certains affirmeront que les crabes n'ont pas de roi, mais sachez-le : c'est uniquement de la faute de Carcinos.	Level 17 | Found in: Krisomal Lighthouse	Krisomal Lighthouse@737.5,908.7,0.9	type:Crab,area:Z2
creatures	Crimson_Z2W_Captain_U_4	Carmin, capitaine écarlate	0	954	Carmin serait considéré comme un capitaine ordinaire s'il n'avait pas dû renoncer à ses ambitions artistiques.	Level 16 | Found in: Azuram Bridge	Azuram Bridge@243.3,264,12.1	type:Crimson,area:Z2
creatures	Crimson_Z3_Fist_U2	Castagneur Benoît	0	986	Le castagneur Benoît a passé une grande partie de sa vie dans l'unité spéciale des Béliers écarlates. Cependant, il a décidé il y a peu de se consacrer à la boxe.	Level 24 | Found in: CrimsonIsland South	CrimsonIsland South@749.2,-683.8,147.8	type:Crimson,area:Z3
creatures	Crimson_Z3_Fist_U	Castagneur Brahim	0	986	Malgré sa petite taille, le castagneur Brahim a été sacré grand champion des Jeux écarlates.	Level 24 | Found in: CrimsonIsland South	CrimsonIsland South@745,-683.6,148	type:Crimson,area:Z3
creatures	Crimson_Z3_Fist	Castagneur écarlate	0	986	Certains soldats passent leur vie entière à perfectionner leur maîtrise de l'escrime. D'autres sont simplement nés avec des poings particulièrement puissants.	Level 23-24 | Found in: CrimsonIsland Cathedral, CrimsonIsland Prison	CrimsonIsland Cathedral@560.2,-827.1,218.5;CrimsonIsland Prison@339.4,-1058.4,-127;CrimsonIsland Cathedral@429,-883.2,253.7	type:Crimson,area:Z3
creatures	Crimson_Z3_Fist_U1	Castagneur Mike	0	986	Le castagneur Mike a été accusé d'avoir mordu l'un de ses supérieurs, mais personne n'a jamais trop osé lui poser de questions au sujet de l'incident...	Level 24 | Found in: CrimsonIsland South	CrimsonIsland South@338.5,-671.9,116.3	type:Crimson,area:Z3
creatures	Crimson_Z2W_Peasant_E	Celeryman Pumpkintaro	0	987	Celeryman a renoncé à sa carrière de brigand pour enfin vivre une vie normale et rangée. Il a également décidé de changer de nom, mais il n'est pas convaincu de son choix.	Level 15 | Found in: Azuram Veld	Azuram Veld@611,436.9,57.2	type:Crimson,area:Z2
creatures	Dog_Z3W_RamPatrol01	Chasse	0	988	Ce limier fait partie de la Lain'Patrouille, un groupe spécial de chiens de sauvetage entraînés spécifiquement pour intervenir en toutes circonstances, pour la gloire des Béliers écarlates. La Lain'Patrouille est sur le coup !	Level 24 | Found in: CrimsonIsland South	CrimsonIsland South@471.9,-563.2,146.3	type:Wolf,area:Z3
creatures	Slime_Demonic_Z3W_E	Chevalier gluant	0	989	Si les gluants de Siagarta ont passé les derniers siècles dans un isolement relatif, cela saute aux yeux que ceux de Niflel ont beaucoup fréquenté les Noctaris.	Level 25 | Found in: CrimsonIsland Library	CrimsonIsland Library@485.3,-871.5,45.8	type:Slime,area:Z3
creatures	Wolf_Z1W_E	Chienleston	0	990	La légende du loup dansant daterait de l'Ère des dieux perdus. Personne n'a jamais vu un loup esquisser le moindre pas de danse, mais il suffit d'en désigner un au hasard et dire qu'il danse quand tout le monde a le dos tourné.	Level 12 | Found in: Honeywoods Den	Honeywoods Den@-761.3,1141.3,63.6	type:Wolf,area:Z1
creatures	Crimson_Z2W_Captain_U_3	Clover, capitaine écarlate	0	954	Clover serait considérée comme une capitaine ordinaire si elle n'était soupçonnée d'être une espionne.	Level 18 | Found in: Nescent Pasture	Nescent Pasture@1717.7,226.2,17	type:Crimson,area:Z2
creatures	OgreHuman_Z3W_GM	Colosse écarlate	0	991	Le test de recrutement des ogres dans l'armée écarlate est simple : ils doivent être capables de prendre un bélier sur chaque épaule et de monter les marches de la cathédrale deux par deux. Beaucoup échouent faute de savoir compter.	Level 21-22 | Found in: CrimsonIsland South	CrimsonIsland South@716.8,-686.1,33.9;CrimsonIsland South@376.1,-558.9,131.3;CrimsonIsland South@684.8,-187.3,105.8	type:Ogre,area:Z3
creatures	OgreHuman_Z3D_GM	Colosse écarlate dopé	0	991		Level 23 | Found in: CrimsonIsland Barracks	CrimsonIsland Barracks@175.6,-383.9,105.8	type:Ogre,area:Z3
creatures	Manfish_Z1D_Claws	Combattant de la cité perdue	0	992		Level 5 | Found in: Dungeon entrance - Meridion POI	Dungeon entrance - Meridion POI@-108.8,1870.7,6	type:Manfish,area:Z1
creatures	Manfish_Z1W_Claws	Combattant nepside	0	993	Dans leur région natale de Mérops, ces individus portent le titre de « représentants diplomatiques en territoire occupé »... Autrement dit, « émissaires spécialisés en bottage de fesses ».	Level 4-5 | Found in: Meridion Ruins, Meridion Beach	Meridion Ruins@-203.5,1735.7,6;Meridion Beach@-228.4,1952.8,5.4;Meridion Beach@-388.9,1786.3,7.1	type:Manfish,area:Z1
creatures	Kobold_Z2D_Caster	Contremaître du Creux de Gorgone	0	994		Level 14 | Found in: Dungeon entrance - Azuram Mound Cave	Dungeon entrance - Azuram Mound Cave@969.7,624,13.5	type:Kobold,area:Z2
creatures	Kobold_Z1W_Caster	Contremaître kobold	0	995	Les ouvriers kobolds sont particulièrement autonomes et n'ont pas besoin de contremaîtres. Cependant, on ne peut pas en dire autant des nombreuses créatures qu'ils exploitent dans leurs fermes et leurs mines.	Level 7-8 | Found in: Enripit Hollow	Enripit Hollow@-432.7,1175.4,19.8;Enripit Hollow@-289.5,875.3,69.3	type:Kobold,area:Z1
creatures	Kobold_Z1W_Caster_2	Contremaître kobold imprévisible	0	994		Level 10-11 | Found in: Enripit Hollow	Enripit Hollow@-566.8,390.2,3;Enripit Hollow@-846.5,443.8,3;Enripit Hollow@-286.5,759.7,35.3	type:Kobold,area:Z1
creatures	Kobold_Z2W_Caster	Contremaître kobold lunatique	0	996		Level 19-20 | Found in: Eksod Kobolds	Eksod Kobolds@1104.1,-914,5.9	type:Kobold,area:Z2
creatures	Manfish_Z1D_Spear	Coureur de la cité perdue	0	997		Level 5 | Found in: Dungeon entrance - Meridion POI	Dungeon entrance - Meridion POI@-108.8,1870.7,6	type:Manfish,area:Z1
creatures	Manfish_Z2D_Spear	Coureur de la Nouvelle Atlaan	0	998		Level 15 | Found in: Dungeon entrance - Krisomal Abyss	Dungeon entrance - Krisomal Abyss@1490,1551,-88.5	type:Manfish,area:Z2
creatures	Manfish_Z1W_Spear	Coureur nepside	0	999	Seul un peuple vivant sous les mers peut trouver le terme « coureur » intimidant.	Level 4-5 | Found in: Meridion Ruins, Meridion Beach, Meridion Sand	Meridion Ruins@-198.9,1745.7,6.3;Meridion Beach@-255.7,1907.3,4.9;Meridion Sand@-442.3,1776.5,8.3	type:Manfish,area:Z1
creatures	Manfish_Z2W_Spear	Coureur nepside acrobatique	0	1000		Level 16-17 | Found in: Krisomal Priaire, Krisomal Abyss	Krisomal Priaire@1834,740.4,3.5;Krisomal Priaire@1805.6,545.1,6.1;Krisomal Abyss@1554.4,1532.3,-39.1	type:Manfish,area:Z2
creatures	Wolf_Z2W	Coyote	0	1001	Les fermiers préfèrent surélever leurs basses-cours afin d'empêcher les coyotes affamés de dévorer leurs volailles.	Level 13-14 | Found in: Azuram Highland, Azuram Bridge, Azuram Mound	Azuram Highland@1505.4,406.3,21.3;Azuram Bridge@287.3,304.8,25.8;Azuram Mound@1171.4,526.5,49	type:Coyote,area:Z1,area:Z2
creatures	Wolf_Z2W_2	Coyote affamé	0	1002		Level 17-18 | Found in: Nescent Wood, Nescent Flowers, Nescent Pasture	Nescent Wood@1040.1,-452.5,37.5;Nescent Flowers@1914.9,-45.6,57.4;Nescent Pasture@1170.8,-181.6,45	type:Coyote,area:Z2
creatures	Wolf_Z2W_U	Coyote étincelant	0	1003		Level 19 | Found in: Nescent Wood	Nescent Wood@1041.4,-397,36.4	type:Coyote,area:Z2
creatures	Crab_Z1W_E_2	Craba la sorcière	0	1004	On raconte que la sorcière Craba transforme les hommes en crabes. Personne ne sait s'il s'agit de la vérité, mais dans le doute, les habitants de la région évitent de manger du crabe.	Level 11 | Found in: Honeywoods Piton	Honeywoods Piton@-1014.9,1389.7,1.2	type:Crab,area:Z1
creatures	Crawler_Z1W_E	Crabbi Jacob	0	1005	On raconte que Crabbi serait un mollusque déguisé. Mais sa carapace très réaliste et son agilité avec ses pinces rendent la rumeur impossible à vérifier.	Level 11 | Found in: Enripit Falls	Enripit Falls@-1257.5,558.8,9	type:Crab,area:Z1
creatures	Crab_Z1W	Crabe	0	1006	« J'avais jamais vu un aussi gros crabe, » déclara l'aventurier tandis qu'un individu encore plus imposant s'approchait dans son dos.	Level 1 | Found in: Meridion Shore, Meridion Creek	Meridion Shore@-596.8,2106.8,5.4;Meridion Creek@-965.6,1908.3,1.6;Meridion Creek@-957.7,1766.3,1.6	type:Crab,area:Z1
creatures	Crab_Z2W	Crabe des ruines	0	1007		Level 14-15 | Found in: Krisomal South, Krisomal Abyss	Krisomal South@1326,1454.5,-2.1;Krisomal Abyss@1469.8,1516.6,-13.6	type:Crab,area:Z2
creatures	Crab_Z1W_U	Crabe étincelant	0	1008		Level 11 | Found in: Enripit Hill	Enripit Hill@16.9,510.7,10	type:Crab,area:Z1
creatures	Crab_Z1W_3	Crabe pinceur	0	1009		Level 7-8 | Found in: Enripit Hill, Primevalley Lookout, Primevalley Coast	Enripit Hill@68,528.9,3.3;Primevalley Lookout@371,881.4,4.5;Primevalley Coast@148.9,1285.6,1.6	type:Crab,area:Z1
creatures	Crab_Z1W_5	Crabe soliste	0	1010		Level 10-11 | Found in: Enripit Falls	Enripit Falls@-1236.1,568.7,4.9;Enripit Falls@-1113.1,617.2,1.5	type:Crab,area:Z1
creatures	Crab_Z1W_2	Crabe violoniste	0	1011		Level 3-4 | Found in: Meridion Strand, Meridion Beach	Meridion Strand@-584.5,1761.1,3.8;Meridion Beach@-234,1984.7,-0.5;Meridion Beach@-373.7,1838.9,-2.9	type:Crab,area:Z1
creatures	Crabgantua	Crabgantua	4	1012	Crabgantua, créature nepside, a été élevée et dressée pour devenir une redoutable monture de guerre. La première partie du plan a été un tel succès que ses naisseurs ont été dévorés avant même de passer à la seconde étape.	Level 8 | World boss | Drops: Rotule de Crabgantua (rare), Griffus (rare) | Found in: Dungeon entrance - Primevalley Coast	Dungeon entrance - Primevalley Coast@253.5,1314.5,-87.8	type:Crab,area:Z1
creatures	GiantCrab_Z1W_U	Crustacé étincelant	0	1013		Level 11 | Found in: Honeywoods Bay	Honeywoods Bay@-908.8,1187.8,6.8	type:Crab,area:Z1
creatures	Spirit_Z2W_Claws_E	da'Lida	0	1014	Autrefois considérée comme une véritable idole chez les esprits, la chanteuse da'Lida s'accroche à un rêve impossible pour un être immortel : mourir sur scène.	Level 18 | Found in: Nescent Abode	Nescent Abode@1939.2,-308.9,52.5	type:Spirit,area:Z2
creatures	Spirit_Z2W_Claws_E2	da'Mas	0	1015	L'esprit da'Mas a toujours adoré la couleur jaune. C'est pour cela qu'il a demandé à être transféré dans la vallée de l'éternel automne.	Level 17 | Found in: Krisomal South	Krisomal South@1359.6,1231,191.3	type:Spirit,area:Z2
creatures	Spirit_Z3W_Claws_E	da'Rius	0	1016	À FAIRE	Level 23 | Found in: CrimsonIsland Garden	CrimsonIsland Garden@558.2,-1135,224.3	type:Spirit,area:Z3
creatures	Mokshi	Dame Beille	4	1017	Dame Beille, membre la plus humanoïde du clan Apix, souhaite devenir la plus humanoïde de toutes les créatures une fois que les humains auront été exterminés.	Level 13 | World boss | Drops: Ipheion, des étoiles dans les yeux (rare), Furabeille, la sainte lame du Découvreur (rare) | Found in: Dungeon entrance - Honeywoods Canopy	Dungeon entrance - Honeywoods Canopy@-1088.7,716.9,399	type:Bee,area:Z1
creatures	FaerieDemon_Z3W_Caster_E1	Dame Borgild	0	1018	Borgild est prête à tout pour retrouver son âme soeur disparue, Liv. Surtout à assassiner des gens. Sans la moindre hésitation.	Level 25 | Found in: CrimsonIsland Cathedral	CrimsonIsland Cathedral@532.9,-964.7,332.3	type:Demon,area:Z3
creatures	FaerieDemon_Z3W_Caster_E	Dame Nassion	0	1018	Alors qu'elle était autrefois une nocte-sire respectée, Dame Nassion a été condamnée à l'exil pour avoir tenté d'épargner des conspirateurs humains lors de la Guerre des gardiens. En guise de châtiment, son âme a été piégée sur une île, dont la végétation est une manifestation directe de la présence de Nassion.	Level 24 | Found in: CrimsonIsland Prison	CrimsonIsland Prison@330.9,-1061.1,27.7	type:Demon,area:Z3
creatures	Crimson_Z1W_Captain_E	Dérap le page	0	954	Dérap n'est plus un simple page, mais il gardera son titre encore longtemps. Son surnom lui a été donné après une nuit de chaos dans un camp nepside qu'il avait lui-même accidentellement provoquée et dont il a été le seul survivant.	Level 10 | Found in: Enripit Camp	Enripit Camp@-391.7,559.7,-52	type:Crimson,area:Z1
creatures	Crimson_Z3W_Daggers	Détrousseur écarlate	0	1019	L'armée des Béliers écarlates compte quelques déserteurs qui rôdent dans les égouts de Bélinbourg, armés jusqu'aux dents de couteaux de boucher. Quiconque s'y aventure risque de perdre la bourse ET la vie.	Level 20-21 | Found in: CrimsonIsland South	CrimsonIsland South@550.4,-374.1,84.8	type:Crimson,area:Z3
creatures	Crimson_Z3W_Daggers_2	Détrousseur écarlate féroce	0	1019		Level 23-24 | Found in: CrimsonIsland Sewers, CrimsonIsland Beach	CrimsonIsland Sewers@380.2,-664.9,93;CrimsonIsland Beach@704.1,-1033.7,10.6	type:Crimson,area:Z3
creatures	Dog_Z3W_E	Doguema	0	1020	Chakragnel souhaitait créer un croisement entre les canidés de Niflel et de Siagarta. Doguema, limier de la lune de sang, est le résultat de ses efforts obstinés. Cette expérience est-elle un succès retentissant ou un terrible échec ? Ce sera à ses victimes d'en décider.	Level 25 | Found in: CrimsonIsland Library	CrimsonIsland Library@556,-863,45.8	type:Wolf,area:Z3
creatures	FaerieDemon_Z3W_Caster	Dominateur noctaris	0	1021	Certains Noctaris ont appris à invoquer leurs congénères à travers l'espace et le temps. En cas d'accident, l'être invoqué se retrouve à deux endroits en même temps. Le résultat n'est pas beau à voir.	Level 24-25 | Found in: CrimsonIsland Cathedral	CrimsonIsland Cathedral@523.5,-906.3,292.7;CrimsonIsland Cathedral@653.3,-837.9,279.2;CrimsonIsland Cathedral@399.9,-782,273.5	type:Demon,area:Z3
creatures	ImpDemon_Elite_Red	Draculag, aspirant nocte-dieu	0	1022	Draculag rêve de devenir le plus grand nocte-dieu de toute l'histoire des Noctaris. Un petit séjour dans la cathédrale écarlate de Siagarta devrait le calmer un peu.	Level 24 | Found in: CrimsonIsland Cathedral	CrimsonIsland Cathedral@630.1,-864.3,290.3	type:Demon,area:Z3
creatures	OgreKobold_Z2W_GM	Écraseur kobold	0	1023	Les écraseurs emploient leurs masses pour deux choses : ratatiner leurs ennemis et retourner le fromage en train de fondre sur le feu sans se brûler les pattes.	Level 19-20 | Found in: Eksod Kobolds	Eksod Kobolds@1080.9,-915.1,-21.8	type:Kobold,area:Z2
creatures	Spirit_Z2W_Claws	Esprit de Tiocha	0	1024	Les esprits sont les serviteurs les plus dévoués des Hérauts. Mais depuis la guerre, certains se sont égarés.	Level 15-16 | Found in: Krisomal South, Krisomal Cliff, BelEtir Ruins	Krisomal South@1366.5,1236.3,114.9;Krisomal Cliff@1366.7,892.5,179.1;BelEtir Ruins@-1022.1,-23.5,240.9	type:Spirit,area:Z1,area:Z2
creatures	Spirit_Z2W_Claws2	Esprit nocturne	0	1025		Level 17-18 | Found in: Nescent Abode, Nescent Thorn	Nescent Abode@1930.9,-249.9,46.9;Nescent Thorn@1755.8,-216.3,5.3	type:Spirit,area:Z2
creatures	Spirit_Z3W_Claws	Esprit nocturne	0	1026		Level 23-24 | Found in: CrimsonIsland Garden, CrimsonIsland Pit	CrimsonIsland Garden@635.4,-1103,134.2;CrimsonIsland Pit@222.9,-779.6,8.4	type:Spirit,area:Z3
creatures	Dog_Z3W_RamPatrol06	Estella	0	1027		Level 22 | Found in: CrimsonIsland South	CrimsonIsland South@448.8,-130.6,60.8	type:Wolf,area:Z3
creatures	Dog_Z3W_RamPatrol07	Everest	0	1028		Level 24 | Found in: CrimsonIsland South	CrimsonIsland South@680,-641.8,105.8	type:Wolf,area:Z3
creatures	Golem_Z2W_FireExplosive_E_2	Fanny Ardente	0	981	Réputée pour sa fougue et ses performances à couper le souffle, elle a beaucoup fait parler d'elle dans le monde volcanique.	Level 20 | Found in: Eksod Kobolds	Eksod Kobolds@1447.7,-673.6,-45.7	type:FireGolems,area:Z2
creatures	Crab_Z1W_E_3	Fidel Crabstro	0	1029	La musique de ce crabe violoniste est si galvanisante qu'il est parvenu à encourager ses congénères à se révolter contre les Nepsides et à embrasser la piraterie.	Level 9 | Found in: Primevalley Lookout	Primevalley Lookout@284.3,1041.6,0.8	type:Crab,area:Z1
creatures	Crimson_Z3W_Monk_U2	Frère Ézékiel	0	1030		Level 23 | Found in: CrimsonIsland Cathedral	CrimsonIsland Cathedral@502.5,-909,236.5	type:Crimson,area:Z3
creatures	Crimson_Z3W_Monk_U1	Frère Jacques	0	1030		Level 23 | Found in: CrimsonIsland Cathedral	CrimsonIsland Cathedral@556.2,-852.9,235.5	type:Crimson,area:Z3
creatures	Crimson_Z3W_Monk_U	Frère Tuck	0	1030		Level 23 | Found in: CrimsonIsland Cathedral	CrimsonIsland Cathedral@496.7,-809.4,235.5	type:Crimson,area:Z3
creatures	Sprout_Rice_Z2W_Plantivore_4	Gaïllé Cooper	0	1031	Gaïllé Cooper est devenu un véritable modèle pour de nombreuses pousses, qui admirent sa force de caractère et son charisme. La plupart des pousses d'ail ont naturellement beaucoup de caractère, mais aucune ne lui arrive à la cheville.	Level 18 | Found in: Azuram Flying	Azuram Flying@1738.5,4.9,204.5	type:Sprouts,area:Z2
creatures	FaerieBee_Z1W_GreatMace	Garde royale apix	0	967	La différence morphologique entre les types d'abeille n'a rien de naturel : plus le rang d'une abeille est élevé, plus elle consomme d'Étincelle, et plus son apparence devient humanoïde.	Level 12-13 | Found in: Honeywoods Canopy, Honeywoods Foliage	Honeywoods Canopy@-1100.8,908.3,310;Honeywoods Canopy@-1102.1,775.6,427.5;Honeywoods Foliage@-1137.4,1022.6,289.5	type:Bee,area:Z1
creatures	FaerieBee_Z2W_GreatMace	Garde royale apix surqualifiée	0	1032		Level 19-20 | Found in: Nescent Hive	Nescent Hive@2021.4,143,-61.8	type:Bee,area:Z2
creatures	FaerieBee_Z1D_GreatMace	Garde royale de l'arbre-ruche	0	967		Level 11 | Found in: Dungeon entrance - Honeywoods Cave	Dungeon entrance - Honeywoods Cave@-1095.3,878.3,19.8	type:Bee,area:Z1
creatures	Gatsbee	Gatsbeille	4	1033	Gatsbeille fait partie des rares individus à avoir quitté la ruche et à être parvenue à s'enrichir en revendant de la gelée royale de contrebande aux quatre coins du continent.	Level 12 | World boss | Drops: Dentelle épineuse (rare), Aiguillon de cérémonie de dame Abeille (rare) | Found in: Dungeon entrance - Honeywoods Cave	Dungeon entrance - Honeywoods Cave@-1095.3,878.3,19.8	type:Bee,area:Z1
creatures	Slime_Z1D_U	Gluant de gelée royale	3	978	Ce gluant est parvenu à se faire passer pour une larve apix afin d'être nourri par des ouvrières durant plusieurs mois.	Level 11 | Miniboss | Found in: Dungeon entrance - Honeywoods Cave	Dungeon entrance - Honeywoods Cave@-1095.3,878.3,19.8	type:Slime,area:Z1
creatures	Slime_Z1W_Honey	Gluant de miel	0	1034	Il est tout à fait possible de boire ce gluant à l'aide d'une paille afin de laisser son squelette nu et vulnérable. Mais ce n'est pas parce qu'il est possible de le faire... qu'il faut le faire.	Level 10-12 | Found in: Honeywoods Isle	Honeywoods Isle@-965.6,1398.8,57.1	type:Slime,area:Z1
creatures	Slime_Z1W_2	Gluant de sève	0	1035		Level 6-7 | Found in: Primevalley Plain, Primevalley Meadows	Primevalley Plain@-97.9,1412,84.7;Primevalley Meadows@-212.6,1300.4,50.4	type:Slime,area:Z1
creatures	Slime_Z1W_4	Gluant de sève vieilli en fût	0	1036		Level 9-10 | Found in: Enripit Hill, Primevalley Lookout	Enripit Hill@-20.9,597.9,59.1;Primevalley Lookout@217.1,880.9,45.3;Enripit Hill@59.5,731.7,52.3	type:Slime,area:Z1
creatures	Slime_Z1W_U	Gluant étincelant	0	1037		Level 2 | Found in: Meridion Meadow	Meridion Meadow@-879.8,1933.4,67.5	type:Slime,area:Z1
creatures	Slime_Demonic_Z3W	Gluant nocturne	0	1038	« Garde l'oeil ouvert, et le bon », comme disait un gluant particulièrement sage.	Level 22-23 | Found in: CrimsonIsland Library	CrimsonIsland Library@541.5,-887.6,77.3	type:Slime,area:Z2,area:Z3
creatures	Slime_Z1W	Gluant vert	0	1039	La plupart des vertébrés ont développé un squelette pour protéger leurs organes mous... Mais les gluants ont opté pour la solution inverse.	Level 2-3 | Found in: Meridion Meadow, Meridion Cliff, Meridion Strand	Meridion Meadow@-833.7,1937.3,68.9;Meridion Cliff@-567.6,1948.6,36.2;Meridion Strand@-696.5,1911.4,53.8	type:Slime,area:Z1
creatures	Golem_Z2W_E	Golathée	0	1040	Même si Golathée est faite de pierre et muette, cela n'a pas empêché le célèbre sculpteur de golems, Magmalion, de tomber fou amoureux d'elle.	Level 15 | Found in: Azuram Mound	Azuram Mound@921.7,685.6,115.7	type:Golem,area:Z2
creatures	Golcano	Golcan	4	1041	Golcan s'est éveillé il y a bien des siècles. Mais personne ne lui a jamais dit qu'il était malpoli de baver du magma en public.	Level 15 | World boss | Drops: Cure-dent de Gorgone Ratsay (rare), Magma Mia (rare) | Found in: Dungeon entrance - Azuram Mound Cave	Dungeon entrance - Azuram Mound Cave@969.7,624,13.5	type:Golem,area:Z2
creatures	Golem_Z1W_Earth1	Golem	0	1042	Si vous brisez la carapace d'un golem, une nouvelle entreprendra immédiatement de se former autour de sa petite âme en Étincelle. Cependant, le processus de reformation de carapace peut nécessiter plusieurs millénaires.	Level 7-8 | Found in: Primevalley Island	Primevalley Island@4,1182.7,26.7;Primevalley Island@-90,1275.8,145.5	type:Golem,area:Z1
creatures	Golem_Z2W_U	Golem améthyste étincelant	0	1043		Level 15 | Found in: Azuram Mound	Azuram Mound@992,631.6,127.5	type:Golem,area:Z2
creatures	Golem_Z2W_Wind1	Golem d'Éoyl	0	1044	Lors des grandes tempêtes, il arrive que les golems d'Éoyl se brisent et soient emportés par le vent, avant de se reformer plusieurs kilomètres plus loin.	Level 14-15 | Found in: Azuram Mound, Krisomal North	Azuram Mound@891.6,653,91.1;Krisomal North@1800.8,906,2.4;Azuram Mound@1066.9,712.8,109.8	type:WindGolems,area:Z2
creatures	Golem_Z2W_Wind2	Golem d'Éoyl aérien	0	1044		Level 19-20 | Found in: Eksod Kobolds, Eksod Lake, Eksod Mount	Eksod Kobolds@1290.4,-678.4,-41.8;Eksod Lake@1639.5,-457.6,139.6;Eksod Mount@1268.1,-891.9,-38.3	type:WindGolems,area:Z2
creatures	Golem_Z2W_FireExplosive	Golem de Pyre	0	1045		Level 15-16 | Found in: Azuram Mound Cave	Azuram Mound Cave@921.5,716.3,-7.4;Azuram Mound Cave@891.8,913.3,-114	type:FireGolems,area:Z2
creatures	Golem_Z2D_FireExplosive_2	Golem de pyre du Creux de Gorgone	0	981		Level 15 | Found in: Dungeon entrance - Azuram Mound Cave	Dungeon entrance - Azuram Mound Cave@969.7,624,13.5	type:FireGolems,area:Z2
creatures	Golem_Z2W_FireExplosive_2	Golem de Pyre incandescent	0	1045		Level 19-20 | Found in: Eksod Kobolds	Eksod Kobolds@1467.9,-715,-2.4	type:FireGolems,area:Z2
creatures	Golem_Z1W_Earth_2	Golem solide	0	1046		Level 10-12 | Found in: Enripit Hollow, BelEtir Piton, BelEtir Cliff	Enripit Hollow@-915.4,489.5,3.7;BelEtir Piton@-1390.2,-111.7,79.9;BelEtir Cliff@-683.2,-395.8,11	type:Golem,area:Z1
creatures	Slime_Z3W	Goutte d'égout	0	1047		Level 19-20 | Found in: CrimsonIsland Beach	CrimsonIsland Beach@814.5,-484.3,40.9	type:Slime,area:Z3
creatures	Phrixes	Grand inquisiteur Chakragnel	4	1048	Chakragnel, Autorité suprême des Béliers écarlates, apprécie que ses disciples lui vouent une crainte sans limites et que ses rivaux lui vouent une confiance absolue. L'inverse ne l'arrangerait pas, à dire vrai.	Level 25 | World boss | Drops: Encensoir du Creux laineux (rare), Amon Arès, le créateur (rare) | Found in: Dungeon entrance - CrimsonIsland Sacristy	Dungeon entrance - CrimsonIsland Sacristy@118.4,-864.1,281.4	type:Human,area:Z3
creatures	Manfish_Z1W_E_Spear	Grouillette Ouïedorée	0	1049	Grouillette est rapide sur la terre ferme. Grouillette est rapide sous l'eau. Grouillette est rapide lorsqu'elle bondit dans les airs. Le seul moment où Grouillette prend son temps... c'est quand elle doit achever ses ennemis.	Level 4 | Found in: Meridion Sand	Meridion Sand@-424.8,1836.2,4.4	type:Manfish,area:Z1
creatures	OgreHuman_Z2W_Peasant_E	Gruffy	0	960	Gruffy voulait parcourir les océans à la recherche de trésors. Mais finalement, la vie de fermier lui convient bien aussi.	Level 17 | Found in: Nescent Pasture	Nescent Pasture@1541,48.8,29.1	type:Ogre,area:Z2
creatures	Crimson_Z3W_GA_U	Haut bourreau Léon	0	980	En tant que haut bourreau de Bélinbourg, Léon s'est vu décerner le titre de Président-décapiteur général par ses camarades.	Level 22 | Found in: CrimsonIsland Pit	CrimsonIsland Pit@255.6,-799.2,115.5	type:Crimson,area:Z3
creatures	OgreKobold_Z1W_E_Claws	Héraclette	0	1050	Héraclette est célèbre dans tout Irukal pour avoir accompli douze travaux. Chacun d'entre eux impliquait la préparation d'une fondue extraordinaire, que ce soit pour l'élevage des aurocks ou l'extraction d'Étincelle.	Level 9 | Found in: Enripit Hollow	Enripit Hollow@-211.2,734,36	type:Kobold,area:Z1
creatures	Crimson_Z3W_Peasant	Jardinier du marché écarlate	0	987		Level 21-22 | Found in: CrimsonIsland South	CrimsonIsland South@283.6,-583.7,116.3;CrimsonIsland South@710.8,-658.5,126.8;CrimsonIsland South@606.6,-394.6,92.6	type:Crimson,area:Z3
creatures	Sprout_Rice_Z2W_Plantivore_6	Jared Laitue	0	977	Jared a tenté par tous les moyens de se cultiver une image de légume terre à terre, mais ses tentatives n'ont jamais porté leurs fruits. Est-ce qu'on pourrait dire qu'il s'est complètement planté ?	Level 18 | Found in: Nescent Pasture	Nescent Pasture@1324.8,-224.8,65	type:Sprouts,area:Z2
creatures	Slime_Z1W_E_2	Jelly Lewis	0	1051	Les gluants font rire depuis la nuit des temps, mais celui-ci est le premier à faire de l'humour volontairement. Lorsque Jelly Lewis a découvert que son talent était particulièrement apprécié des humains, il a décidé d'en tirer parti pour dévorer les voyageurs imprudents.	Level 10 | Found in: Enripit Bridge	Enripit Bridge@-123.4,337,99	type:Slime,area:Z1
creatures	Golem_Z2W_E_2	Jimmy Cratère	0	1052	Comme la plupart des cratères, Jimmy est connu pour être particulièrement creux.	Level 18 | Found in: Krisomal Cliff	Krisomal Cliff@1320.1,876.6,-28	type:Golem,area:Z2
creatures	Crimson_Z3W_Peasant_U	José, chef du syndicat des fermiers écarlates	0	987		Level 18 | Found in: CrimsonIsland South	CrimsonIsland South@682.7,-581.7,84.8	type:Crimson,area:Z3
creatures	Demon_Z2_Spear_Soulstone_Leg	Kristian Bélial	0	1053		Level 25 | Summoned with the Pierre d'âme de Kristian Bélial | Invoked at: Invocation site - Krisomal Lighthouse | Stone: Drops: Demonic Rifts (rare)	Invocation site - Krisomal Lighthouse@826.6,1028,18.8	type:Demon,area:Z2
creatures	OgreHuman_Z2W_Peasant	Laboureur écarlate	0	960	Le labourage est un travail difficile, ennuyeux et particulièrement nocif pour les articulations. Toutefois, les ouvriers agricoles restent plus utiles que les patrouilleurs de l'armée écarlate.	Level 17-18 | Found in: Nescent Pasture	Nescent Pasture@1268.8,-310.5,53.9	type:Ogre,area:Z2
creatures	Boar_Z2W_E	Laie du veneur	0	1054	Les autres chasseurs lui avaient bien dit que dresser une laie à la chasse n'était pas une bonne idée. Dix ans plus tard, personne ne sait ce qu'il est advenu de ce veneur... mais sa laie sème toujours le chaos dans les bois de Skover.	Level 20 | Found in: Eksod Mount	Eksod Mount@1752.3,-235.7,-94	type:Boar,area:Z2
creatures	OgreHuman_Z3W_GM_E	Lainy Gravitz, le concierge	0	1055	Les habitants de Bélinbourg peuvent toujours compter sur Lainy Gravitz pour réparer les ascenseurs en panne en chantant.	Level 24 | Found in: CrimsonIsland South	CrimsonIsland South@535.5,-552.3,99.8	type:Ogre,area:Z3
creatures	Demon_Z3W_Spear	Lame noctaris	0	1056		Level 24-25 | Found in: CrimsonIsland Cathedral	CrimsonIsland Cathedral@519.4,-903.4,301.1;CrimsonIsland Cathedral@658.2,-865.4,277.7;CrimsonIsland Cathedral@390.7,-779.7,269.6	type:Demon,area:Z3
creatures	Sprout_Rice_Z2W_Plantivore_5	Léonard de Radis	0	977	Léonard de Radis est un grand scientifique qui n'est pas du genre à rester poireauter : pour mettre du beurre dans les épinards, il n'hésite pas à raconter des salades.	Level 18 | Found in: Azuram Top	Azuram Top@1914.5,380.3,516.8	type:Sprouts,area:Z2
creatures	FaerieDemon_Z2_Soulstone	Lilithium	0	1057		Level 25 | Summoned with the Pierre d'âme de Lilithium | Invoked at: Invocation site - Nescent Route | Stone: Drops: Demon Rift (rare), Demonic Rifts (rare)	Invocation site - Nescent Route@1516.8,-266.1,87.6	type:Demon,area:Z2
creatures	Dog_Z2W_Azuram	Limier carmin	0	1058	Les Béliers écarlates entraînent les limiers à pister les démons. Cependant, leur appétit les pousse souvent à chercher des truffes à la place, pour le plus grand bonheur des fermiers des environs.	Level 13-14 | Found in: Azuram Road	Azuram Road@538.6,139,59.5	type:Wolf,area:Z2
creatures	Dog_Z3W	Limier rouge sang	0	1059		Level 20-21 | Found in: CrimsonIsland South	CrimsonIsland South@437.1,-237.7,77.3;CrimsonIsland South@778.7,-664.9,91.5	type:Wolf,area:Z3
creatures	Wolf_Z1W	Loup	0	1060	Si l'on en croit l'une des théories les plus communément acceptées par les érudits écarlates, le loup descendrait du chien.	Level 11-12 | Found in: Honeywoods Grove, Honeywoods Forest	Honeywoods Grove@-662.5,1287.5,72.1;Honeywoods Forest@-550.7,972.4,112;Honeywoods Grove@-532.5,1285,71.1	type:Wolf,area:Z1
creatures	Wolf_Z1W_Alpha	Loup alpha	0	1061	Les loups au ventre plein sont plus forts, tandis que ceux au ventre vide sont plus déterminés. Ce loup semble appartenir aux deux camps à la fois.	Level 11 | Found in: Honeywoods Grove, Honeywoods Forest	Honeywoods Grove@-653.7,1291.6,71.2;Honeywoods Forest@-581.4,1065,102.8;Honeywoods Grove@-534.8,1291.8,71.9	type:Wolf,area:Z1
creatures	Wolf_Z3W	Loup écarlate	0	1062		Level 22-23 | Found in: CrimsonIsland Pit	CrimsonIsland Pit@233.2,-940.1,12.2	type:Wolf,area:Z3
creatures	Demon_Z1_Spear_Soulstone	Luciferrari	0	1063		Level 25 | Summoned with the Pierre d'âme de Luciferrari | Invoked at: Invocation site - Enripit Hill | Stone: Drops: Demon Rift (rare), Demonic Rifts (rare)	Invocation site - Enripit Hill@175.3,769.9,86.4	type:Demon,area:Z1
creatures	Sprout_Rice_Z2W_Plantivore_2	Maïs Chao	0	1064	Les légumes détestent suivre l'ordre établi... mais en même temps, c'est normal, ce ne sont que des légumes. Tout ce qu'on attend d'eux, c'est qu'ils grandissent, ce que Maïs Chao a décidé de ne pas faire.	Level 15 | Found in: Azuram Highland	Azuram Highland@1068.9,106.6,10.5	type:Sprouts,area:Z2
creatures	OgreKobold_Z1W_Claws_U	Manutentionnaire étincelant	0	1065		Level 11 | Found in: Enripit Hollow	Enripit Hollow@-373,497.6,3.1	type:Kobold,area:Z1
creatures	OgreKobold_Z1W_Claws	Manutentionnaire kobold	0	1066	Est-ce un avantage d'être aussi grand quand on vit dans des tunnels ? Non. Est-ce un avantage pour trouver des filons ? Non. Mais est-ce que cela permet au moins de recevoir une double ration de fromage ? Même pas.	Level 7-8 | Found in: Enripit Hollow	Enripit Hollow@-420.4,1111.1,17.3;Enripit Hollow@-287,868.8,64.7	type:Kobold,area:Z1
creatures	OgreKobold_Z1D_Claws	Manutentionnaire kobold d'Estrone	0	1067		Level 7 | Found in: Dungeon entrance - Primevalley Meadows	Dungeon entrance - Primevalley Meadows@-394.3,1331.6,51.1	type:Kobold,area:Z1
creatures	OgreKobold_Z2W_Claws	Manutentionnaire kobold fiable	0	1068		Level 19-20 | Found in: Eksod Kobolds	Eksod Kobolds@1080.9,-915.1,-21.8	type:Kobold,area:Z2
creatures	OgreKobold_Z1W_Claws_3	Manutentionnaire kobold impassible	0	1069		Level 9-10 | Found in: Enripit Hollow	Enripit Hollow@-264.7,752.9,35.1;Enripit Hollow@-217.7,358.7,46.5;Enripit Hollow@-310.9,524.6,114.8	type:Kobold,area:Z1
creatures	Dog_Z3W_RamPatrol02	Markus	0	1028		Level 23 | Found in: CrimsonIsland South	CrimsonIsland South@692.1,-314.7,92.3	type:Wolf,area:Z3
creatures	Kobold_Z2D_Mace_2	Mineur du Creux de Gorgone	0	1070		Level 14 | Found in: Dungeon entrance - Azuram Mound Cave	Dungeon entrance - Azuram Mound Cave@969.7,624,13.5	type:Kobold,area:Z2
creatures	Kobold_Z1W_Mace_U	Mineur étincelant	0	1071		Level 7 | Found in: Enripit Hollow	Enripit Hollow@-412.2,1234.3,17.3	type:Kobold,area:Z1
creatures	Kobold_Z1W_Mace	Mineur kobold	0	1072	Les Kobolds qui quittent le bas-monde d'Irukal espèrent généralement pouvoir enfin profiter de l'air pur et de la douceur des rayons du soleil. Malheureusement, les mines de Siagarta se trouvent également sous terre.	Level 6-7 | Found in: Enripit Hollow	Enripit Hollow@-432.7,1175.4,19.8;Enripit Hollow@-292.5,854.4,62.3	type:Kobold,area:Z1
creatures	Kobold_Z1D_Mace	Mineur kobold d'Estrone	0	1070		Level 7 | Found in: Dungeon entrance - Primevalley Meadows	Dungeon entrance - Primevalley Meadows@-394.3,1331.6,51.1	type:Kobold,area:Z1
creatures	Kobold_Z2W_Mace	Mineur kobold expérimenté	0	1073		Level 19-20 | Found in: Eksod Kobolds	Eksod Kobolds@1104.1,-914,5.9	type:Kobold,area:Z2
creatures	Kobold_Z1W_Mace_2	Mineur kobold indépendant	0	1074		Level 9-10 | Found in: Enripit Hollow	Enripit Hollow@-566.8,390.2,3;Enripit Hollow@-344.2,522.7,70.5;Enripit Hollow@-846.5,443.8,3	type:Kobold,area:Z1
creatures	Crimson_Z2W_Captain_U	Miranda, capitaine écarlate	0	954	Miranda serait considérée comme une capitaine ordinaire si elle n'était pas une aussi bonne danseuse.	Level 16 | Found in: Azuram Road	Azuram Road@538.6,139,59.5	type:Crimson,area:Z2
creatures	Demon_Z2_Claws_Soulstone	Mortalkombaal	0	1075		Level 25 | Summoned with the Pierre d'âme de Mortalkombaal | Invoked at: Invocation site - Krisomal North | Stone: Drops: Demon Rift (rare), Demonic Rifts (rare)	Invocation site - Krisomal North@1162.9,1075.3,116.2	type:Demon,area:Z2
creatures	Nepsilon	Nepsilon	4	1076	L'émissaire Nepsilon, envoyée par l'empereur Néphisto dans les terres de Skover, ne déteste pas personnellement les humains. Elle est simplement chargée de s'assurer que toutes les zones auparavant peuplées par des humains soient occupées par des Nepsides.	Level 5 | World boss | Drops: Palourdes fantômes de marée basse (rare), Nageoires d'acier du Léviathan (rare) | Found in: Dungeon entrance - Meridion POI	Dungeon entrance - Meridion POI@-108.8,1870.7,6	type:Manfish,area:Z1
creatures	Boar_Z1W_E	Niels Pohr	0	1077	On raconte que Niels, rival de toujours d'Albours Einstein, excelle dans un domaine... mais aucun humain n'est jamais parvenu à saisir lequel.	Level 6 | Found in: Primevalley Plain	Primevalley Plain@-149.7,1614,41.8	type:Boar,area:Z1
creatures	Demon_Z3W_Claws_E	Nocte-sire Asmodérateur	0	1078	Le nocte-sire Asmodérateur est la preuve que longévité ne rime pas forcément avec bonne santé. Cela fait près d'un siècle que le poids des ans se fait sentir pour ce nocte-sire, et c'est sans doute pour cela que les Béliers écarlates sont parvenus à le « capturer ».	Level 25 | Found in: CrimsonIsland Library	CrimsonIsland Library@455.5,-871.8,96.8	type:Demon,area:Z3
creatures	Demon_Z3W_Claws_E_1	Nocte-sire Naamahs'thé	0	1079	Le nocte-sire Naamahs'thé a toujours été très poli et amateur d'infusions en tous genres, ce qui lui permet d'illustrer le proverbe : Niflel appartient à ceux qui se lèvent tôt.	Level 25 | Found in: CrimsonIsland Cathedral	CrimsonIsland Cathedral@434.1,-863.2,290.3	type:Demon,area:Z3
creatures	ImpDemon_GreyBlue	Noctengeance	0	1080		Level 17-18 | Found in: Krisomal North	Krisomal North@1557.5,1004.3,-11.6	type:Demon,area:Z2
creatures	ImpDemon_Red	Noctengeance	0	1081	Craignant la réapparition d'humains assoiffés de sang, les autorités noctaris décidèrent de former ces soldats pour les effrayer.	Level 10-11 | Found in: Enripit Falls	Enripit Falls@-1126,465.8,177.1	type:Demon,area:Z1,area:Z2
creatures	ImpDemon_Z3W	Noctengeance	0	1082		Level 22-23 | Found in: CrimsonIsland Library, CrimsonIsland Prison, CrimsonIsland Cathedral	CrimsonIsland Library@591.1,-831.5,92.9;CrimsonIsland Prison@383.3,-1079.8,59.3;CrimsonIsland Cathedral@363,-772.7,258	type:Demon,area:Z3
creatures	FaerieBee_Z2W_Champ_E	Notorious Beille	0	1083	Véritable icône de toute une génération, Notorious Beille est toujours flanquée d'une cohorte d'admiratrices surnommée la Junior M.A.F.I.A (Meilleures Apprenties Fans de l'Idole des Apix).	Level 20 | Found in: Nescent Hive	Nescent Hive@1988.4,201.7,-293.2	type:Bee,area:Z2
creatures	Crimson_Z2W_Peasant	Ouvrier agricole écarlate	0	987	Les visiteurs qui se rendent à Skover sont souvent intrigués en découvrant que les fermiers de la région appartiennent tous à l'armée écarlate. Mais après avoir croisé des navets de la région, ils comprennent mieux pourquoi.	Level 13-14 | Found in: Azuram Bridge, Azuram Veld, Azuram Highland	Azuram Bridge@469.7,161.7,56.2;Azuram Veld@714.1,397,46.4;Azuram Highland@1317.2,465.4,32.3	type:Crimson,area:Z2
creatures	Crimson_Z2W_Peasant_2	Ouvrier agricole écarlate bucolique	0	987		Level 17-18 | Found in: Nescent Pasture	Nescent Pasture@1268.8,-310.5,53.9;Nescent Pasture@1614.8,218.8,22.3;Nescent Pasture@1543.6,128.7,23.5	type:Crimson,area:Z2
creatures	Crimson_Z3W_Caster_E	Pasteur Moutarde	0	1084		Level 24 | Found in: CrimsonIsland Cathedral	CrimsonIsland Cathedral@532.3,-890.5,234.8	type:Crimson,area:Z3
creatures	Fly_Demon_Z3W	Patromouche noctaris	0	1085	Les patromouches sont avant tout des mouches, le genre de créature qu'on écrase d'un coup de tatane. Les Noctaris n'hésitent jamais à le leur rappeler, même s'il faut avouer qu'on trouve peu de tatanes à Niflel.	Level 22-23 | Found in: CrimsonIsland Library	CrimsonIsland Library@546.7,-860.7,77.3	type:Bee,area:Z3
creatures	FaerieBee_Z1W_GreatMace_E	Polly Nizassion	0	1086	Polly Nizassion s'est initialement enrôlée, car elle avait remarqué que les gardes étaient particulièrement appréciées des ouvrières. Aujourd'hui, elle semble prendre son rôle au sérieux... à sa manière.	Level 13 | Found in: Honeywoods Canopy	Honeywoods Canopy@-1087.2,839.5,426.8	type:Bee,area:Z1
creatures	Demon_Z3W_Claws_Big	Porte-ruine noctaris	0	1087		Level 25 | Found in: CrimsonIsland Cathedral	CrimsonIsland Cathedral@473.6,-837.6,317.8	type:Demon,area:Z2,area:Z3
creatures	Demon_Z3W_Claws	Pourfendeur noctaris	0	1056	Alors qu'il préparait ses futures expéditions dans le haut-monde de Siagarta, le chevalier Pouvante décida de former des soldats pour protéger le reste de ses hommes de la lumière.	Level 24-25 | Found in: CrimsonIsland Cathedral	CrimsonIsland Cathedral@522.6,-901.5,288.9;CrimsonIsland Cathedral@654.3,-849.1,278.9;CrimsonIsland Cathedral@399.9,-782,273.5	type:Demon,area:Z3
creatures	Sprout_Garlic_Z2W	Pousse d'ail	0	1088	L'ail possède bien des vertus, mais il n'est vraiment pas recommandé de s'approcher de cette créature quand on souhaite rester en bonne santé.	Level 13-14 | Found in: Azuram Fields	Azuram Fields@792.7,211.9,17.9	type:Sprouts,area:Z2
creatures	Sprout_Garlic_Z2W_2	Pousse d'ail parfumée	0	1089		Level 17-18 | Found in: Azuram Flying	Azuram Flying@1887,243,277.1;Azuram Flying@1857.8,611.7,282.8;Azuram Flying@1380,-86.2,115.6	type:Sprouts,area:Z2
creatures	Sprout_Onion_Z2W	Pousse d'oignon	0	1090	Peu de gens apprécient le goût de ces pousses d'oignon. Mais elles sont moins dangereuses une fois cuites, alors autant les manger.	Level 13-14 | Found in: Azuram Fields	Azuram Fields@792.7,211.9,17.9	type:Sprouts,area:Z2
creatures	Sprout_Onion_Z2W_2	Pousse d'oignon controversée	0	1091		Level 17-18 | Found in: Azuram Flying	Azuram Flying@1887,243,277.1;Azuram Flying@1857.8,611.7,282.8;Azuram Flying@1380,-86.2,115.6	type:Sprouts,area:Z2
creatures	Sprout_Turnip_Z2W	Pousse de navet	0	1092	Le fermier qui a un jour tenté de préparer un bouillon à base de pousses de navet vivantes est considéré comme l'inventeur du bain à remous le plus meurtrier de l'histoire.	Level 13-14 | Found in: Azuram Fields	Azuram Fields@792.7,211.9,17.9	type:Sprouts,area:Z2
creatures	Sprout_Turnip_Z2W_2	Pousse de navet lucrative	0	1093		Level 17-18 | Found in: Azuram Flying	Azuram Flying@1887,243,277.1;Azuram Flying@1857.8,611.7,282.8;Azuram Flying@1380,-86.2,115.6	type:Sprouts,area:Z2
creatures	Sprout_Rice_Z2W	Pousse de riz	0	1094	Lorsque les digues d'Étincelle ne parviennent pas à retenir les flux, ces derniers sont absorbés dans les sols et donnent vie aux plantations. Ces créatures représentent des cibles de choix pour les aventuriers débutants.	Level 13-14 | Found in: Azuram Fields, Azuram Highland, Azuram Flying	Azuram Fields@909.5,73.7,11.3;Azuram Highland@1076.4,318.3,22.8;Azuram Flying@1276.1,324.9,133.5	type:Sprouts,area:Z2
creatures	Sprout_Rice_Z2W_U	Pousse de riz étincelante	0	1095		Level 15 | Found in: Azuram Highland	Azuram Highland@1006.9,226,18.6	type:Sprouts,area:Z2
creatures	Crimson_Z2W_Monk	Prêcheur écarlate	0	1030	Il peut paraître étonnant que les Béliers écarlates, qui ont passé la majeure partie de leur existence sur une île minuscule, se soient spécialisés dans la magie de terre de Kyre. Mais ne vous avisez pas de le leur faire remarquer.	Level 15-16 | Found in: Krisomal Priaire	Krisomal Priaire@1239.6,714.9,101.4	type:Crimson,area:Z2
creatures	Crimson_Z2W_Monk_2	Prêcheur écarlate érudit	0	1030		Level 17-18 | Found in: Nescent Pasture	Nescent Pasture@1717.7,226.2,17	type:Crimson,area:Z2
creatures	Crimson_Z3W_Monk	Prêcheur écarlate savant	0	1030		Level 23-24 | Found in: CrimsonIsland Cathedral	CrimsonIsland Cathedral@537.3,-881.7,227.7	type:Crimson,area:Z3
creatures	Crimson_Z3W_Caster	Prêtre écarlate	0	1096	Les moines qui apprennent à boire de la bière sans tacher leur soutane sont officiellement éligibles au titre de prêtre.	Level 23-24 | Found in: CrimsonIsland Cathedral	CrimsonIsland Cathedral@529.7,-878,213.1	type:Crimson,area:Z3
creatures	Skunk_Z1W	Putois	0	1097	Personne n'a jamais véritablement remporté un combat contre un putois. Qu'importe l'issue de l'affrontement : on en ressort aussi puant que honteux.	Level 6-7 | Found in: Primevalley Plain, Primevalley Col, Primevalley Island	Primevalley Plain@-184.7,1618.1,47;Primevalley Col@-131.1,1020.1,47.2;Primevalley Island@51.1,1008.7,83.5	type:Skunk,area:Z1
creatures	Skunk_Z1W_U	Putois étincelant	0	1098		Level 6 | Found in: Primevalley Hump	Primevalley Hump@-383.9,1632.8,69.8	type:Skunk,area:Z1
creatures	Skunk_Z1W_2	Putois impopulaire	0	1099		Level 10-11 | Found in: Enripit Plains, Enripit Fields, Enripit Crest	Enripit Plains@-824.9,537.5,161;Enripit Fields@-552.8,695.6,130.5;Enripit Crest@-954.9,416.9,173.8	type:Skunk,area:Z1
creatures	Reblochonk	Reblochonk	4	1100	Les sports des Kobolds sont largement inspirés de leurs métiers. C'est ainsi que Reblochonk est à la fois le meilleur employé de Ratsar et le champion régional de roulage de meule.	Level 8 | World boss | Drops: Flamme d'Argol (rare), Lune fromagère (rare) | Found in: Dungeon entrance - Primevalley Meadows	Dungeon entrance - Primevalley Meadows@-394.3,1331.6,51.1	type:Kobold,area:Z1
creatures	Bee_Z1W	Récolteuse apix	0	1101	Cette abeille semble étonnamment grande, mais de nos jours, il s'agit en réalité d'un individu de taille moyenne.	Level 3 | Found in: Meridion Hills	Meridion Hills@-869.1,2122.4,38.7	type:Bee,area:Z1
creatures	Bee_Z1W_3	Récolteuse apix enivrée	0	1102		Level 10-11 | Found in: Honeywoods Isle, Honeywoods Foliage	Honeywoods Isle@-957.6,1369.2,100.8;Honeywoods Foliage@-825,778.2,185.3;Honeywoods Foliage@-945.2,1015,129.7	type:Bee,area:Z1
creatures	Bee_Z1W_2	Récolteuse apix pompette	0	1103		Level 11-12 | Found in: Honeywoods Foliage, Honeywoods Cave, Honeywoods Root	Honeywoods Foliage@-1026.2,907.6,200.9;Honeywoods Cave@-1167.1,881.7,214;Honeywoods Root@-862.8,1027.6,159.4	type:Bee,area:Z1
creatures	Bee_Z2W	Récolteuse apix saoule	0	1104		Level 18-19 | Found in: Nescent Hive	Nescent Hive@2095.4,133.4,-10.6;Nescent Hive@2050.9,297.7,22.3;Nescent Hive@1982.2,82.9,-28.9	type:Bee,area:Z2
creatures	Cleodora	Reine Élizabeille	4	1105	On dit qu'Élizabeille, reine des insectes de Siagarta et mère de toutes les abeilles du clan Apix, a donné autant de fois la vie que la mort.	Level 20 | World boss | Drops: Ruche de poche (rare), Sabrailes (rare) | Found in: Dungeon entrance - Nescent Hive	Dungeon entrance - Nescent Hive@2087.7,161.4,-293.2	type:Bee,area:Z2
creatures	RobinHoof	Robin des Cornes	4	1106		Level 23 | World boss | Drops: Béliérus et Bélius (rare), Cornes des vents (rare) | Found in: Dungeon entrance - CrimsonIsland Barracks	Dungeon entrance - CrimsonIsland Barracks@390.5,-283.4,78.4	type:Human,area:Z3
creatures	Dog_Z3W_RamPatrol04	Rockie	0	1059		Level 22 | Found in: CrimsonIsland South	CrimsonIsland South@431.8,-366.9,85.5	type:Wolf,area:Z3
creatures	Ratsar	Roi Ratsar	4	1107	Ratsar est le premier des rois kobolds à s'être installé à Siagarta et est réputé pour sa malveillance sans limites. On dit que rien n'égale son intolérance aux humains, hormis peut-être son intolérance au lactose.	Level 10 | World boss | Drops: Canines jumelles de Ratsar (rare), Martyr d'Enripit (rare) | Found in: Dungeon entrance - Enripit Hollow	Dungeon entrance - Enripit Hollow@-652.1,312.2,2.3	type:Kobold,area:Z1
creatures	Dog_Z3W_RamPatrol03	Rouben	0	988		Level 23 | Found in: CrimsonIsland South	CrimsonIsland South@409.3,-220.4,77.3	type:Wolf,area:Z3
creatures	Boar_Z1W	Sanglier	0	1108	Les sangliers sont des créatures incomprises. Les fermiers les détestent autant que les chasseurs les adorent. Cependant, la nature est mal faite : les sangliers adorent les fermiers, mais détestent les chasseurs.	Level 11-12 | Found in: Honeywoods Grove, Honeywoods Forest	Honeywoods Grove@-654.1,1284.9,72.8;Honeywoods Forest@-550.7,972.4,112;Honeywoods Forest@-628.7,1138.4,98.1	type:Boar,area:Z1
creatures	Boar_Z2W_U	Sanglier étincelant	0	1109		Level 14 | Found in: Azuram Bridge	Azuram Bridge@366.4,423.9,36.1	type:Boar,area:Z2
creatures	Boar_Z2W_2	Sanglier misanthrope	0	1110		Level 17-18 | Found in: Nescent Wood, Nescent Flowers, Nescent Pasture	Nescent Wood@1040.1,-452.5,37.5;Nescent Flowers@1914.9,-45.6,57.4;Nescent Pasture@1170.8,-181.6,45	type:Boar,area:Z2
creatures	Boar_Z2W	Sanglier reclus	0	1111		Level 13-14 | Found in: Azuram Highland, Azuram Bridge, Azuram Mound	Azuram Highland@1505.4,406.3,21.3;Azuram Bridge@287.3,304.8,25.8;Azuram Mound@1171.4,526.5,49	type:Boar,area:Z2
creatures	Elemental_Z1W_Earth	Scintille	0	1112	Ceci était autrefois un golem. Mais après des millénaires de pression élémentaire, son coeur de cristal s'est endurci, détruisant presque tout autour de lui.	Level 7-8 | Found in: Primevalley Island	Primevalley Island@-43.8,1295.1,172.2;Primevalley Island@114.2,1370,123	type:Golem,area:Z1
creatures	Elemental_Z2W	Scintille d'Éoyl	0	1113	C'est à ceci que les gens pensent quand ils parlent de l'oeil d'un cyclone.	Level 14-15 | Found in: Azuram Mound, Krisomal North	Azuram Mound@891.6,653,91.1;Krisomal North@1800.8,906,2.4;Azuram Mound@1066.9,712.8,109.8	type:WindGolems,area:Z2
creatures	Elemental_Z2W_2	Scintille d'Éoyl léger	0	1113		Level 19-20 | Found in: Eksod Kobolds, Eksod Lake	Eksod Kobolds@1287.1,-667.7,-50.7;Eksod Lake@1639.5,-457.6,139.6;Eksod Lake@1751.1,-507.6,108.7	type:WindGolems,area:Z2
creatures	Elemental_Z2D_Underwater	Scintille de la Nouvelle Atlaan	0	1114		Level 16 | Found in: Dungeon entrance - Krisomal Abyss	Dungeon entrance - Krisomal Abyss@1490,1551,-88.5	type:WaterGolems,area:Z2
creatures	Elemental_Z1W_Underwater	Scintille de Naya	0	1115	Ces créatures sont souvent confondues avec des oursins, mais elles s'en différencient grâce à deux caractéristiques notables : elles sont âgées de plusieurs siècles, et elles chercheront activement à vous éliminer.	Level 7-8 | Found in: Primevalley Coast	Primevalley Coast@263.5,1481.4,-33.9;Primevalley Coast@348.2,1289.4,-55.1;Primevalley Coast@305.3,1147.3,-12.1	type:WaterGolems,area:Z1
creatures	Elemental_Z2W_Underwater	Scintille de Naya	0	1116		Level 15-16 | Found in: Krisomal Abyss	Krisomal Abyss@1620.4,1561,-56.6	type:WaterGolems,area:Z2
creatures	Elemental_Z2W_Underwater_U	Scintille de Naya scintillant	0	1117		Level 18 | Found in: Krisomal Abyss	Krisomal Abyss@1578.8,1600.9,-64.5	type:WaterGolems,area:Z2
creatures	Elemental_Z2W_Lava	Scintille de Pyre	0	1118	Quand les jeunes de Siagarta disent « C'est trop le feu », il faut comprendre « Fuyez ! ».	Level 15-16 | Found in: Azuram Mound Cave	Azuram Mound Cave@921.5,716.3,-7.4;Azuram Mound Cave@891.8,913.3,-114	type:FireGolems,area:Z2
creatures	Elemental_Z2W_Lava_2	Scintille de Pyre incandescent	0	1118		Level 19-20 | Found in: Eksod Kobolds	Eksod Kobolds@1467.9,-715,-2.4	type:FireGolems,area:Z2
creatures	Elemental_Z1W_Earth_U	Scintille étincelant	0	1119		Level 8 | Found in: Primevalley Island	Primevalley Island@-36.7,1237.3,85.5	type:Golem,area:Z1
creatures	Elemental_Z1W_Earth_2	Scintille glaiseux	0	1120		Level 21-22 | Found in: BelEtir Piton, BelEtir Cliff, BelEtir Islets	BelEtir Piton@-1388.7,-103.8,107.9;BelEtir Cliff@-683.1,-403.9,21.2;BelEtir Islets@-1141.9,-384.3,46.5	type:Golem,area:Z1
creatures	Manfish_Z1D_Caster	Sème-vague de la cité perdue	0	1121		Level 5 | Found in: Dungeon entrance - Meridion POI	Dungeon entrance - Meridion POI@-108.8,1870.7,6	type:Manfish,area:Z1
creatures	Manfish_Z2D_Caster	Sème-vague de la Nouvelle Atlaan	0	1122		Level 16 | Found in: Dungeon entrance - Krisomal Abyss	Dungeon entrance - Krisomal Abyss@1490,1551,-88.5	type:Manfish,area:Z2
creatures	Manfish_Z1W_U_Caster	Sème-vague étincelant	0	1123		Level 4 | Found in: Meridion Beach	Meridion Beach@-275.9,1864.5,0.8	type:Manfish,area:Z1
creatures	Manfish_Z1W_Caster	Sème-vague nepside	0	1124	On raconte que ce sont les Sème-vagues qui ont fait d'Atlantide, autrefois un village humain fort banal, la cité immortelle et légendaire d'aujourd'hui.	Level 4-5 | Found in: Meridion Ruins, Meridion Beach, Meridion Sand	Meridion Ruins@-195.6,1734.2,6.1;Meridion Beach@-248.9,1956.4,6.2;Meridion Sand@-443.7,1778.3,9.1	type:Manfish,area:Z1
creatures	Manfish_Z2W_Caster	Sème-vague nepside érudit	0	1125		Level 16-17 | Found in: Krisomal Priaire, Krisomal Abyss	Krisomal Priaire@1834,740.4,3.5;Krisomal Priaire@1805.6,545.1,6.1;Krisomal Abyss@1554.4,1532.3,-39.1	type:Manfish,area:Z2
creatures	Crimson_Z2W_Captain_U_2	Sensabille, capitaine écarlate	0	954	Sensabille serait considérée comme une capitaine ordinaire si elle n'avait pas autant de problèmes d'audition.	Level 16 | Found in: Azuram Road	Azuram Road@828.4,276.3,15.1	type:Crimson,area:Z2
creatures	FaerieBee_Z1W_Claws	Sentinelle apix	0	1126	Dans le vocabulaire apix, « monter la garde » est très proche des notions « châtier », « massacrer » et « s'assurer que les humains ne reviendront jamais ».	Level 11-12 | Found in: Honeywoods Canopy, Honeywoods Root	Honeywoods Canopy@-1054.8,914.8,228.5;Honeywoods Canopy@-1188.5,897.8,274;Honeywoods Root@-867.3,1021.9,166.5	type:Bee,area:Z1
creatures	FaerieBee_Z2W_Claws	Sentinelle apix zélée	0	1127		Level 18-19 | Found in: Nescent Hive	Nescent Hive@2084.4,134.7,-19.7;Nescent Hive@2054.8,303.8,30.1;Nescent Hive@2088.1,6.4,61.8	type:Bee,area:Z2
creatures	FaerieBee_Z1D_Claws	Sentinelle de l'arbre-ruche	0	1127		Level 11 | Found in: Dungeon entrance - Honeywoods Cave	Dungeon entrance - Honeywoods Cave@-1095.3,878.3,19.8	type:Bee,area:Z1
creatures	Sprout_Rice_Z2W_Plantivore_3	Shaquille O'Navet	0	1128	Lors des matchs de jeux de balles, ce sont traditionnellement les navets qui se retrouvaient à devoir servir de ballon. Mais tout a changé à l'arrivée de Shaquille O'Navet.	Level 16 | Found in: Azuram Flying	Azuram Flying@1457.8,485.8,210.8	type:Sprouts,area:Z2
creatures	Golem_Z1W_Earth_E	Sméagolem	0	1129	Depuis le jour où cette malheureuse créature a trouvé une boucle d'oreille kobold dans les profondeurs d'Enripit, elle est persuadée d'une chose : quelqu'un va venir lui voler son trésor.	Level 8 | Found in: Primevalley Island	Primevalley Island@-7.4,1200.1,144.8	type:Golem,area:Z1
creatures	Crimson_Z1W_Sword	Soldat écarlate	0	1130	Les soldats écarlates ne sont pas tous de violents fanatiques, mais ils doivent se faire passer pour tels et finissent parfois par vraiment s'en convaincre eux-mêmes.	Level 8-10 | Found in: Enripit Camp, Enripit Plains	Enripit Camp@-282.7,597.4,142.7;Enripit Plains@-176.9,425.7,131.3	type:Crimson,area:Z1
creatures	Crimson_Z3D_Sword	Soldat écarlate aguerri	0	1130		Level 22 | Found in: Dungeon entrance - CrimsonIsland Barracks	Dungeon entrance - CrimsonIsland Barracks@390.5,-283.4,78.4	type:Crimson,area:Z3
creatures	Crimson_Z2W_Sword	Soldat écarlate dévot	0	1130		Level 15-16 | Found in: Krisomal Priaire, Azuram Road	Krisomal Priaire@1239.6,714.9,101.4;Azuram Road@828.4,276.3,15.1	type:Crimson,area:Z2
creatures	Crimson_Z2W_Sword_2	Soldat écarlate fervent	0	1130		Level 17-18 | Found in: Nescent Pasture	Nescent Pasture@1717.7,226.2,17;Nescent Pasture@1116,-220,27.8	type:Crimson,area:Z2
creatures	Crimson_Z3W_Sword	Soldat écarlate obsessionnel	0	1130		Level 22-23 | Found in: CrimsonIsland South	CrimsonIsland South@658.9,-449.1,103;CrimsonIsland South@324.1,-586.7,113.6;CrimsonIsland South@548.2,-279,96.2	type:Crimson,area:Z3
creatures	Manfish_Z2W_E_Spear_2	Squalide Ouïenoire	0	1131	Chacun le sait : tout criminel recherché dans les neuf mondes finit par se terrer à Siagarta. Cependant, la réputation de Squalide est si catastrophique que cet individu corrompu est presque plus apprécié à la cour méropienne qu'ici.	Level 15 | Found in: Krisomal Abyss	Krisomal Abyss@1528.4,1512.3,-39.1	type:Manfish,area:Z2
creatures	Sprout_Rice_Z2W_Plantivore	Syd Barblette	0	1132	On dit que tenter de discuter avec Syd Barblette, c'est comme parler à un mur de brique, mais il reste très apprécié des autres pousses.	Level 15 | Found in: Azuram Fields	Azuram Fields@952.2,285,18.8	type:Sprouts,area:Z2
creatures	Crimson_Z3D_Bow	Tireur d'élite écarlate	0	958		Level 22 | Found in: Dungeon entrance - CrimsonIsland Barracks	Dungeon entrance - CrimsonIsland Barracks@390.5,-283.4,78.4	type:Crimson,area:Z3
creatures	Dog_Z3W_RamPatrol08	Trackeur	0	988		Level 23 | Found in: CrimsonIsland South	CrimsonIsland South@534,-318.1,93.8	type:Wolf,area:Z3
creatures	Crimson_Z3W_Daggers_E	Trombelin	0	1019	Trombelin convoitait le monde entier, et tout ce qu'il contient.	Level 22 | Found in: CrimsonIsland South	CrimsonIsland South@558.9,-372.9,83.2	type:Crimson,area:Z3
creatures	OgreHuman_Z3W_Claws_U	Type moche à poil	0	1133		Level 23 | Found in: CrimsonIsland Beach	CrimsonIsland Beach@789.7,-374.2,56.3	type:Ogre,area:Z3
creatures	Ulserous	ul'Céré, Avatar des Hérauts	4	1134	ul'Céré, Autorité des Hérauts de Skover, est bien décidé à rétablir l'équilibre du monde en aidant les Solaris à reprendre ce qu'ils ont perdu.	Level 13 | World boss | Found in: BelEtir AltarFight	BelEtir AltarFight@-964.7,-520.4,427.5	type:Human,area:Z1
creatures	Kobold_Z1W_Daggers	Voleur kobold	0	1135	Les Kobolds font leur fromage, récoltent leur propre Étincelle et fabriquent leurs machines. Pour tout le reste, ils optent généralement pour un système d'échange unilatéral que les humains qualifient de « vol ».	Level 7-8 | Found in: Enripit Hollow	Enripit Hollow@-432.7,1175.4,19.8;Enripit Hollow@-289.5,875.3,69.3	type:Kobold,area:Z1
creatures	Kobold_Z1D_Daggers	Voleur kobold d'Estrone	0	1136		Level 7 | Found in: Dungeon entrance - Primevalley Meadows	Dungeon entrance - Primevalley Meadows@-394.3,1331.6,51.1	type:Kobold,area:Z1
creatures	Kobold_Z1W_Daggers_2	Voleur kobold digne de confiance	0	1137		Level 10-11 | Found in: Enripit Hollow	Enripit Hollow@-566.8,390.2,3;Enripit Hollow@-846.5,443.8,3;Enripit Hollow@-286.5,759.7,35.3	type:Kobold,area:Z1
creatures	Kobold_Z2W_Daggers	Voleur kobold irréprochable	0	1136		Level 19-20 | Found in: Eksod Kobolds	Eksod Kobolds@1104.1,-914,5.9	type:Kobold,area:Z2
creatures	Dog_Z3W_RamPatrol05	Zouma	0	1059		Level 23 | Found in: CrimsonIsland Garden	CrimsonIsland Garden@512.9,-1059,-106	type:Wolf,area:Z3
runes	Mage_StaticNova_M2	Aftershock	3	1138	Enemies are dealt ? after the immobilizing effect of Nova statique stops	Upgrades: Nova statique (Mage) | Quest reward: A Pebble in the Shoe (Azuram Mound Cave), Under the Sands of Time (Eksod Kobolds), Sunken Tomb Raider (Krisomal Port) +5 more | Named in 2 chests at 1% | Drops: World crates, FoeUniqueDrops | Which rune a pickup becomes is decided when you take it	Chests - Primevalley Island@39.6,1099.6,58.2;Chests - Krisomal North@1465.4,1317.2,56;Chests - Azuram Mound@874.1,762.5,99.5;A Pebble in the Shoe - Azuram Mound Cave@927.3,618.3,13.6,q:NPC_Ratou;Under the Sands of Time - Eksod Kobolds@1070.1,-825.8,33.8,q:NPC_India_1;Sunken Tomb Raider - Krisomal Port@1523.6,1536.6,5.3,q:NPC_Lora	class:Mage,skill:Nova statique
runes	Priest_Judgment_M2	Alacrity	3	1139	Readying a Prayer reduces the cooldown of Jugement by 2.	Upgrades: Jugement (Priest) | Quest reward: A Pebble in the Shoe (Azuram Mound Cave), Under the Sands of Time (Eksod Kobolds), Sunken Tomb Raider (Krisomal Port) +5 more | Named in 2 chests at 1% | Drops: World crates, FoeUniqueDrops | Which rune a pickup becomes is decided when you take it	Chests - Primevalley Island@39.6,1099.6,58.2;Chests - Krisomal North@1465.4,1317.2,56;Chests - Azuram Mound@874.1,762.5,99.5;A Pebble in the Shoe - Azuram Mound Cave@927.3,618.3,13.6,q:NPC_Ratou;Under the Sands of Time - Eksod Kobolds@1070.1,-825.8,33.8,q:NPC_India_1;Sunken Tomb Raider - Krisomal Port@1523.6,1536.6,5.3,q:NPC_Lora	class:Priest,skill:Jugement
runes	Mage_ChronoReset_M3	Alignment	3	1140	Réinitialisation temporelle reduces the cooldowns of all your ClassSkills by 15.	Upgrades: Réinitialisation temporelle (Mage) | Quest reward: A Pebble in the Shoe (Azuram Mound Cave), Under the Sands of Time (Eksod Kobolds), Sunken Tomb Raider (Krisomal Port) +5 more | Named in 2 chests at 1% | Drops: World crates, FoeUniqueDrops | Which rune a pickup becomes is decided when you take it	Chests - Primevalley Island@39.6,1099.6,58.2;Chests - Krisomal North@1465.4,1317.2,56;Chests - Azuram Mound@874.1,762.5,99.5;A Pebble in the Shoe - Azuram Mound Cave@927.3,618.3,13.6,q:NPC_Ratou;Under the Sands of Time - Eksod Kobolds@1070.1,-825.8,33.8,q:NPC_India_1;Sunken Tomb Raider - Krisomal Port@1523.6,1536.6,5.3,q:NPC_Lora	class:Mage,skill:Réinitialisation temporelle
runes	Mage_Overload_M3	All-In	3	1141	Surcharge increases all your damage by ? but your Health is set to ? and you cannot be healed for the duration.	Upgrades: Surcharge (Mage) | Quest reward: A Pebble in the Shoe (Azuram Mound Cave), Under the Sands of Time (Eksod Kobolds), Sunken Tomb Raider (Krisomal Port) +5 more | Named in 2 chests at 1% | Drops: World crates, FoeUniqueDrops | Which rune a pickup becomes is decided when you take it	Chests - Primevalley Island@39.6,1099.6,58.2;Chests - Krisomal North@1465.4,1317.2,56;Chests - Azuram Mound@874.1,762.5,99.5;A Pebble in the Shoe - Azuram Mound Cave@927.3,618.3,13.6,q:NPC_Ratou;Under the Sands of Time - Eksod Kobolds@1070.1,-825.8,33.8,q:NPC_India_1;Sunken Tomb Raider - Krisomal Port@1523.6,1536.6,5.3,q:NPC_Lora	class:Mage,skill:Surcharge
runes	Priest_BlessingOfFervor_M1	Almighty Blessing	3	1142	Bénédiction fervente increases Strength, Dexterity, Intellect and Faith by ?.	Upgrades: Bénédiction fervente (Priest) | Quest reward: A Pebble in the Shoe (Azuram Mound Cave), Under the Sands of Time (Eksod Kobolds), Sunken Tomb Raider (Krisomal Port) +5 more | Named in 2 chests at 1% | Drops: World crates, FoeUniqueDrops | Which rune a pickup becomes is decided when you take it	Chests - Primevalley Island@39.6,1099.6,58.2;Chests - Krisomal North@1465.4,1317.2,56;Chests - Azuram Mound@874.1,762.5,99.5;A Pebble in the Shoe - Azuram Mound Cave@927.3,618.3,13.6,q:NPC_Ratou;Under the Sands of Time - Eksod Kobolds@1070.1,-825.8,33.8,q:NPC_India_1;Sunken Tomb Raider - Krisomal Port@1523.6,1536.6,5.3,q:NPC_Lora	class:Priest,skill:Bénédiction fervente
runes	Priest_BeaconOfHope_M3	Balance of Souls	3	1143	Each ally and enemy hit reduces the cooldown of Lueur d'espoir by 5.	Upgrades: Lueur d'espoir (Priest) | Quest reward: A Pebble in the Shoe (Azuram Mound Cave), Under the Sands of Time (Eksod Kobolds), Sunken Tomb Raider (Krisomal Port) +5 more | Named in 2 chests at 1% | Drops: World crates, FoeUniqueDrops | Which rune a pickup becomes is decided when you take it	Chests - Primevalley Island@39.6,1099.6,58.2;Chests - Krisomal North@1465.4,1317.2,56;Chests - Azuram Mound@874.1,762.5,99.5;A Pebble in the Shoe - Azuram Mound Cave@927.3,618.3,13.6,q:NPC_Ratou;Under the Sands of Time - Eksod Kobolds@1070.1,-825.8,33.8,q:NPC_India_1;Sunken Tomb Raider - Krisomal Port@1523.6,1536.6,5.3,q:NPC_Lora	class:Priest,skill:Lueur d'espoir
runes	Warrior_BattleShout_M1	Battle Fury	3	1144	Your critical strikes extend the duration of your own Cri de guerre by 0.25.	Upgrades: Cri de guerre (Warrior) | Quest reward: A Pebble in the Shoe (Azuram Mound Cave), Under the Sands of Time (Eksod Kobolds), Sunken Tomb Raider (Krisomal Port) +5 more | Named in 2 chests at 1% | Drops: World crates, FoeUniqueDrops | Which rune a pickup becomes is decided when you take it	Chests - Primevalley Island@39.6,1099.6,58.2;Chests - Krisomal North@1465.4,1317.2,56;Chests - Azuram Mound@874.1,762.5,99.5;A Pebble in the Shoe - Azuram Mound Cave@927.3,618.3,13.6,q:NPC_Ratou;Under the Sands of Time - Eksod Kobolds@1070.1,-825.8,33.8,q:NPC_India_1;Sunken Tomb Raider - Krisomal Port@1523.6,1536.6,5.3,q:NPC_Lora	class:Warrior,skill:Cri de guerre
runes	Warrior_SurgingForce_M1	Battle Momentum	3	1145	Hitting 3 or more enemies with Force implacable reduces its cooldown by 15.	Upgrades: Force implacable (Warrior) | Quest reward: A Pebble in the Shoe (Azuram Mound Cave), Under the Sands of Time (Eksod Kobolds), Sunken Tomb Raider (Krisomal Port) +5 more | Named in 2 chests at 1% | Drops: World crates, FoeUniqueDrops | Which rune a pickup becomes is decided when you take it	Chests - Primevalley Island@39.6,1099.6,58.2;Chests - Krisomal North@1465.4,1317.2,56;Chests - Azuram Mound@874.1,762.5,99.5;A Pebble in the Shoe - Azuram Mound Cave@927.3,618.3,13.6,q:NPC_Ratou;Under the Sands of Time - Eksod Kobolds@1070.1,-825.8,33.8,q:NPC_India_1;Sunken Tomb Raider - Krisomal Port@1523.6,1536.6,5.3,q:NPC_Lora	class:Warrior,skill:Force implacable
runes	Priest_BeaconOfHope_M1	Blinding Light	3	1146	Lueur d'espoir stuns enemies for 3.	Upgrades: Lueur d'espoir (Priest) | Quest reward: A Pebble in the Shoe (Azuram Mound Cave), Under the Sands of Time (Eksod Kobolds), Sunken Tomb Raider (Krisomal Port) +5 more | Named in 2 chests at 1% | Drops: World crates, FoeUniqueDrops | Which rune a pickup becomes is decided when you take it	Chests - Primevalley Island@39.6,1099.6,58.2;Chests - Krisomal North@1465.4,1317.2,56;Chests - Azuram Mound@874.1,762.5,99.5;A Pebble in the Shoe - Azuram Mound Cave@927.3,618.3,13.6,q:NPC_Ratou;Under the Sands of Time - Eksod Kobolds@1070.1,-825.8,33.8,q:NPC_India_1;Sunken Tomb Raider - Krisomal Port@1523.6,1536.6,5.3,q:NPC_Lora	class:Priest,skill:Lueur d'espoir
runes	Mage_StaticNova_M3	Chain Reaction	3	1147	Hitting 3 enemies or more with Nova statique triggers all your Conduits for free.	Upgrades: Nova statique (Mage) | Quest reward: A Pebble in the Shoe (Azuram Mound Cave), Under the Sands of Time (Eksod Kobolds), Sunken Tomb Raider (Krisomal Port) +5 more | Named in 2 chests at 1% | Drops: World crates, FoeUniqueDrops | Which rune a pickup becomes is decided when you take it	Chests - Primevalley Island@39.6,1099.6,58.2;Chests - Krisomal North@1465.4,1317.2,56;Chests - Azuram Mound@874.1,762.5,99.5;A Pebble in the Shoe - Azuram Mound Cave@927.3,618.3,13.6,q:NPC_Ratou;Under the Sands of Time - Eksod Kobolds@1070.1,-825.8,33.8,q:NPC_India_1;Sunken Tomb Raider - Krisomal Port@1523.6,1536.6,5.3,q:NPC_Lora	class:Mage,skill:Nova statique
runes	Rogue_UrgeToKill_M2	Chronic Urge	3	1148	The cooldown of Pulsion meurtrière is reduced to 90.	Upgrades: Pulsion meurtrière (Rogue) | Quest reward: A Pebble in the Shoe (Azuram Mound Cave), Under the Sands of Time (Eksod Kobolds), Sunken Tomb Raider (Krisomal Port) +5 more | Named in 2 chests at 1% | Drops: World crates, FoeUniqueDrops | Which rune a pickup becomes is decided when you take it	Chests - Primevalley Island@39.6,1099.6,58.2;Chests - Krisomal North@1465.4,1317.2,56;Chests - Azuram Mound@874.1,762.5,99.5;A Pebble in the Shoe - Azuram Mound Cave@927.3,618.3,13.6,q:NPC_Ratou;Under the Sands of Time - Eksod Kobolds@1070.1,-825.8,33.8,q:NPC_India_1;Sunken Tomb Raider - Krisomal Port@1523.6,1536.6,5.3,q:NPC_Lora	class:Rogue,skill:Pulsion meurtrière
runes	Rogue_Finisher_M2	Combo Ruler	3	1149	You can now stack up to 6 ComboPoint.	Upgrades: Coup de grâce (Rogue) | Quest reward: A Pebble in the Shoe (Azuram Mound Cave), Under the Sands of Time (Eksod Kobolds), Sunken Tomb Raider (Krisomal Port) +5 more | Named in 2 chests at 1% | Drops: World crates, FoeUniqueDrops | Which rune a pickup becomes is decided when you take it	Chests - Primevalley Island@39.6,1099.6,58.2;Chests - Krisomal North@1465.4,1317.2,56;Chests - Azuram Mound@874.1,762.5,99.5;A Pebble in the Shoe - Azuram Mound Cave@927.3,618.3,13.6,q:NPC_Ratou;Under the Sands of Time - Eksod Kobolds@1070.1,-825.8,33.8,q:NPC_India_1;Sunken Tomb Raider - Krisomal Port@1523.6,1536.6,5.3,q:NPC_Lora	class:Rogue,skill:Coup de grâce
runes	ComboStep	Combo Step	3	1150	Marche de l'ombre generates 2 ComboPoint.	Upgrades: Marche de l'ombre (Rogue) | Quest reward: A Pebble in the Shoe (Azuram Mound Cave), Under the Sands of Time (Eksod Kobolds), Sunken Tomb Raider (Krisomal Port) +5 more | Named in 2 chests at 1% | Drops: World crates, FoeUniqueDrops | Which rune a pickup becomes is decided when you take it	Chests - Primevalley Island@39.6,1099.6,58.2;Chests - Krisomal North@1465.4,1317.2,56;Chests - Azuram Mound@874.1,762.5,99.5;A Pebble in the Shoe - Azuram Mound Cave@927.3,618.3,13.6,q:NPC_Ratou;Under the Sands of Time - Eksod Kobolds@1070.1,-825.8,33.8,q:NPC_India_1;Sunken Tomb Raider - Krisomal Port@1523.6,1536.6,5.3,q:NPC_Lora	class:Rogue,skill:Marche de l'ombre
runes	Warrior_SurgingForce_M3	Concentrated Impact	3	1151	Force implacable deals 40% increased damage if only one enemy is hit.	Upgrades: Force implacable (Warrior) | Quest reward: A Pebble in the Shoe (Azuram Mound Cave), Under the Sands of Time (Eksod Kobolds), Sunken Tomb Raider (Krisomal Port) +5 more | Named in 2 chests at 1% | Drops: World crates, FoeUniqueDrops | Which rune a pickup becomes is decided when you take it	Chests - Primevalley Island@39.6,1099.6,58.2;Chests - Krisomal North@1465.4,1317.2,56;Chests - Azuram Mound@874.1,762.5,99.5;A Pebble in the Shoe - Azuram Mound Cave@927.3,618.3,13.6,q:NPC_Ratou;Under the Sands of Time - Eksod Kobolds@1070.1,-825.8,33.8,q:NPC_India_1;Sunken Tomb Raider - Krisomal Port@1523.6,1536.6,5.3,q:NPC_Lora	class:Warrior,skill:Force implacable
runes	Mage_Overload_M1	Conductivity	3	1152	Participating in killing an enemy extends the duration of Surcharge by 1.	Upgrades: Surcharge (Mage) | Quest reward: A Pebble in the Shoe (Azuram Mound Cave), Under the Sands of Time (Eksod Kobolds), Sunken Tomb Raider (Krisomal Port) +5 more | Named in 2 chests at 1% | Drops: World crates, FoeUniqueDrops | Which rune a pickup becomes is decided when you take it	Chests - Primevalley Island@39.6,1099.6,58.2;Chests - Krisomal North@1465.4,1317.2,56;Chests - Azuram Mound@874.1,762.5,99.5;A Pebble in the Shoe - Azuram Mound Cave@927.3,618.3,13.6,q:NPC_Ratou;Under the Sands of Time - Eksod Kobolds@1070.1,-825.8,33.8,q:NPC_India_1;Sunken Tomb Raider - Krisomal Port@1523.6,1536.6,5.3,q:NPC_Lora	class:Mage,skill:Surcharge
runes	Priest_RadiantVerdict_M1	Consecration	3	1153	Verdict radieux drops a consecrated floor that deals ? over 6.	Upgrades: Verdict radieux (Priest) | Quest reward: A Pebble in the Shoe (Azuram Mound Cave), Under the Sands of Time (Eksod Kobolds), Sunken Tomb Raider (Krisomal Port) +5 more | Named in 2 chests at 1% | Drops: World crates, FoeUniqueDrops | Which rune a pickup becomes is decided when you take it	Chests - Primevalley Island@39.6,1099.6,58.2;Chests - Krisomal North@1465.4,1317.2,56;Chests - Azuram Mound@874.1,762.5,99.5;A Pebble in the Shoe - Azuram Mound Cave@927.3,618.3,13.6,q:NPC_Ratou;Under the Sands of Time - Eksod Kobolds@1070.1,-825.8,33.8,q:NPC_India_1;Sunken Tomb Raider - Krisomal Port@1523.6,1536.6,5.3,q:NPC_Lora	class:Priest,skill:Verdict radieux
runes	Mage_MysticEmpowerment_M2	Cosmic Singularity	3	1154	Renforcement mystique grants a ? increase to a random Attribute between MagicMastery or PhysicalMastery.	Upgrades: Renforcement mystique (Mage) | Quest reward: A Pebble in the Shoe (Azuram Mound Cave), Under the Sands of Time (Eksod Kobolds), Sunken Tomb Raider (Krisomal Port) +5 more | Named in 2 chests at 1% | Drops: World crates, FoeUniqueDrops | Which rune a pickup becomes is decided when you take it	Chests - Primevalley Island@39.6,1099.6,58.2;Chests - Krisomal North@1465.4,1317.2,56;Chests - Azuram Mound@874.1,762.5,99.5;A Pebble in the Shoe - Azuram Mound Cave@927.3,618.3,13.6,q:NPC_Ratou;Under the Sands of Time - Eksod Kobolds@1070.1,-825.8,33.8,q:NPC_India_1;Sunken Tomb Raider - Krisomal Port@1523.6,1536.6,5.3,q:NPC_Lora	class:Mage,skill:Renforcement mystique
runes	Warrior_BurstOfAnger_M3	Cycle of Hatred	3	1155	The cooldown of Accès de colère is reduced to 120.	Upgrades: Accès de colère (Warrior) | Quest reward: A Pebble in the Shoe (Azuram Mound Cave), Under the Sands of Time (Eksod Kobolds), Sunken Tomb Raider (Krisomal Port) +5 more | Named in 2 chests at 1% | Drops: World crates, FoeUniqueDrops | Which rune a pickup becomes is decided when you take it	Chests - Primevalley Island@39.6,1099.6,58.2;Chests - Krisomal North@1465.4,1317.2,56;Chests - Azuram Mound@874.1,762.5,99.5;A Pebble in the Shoe - Azuram Mound Cave@927.3,618.3,13.6,q:NPC_Ratou;Under the Sands of Time - Eksod Kobolds@1070.1,-825.8,33.8,q:NPC_India_1;Sunken Tomb Raider - Krisomal Port@1523.6,1536.6,5.3,q:NPC_Lora	class:Warrior,skill:Accès de colère
runes	Rogue_Darkness_M2	Deepening Shadow	3	1156	Ombres de l'obscurité extends the duration of your Ombres de l'obscurité by 0.5 per ComboPoint consumed.	Upgrades: Ombres de l'obscurité (Rogue) | Quest reward: A Pebble in the Shoe (Azuram Mound Cave), Under the Sands of Time (Eksod Kobolds), Sunken Tomb Raider (Krisomal Port) +5 more | Named in 2 chests at 1% | Drops: World crates, FoeUniqueDrops | Which rune a pickup becomes is decided when you take it	Chests - Primevalley Island@39.6,1099.6,58.2;Chests - Krisomal North@1465.4,1317.2,56;Chests - Azuram Mound@874.1,762.5,99.5;A Pebble in the Shoe - Azuram Mound Cave@927.3,618.3,13.6,q:NPC_Ratou;Under the Sands of Time - Eksod Kobolds@1070.1,-825.8,33.8,q:NPC_India_1;Sunken Tomb Raider - Krisomal Port@1523.6,1536.6,5.3,q:NPC_Lora	class:Rogue,skill:Ombres de l'obscurité
runes	Warrior_Charge_M2	Destabilisation	3	1157	Charge reduces all damage dealt by foes by ? for ?.	Upgrades: Charge (Warrior) | Quest reward: A Pebble in the Shoe (Azuram Mound Cave), Under the Sands of Time (Eksod Kobolds), Sunken Tomb Raider (Krisomal Port) +5 more | Named in 2 chests at 1% | Drops: World crates, FoeUniqueDrops | Which rune a pickup becomes is decided when you take it	Chests - Primevalley Island@39.6,1099.6,58.2;Chests - Krisomal North@1465.4,1317.2,56;Chests - Azuram Mound@874.1,762.5,99.5;A Pebble in the Shoe - Azuram Mound Cave@927.3,618.3,13.6,q:NPC_Ratou;Under the Sands of Time - Eksod Kobolds@1070.1,-825.8,33.8,q:NPC_India_1;Sunken Tomb Raider - Krisomal Port@1523.6,1536.6,5.3,q:NPC_Lora	class:Warrior,skill:Charge
runes	Rogue_DeathMark_M3	Domination	3	1158	Reduces the damage the marked enemy deals to you by 20%.	Upgrades: Marque de mort (Rogue) | Quest reward: A Pebble in the Shoe (Azuram Mound Cave), Under the Sands of Time (Eksod Kobolds), Sunken Tomb Raider (Krisomal Port) +5 more | Named in 2 chests at 1% | Drops: World crates, FoeUniqueDrops | Which rune a pickup becomes is decided when you take it	Chests - Primevalley Island@39.6,1099.6,58.2;Chests - Krisomal North@1465.4,1317.2,56;Chests - Azuram Mound@874.1,762.5,99.5;A Pebble in the Shoe - Azuram Mound Cave@927.3,618.3,13.6,q:NPC_Ratou;Under the Sands of Time - Eksod Kobolds@1070.1,-825.8,33.8,q:NPC_India_1;Sunken Tomb Raider - Krisomal Port@1523.6,1536.6,5.3,q:NPC_Lora	class:Rogue,skill:Marque de mort
runes	Warrior_Charge_M1	Double Up	3	1159	Charge has 2 charges.	Upgrades: Charge (Warrior) | Quest reward: A Pebble in the Shoe (Azuram Mound Cave), Under the Sands of Time (Eksod Kobolds), Sunken Tomb Raider (Krisomal Port) +5 more | Named in 2 chests at 1% | Drops: World crates, FoeUniqueDrops | Which rune a pickup becomes is decided when you take it	Chests - Primevalley Island@39.6,1099.6,58.2;Chests - Krisomal North@1465.4,1317.2,56;Chests - Azuram Mound@874.1,762.5,99.5;A Pebble in the Shoe - Azuram Mound Cave@927.3,618.3,13.6,q:NPC_Ratou;Under the Sands of Time - Eksod Kobolds@1070.1,-825.8,33.8,q:NPC_India_1;Sunken Tomb Raider - Krisomal Port@1523.6,1536.6,5.3,q:NPC_Lora	class:Warrior,skill:Charge
runes	Mage_Blink_M1	Echo Step	3	1160	Transfert has 2 charges.	Upgrades: Transfert (Mage) | Quest reward: A Pebble in the Shoe (Azuram Mound Cave), Under the Sands of Time (Eksod Kobolds), Sunken Tomb Raider (Krisomal Port) +5 more | Named in 2 chests at 1% | Drops: World crates, FoeUniqueDrops | Which rune a pickup becomes is decided when you take it	Chests - Primevalley Island@39.6,1099.6,58.2;Chests - Krisomal North@1465.4,1317.2,56;Chests - Azuram Mound@874.1,762.5,99.5;A Pebble in the Shoe - Azuram Mound Cave@927.3,618.3,13.6,q:NPC_Ratou;Under the Sands of Time - Eksod Kobolds@1070.1,-825.8,33.8,q:NPC_India_1;Sunken Tomb Raider - Krisomal Port@1523.6,1536.6,5.3,q:NPC_Lora	class:Mage,skill:Transfert
runes	Warrior_IgnorePain_M3	Enduring Defenses	3	1161	Blocking reduces the cooldown of Ignorer la douleur by 1.	Upgrades: Ignorer la douleur (Warrior) | Quest reward: A Pebble in the Shoe (Azuram Mound Cave), Under the Sands of Time (Eksod Kobolds), Sunken Tomb Raider (Krisomal Port) +5 more | Named in 2 chests at 1% | Drops: World crates, FoeUniqueDrops | Which rune a pickup becomes is decided when you take it	Chests - Primevalley Island@39.6,1099.6,58.2;Chests - Krisomal North@1465.4,1317.2,56;Chests - Azuram Mound@874.1,762.5,99.5;A Pebble in the Shoe - Azuram Mound Cave@927.3,618.3,13.6,q:NPC_Ratou;Under the Sands of Time - Eksod Kobolds@1070.1,-825.8,33.8,q:NPC_India_1;Sunken Tomb Raider - Krisomal Port@1523.6,1536.6,5.3,q:NPC_Lora	class:Warrior,skill:Ignorer la douleur
runes	Warrior_RageStrike_M3	Execution	3	1162	Rage fracassante deals 25% increased damage to enemies under 35% Health.	Upgrades: Rage fracassante (Warrior) | Quest reward: A Pebble in the Shoe (Azuram Mound Cave), Under the Sands of Time (Eksod Kobolds), Sunken Tomb Raider (Krisomal Port) +5 more | Named in 2 chests at 1% | Drops: World crates, FoeUniqueDrops | Which rune a pickup becomes is decided when you take it	Chests - Primevalley Island@39.6,1099.6,58.2;Chests - Krisomal North@1465.4,1317.2,56;Chests - Azuram Mound@874.1,762.5,99.5;A Pebble in the Shoe - Azuram Mound Cave@927.3,618.3,13.6,q:NPC_Ratou;Under the Sands of Time - Eksod Kobolds@1070.1,-825.8,33.8,q:NPC_India_1;Sunken Tomb Raider - Krisomal Port@1523.6,1536.6,5.3,q:NPC_Lora	class:Warrior,skill:Rage fracassante
runes	Priest_FaithfulWinds_M3	Faithful Hurricane	3	1163	Vents fidèles deals ? and knock enemies back.	Upgrades: Vents fidèles (Priest) | Quest reward: A Pebble in the Shoe (Azuram Mound Cave), Under the Sands of Time (Eksod Kobolds), Sunken Tomb Raider (Krisomal Port) +5 more | Named in 2 chests at 1% | Drops: World crates, FoeUniqueDrops | Which rune a pickup becomes is decided when you take it	Chests - Primevalley Island@39.6,1099.6,58.2;Chests - Krisomal North@1465.4,1317.2,56;Chests - Azuram Mound@874.1,762.5,99.5;A Pebble in the Shoe - Azuram Mound Cave@927.3,618.3,13.6,q:NPC_Ratou;Under the Sands of Time - Eksod Kobolds@1070.1,-825.8,33.8,q:NPC_India_1;Sunken Tomb Raider - Krisomal Port@1523.6,1536.6,5.3,q:NPC_Lora	class:Priest,skill:Vents fidèles
runes	Momentum	Featherfoot	3	1164	Marche de l'ombre increases your MoveSpeedFactor by ? for ?.	Upgrades: Marche de l'ombre (Rogue) | Quest reward: A Pebble in the Shoe (Azuram Mound Cave), Under the Sands of Time (Eksod Kobolds), Sunken Tomb Raider (Krisomal Port) +5 more | Named in 2 chests at 1% | Drops: World crates, FoeUniqueDrops | Which rune a pickup becomes is decided when you take it	Chests - Primevalley Island@39.6,1099.6,58.2;Chests - Krisomal North@1465.4,1317.2,56;Chests - Azuram Mound@874.1,762.5,99.5;A Pebble in the Shoe - Azuram Mound Cave@927.3,618.3,13.6,q:NPC_Ratou;Under the Sands of Time - Eksod Kobolds@1070.1,-825.8,33.8,q:NPC_India_1;Sunken Tomb Raider - Krisomal Port@1523.6,1536.6,5.3,q:NPC_Lora	class:Rogue,skill:Marche de l'ombre
runes	Rogue_Finisher_M1	Finality	3	1165	Generates an additionnal ComboPoint when you critically strike while generating a ComboPoint.	Upgrades: Coup de grâce (Rogue) | Quest reward: A Pebble in the Shoe (Azuram Mound Cave), Under the Sands of Time (Eksod Kobolds), Sunken Tomb Raider (Krisomal Port) +5 more | Named in 2 chests at 1% | Drops: World crates, FoeUniqueDrops | Which rune a pickup becomes is decided when you take it	Chests - Primevalley Island@39.6,1099.6,58.2;Chests - Krisomal North@1465.4,1317.2,56;Chests - Azuram Mound@874.1,762.5,99.5;A Pebble in the Shoe - Azuram Mound Cave@927.3,618.3,13.6,q:NPC_Ratou;Under the Sands of Time - Eksod Kobolds@1070.1,-825.8,33.8,q:NPC_India_1;Sunken Tomb Raider - Krisomal Port@1523.6,1536.6,5.3,q:NPC_Lora	class:Rogue,skill:Coup de grâce
runes	Warrior_Berserk_M3	Flood of Anger	3	1166	Berserk extends the duration of Berserk by 0.5.	Upgrades: Berserk (Warrior) | Quest reward: A Pebble in the Shoe (Azuram Mound Cave), Under the Sands of Time (Eksod Kobolds), Sunken Tomb Raider (Krisomal Port) +5 more | Named in 2 chests at 1% | Drops: World crates, FoeUniqueDrops | Which rune a pickup becomes is decided when you take it	Chests - Primevalley Island@39.6,1099.6,58.2;Chests - Krisomal North@1465.4,1317.2,56;Chests - Azuram Mound@874.1,762.5,99.5;A Pebble in the Shoe - Azuram Mound Cave@927.3,618.3,13.6,q:NPC_Ratou;Under the Sands of Time - Eksod Kobolds@1070.1,-825.8,33.8,q:NPC_India_1;Sunken Tomb Raider - Krisomal Port@1523.6,1536.6,5.3,q:NPC_Lora	class:Warrior,skill:Berserk
runes	Mage_MysticEmpowerment_M3	Foresight	3	1167	The cooldown of Renforcement mystique is reduced to 90.	Upgrades: Renforcement mystique (Mage) | Quest reward: A Pebble in the Shoe (Azuram Mound Cave), Under the Sands of Time (Eksod Kobolds), Sunken Tomb Raider (Krisomal Port) +5 more | Named in 2 chests at 1% | Drops: World crates, FoeUniqueDrops | Which rune a pickup becomes is decided when you take it	Chests - Primevalley Island@39.6,1099.6,58.2;Chests - Krisomal North@1465.4,1317.2,56;Chests - Azuram Mound@874.1,762.5,99.5;A Pebble in the Shoe - Azuram Mound Cave@927.3,618.3,13.6,q:NPC_Ratou;Under the Sands of Time - Eksod Kobolds@1070.1,-825.8,33.8,q:NPC_India_1;Sunken Tomb Raider - Krisomal Port@1523.6,1536.6,5.3,q:NPC_Lora	class:Mage,skill:Renforcement mystique
runes	Rogue_SmokeBomb_M3	Fortifying Particles	3	1168	Bombe fumigène increases MoveSpeedFactor by ?.	Upgrades: Bombe fumigène (Rogue) | Quest reward: A Pebble in the Shoe (Azuram Mound Cave), Under the Sands of Time (Eksod Kobolds), Sunken Tomb Raider (Krisomal Port) +5 more | Named in 2 chests at 1% | Drops: World crates, FoeUniqueDrops | Which rune a pickup becomes is decided when you take it	Chests - Primevalley Island@39.6,1099.6,58.2;Chests - Krisomal North@1465.4,1317.2,56;Chests - Azuram Mound@874.1,762.5,99.5;A Pebble in the Shoe - Azuram Mound Cave@927.3,618.3,13.6,q:NPC_Ratou;Under the Sands of Time - Eksod Kobolds@1070.1,-825.8,33.8,q:NPC_India_1;Sunken Tomb Raider - Krisomal Port@1523.6,1536.6,5.3,q:NPC_Lora	class:Rogue,skill:Bombe fumigène
runes	Warrior_Berserk_M2	Fortitude	3	1169	While Berserk is active, taking any damage heals you for 2% of your MaxHealth.	Upgrades: Berserk (Warrior) | Quest reward: A Pebble in the Shoe (Azuram Mound Cave), Under the Sands of Time (Eksod Kobolds), Sunken Tomb Raider (Krisomal Port) +5 more | Named in 2 chests at 1% | Drops: World crates, FoeUniqueDrops | Which rune a pickup becomes is decided when you take it	Chests - Primevalley Island@39.6,1099.6,58.2;Chests - Krisomal North@1465.4,1317.2,56;Chests - Azuram Mound@874.1,762.5,99.5;A Pebble in the Shoe - Azuram Mound Cave@927.3,618.3,13.6,q:NPC_Ratou;Under the Sands of Time - Eksod Kobolds@1070.1,-825.8,33.8,q:NPC_India_1;Sunken Tomb Raider - Krisomal Port@1523.6,1536.6,5.3,q:NPC_Lora	class:Warrior,skill:Berserk
runes	Mage_RayOfSpark_M1	Frost Infusion	3	1170	Rayonnement d'Étincelle slows the enemy by ? for all the duration.	Upgrades: Rayonnement d'Étincelle (Mage) | Quest reward: A Pebble in the Shoe (Azuram Mound Cave), Under the Sands of Time (Eksod Kobolds), Sunken Tomb Raider (Krisomal Port) +5 more | Named in 2 chests at 1% | Drops: World crates, FoeUniqueDrops | Which rune a pickup becomes is decided when you take it	Chests - Primevalley Island@39.6,1099.6,58.2;Chests - Krisomal North@1465.4,1317.2,56;Chests - Azuram Mound@874.1,762.5,99.5;A Pebble in the Shoe - Azuram Mound Cave@927.3,618.3,13.6,q:NPC_Ratou;Under the Sands of Time - Eksod Kobolds@1070.1,-825.8,33.8,q:NPC_India_1;Sunken Tomb Raider - Krisomal Port@1523.6,1536.6,5.3,q:NPC_Lora	class:Mage,skill:Rayonnement d'Étincelle
runes	Warrior_SurgingForce_M2	Fury Pulse	3	1171	Force implacable generates 1 Rage for each enemy hit.	Upgrades: Force implacable (Warrior) | Quest reward: A Pebble in the Shoe (Azuram Mound Cave), Under the Sands of Time (Eksod Kobolds), Sunken Tomb Raider (Krisomal Port) +5 more | Named in 2 chests at 1% | Drops: World crates, FoeUniqueDrops | Which rune a pickup becomes is decided when you take it	Chests - Primevalley Island@39.6,1099.6,58.2;Chests - Krisomal North@1465.4,1317.2,56;Chests - Azuram Mound@874.1,762.5,99.5;A Pebble in the Shoe - Azuram Mound Cave@927.3,618.3,13.6,q:NPC_Ratou;Under the Sands of Time - Eksod Kobolds@1070.1,-825.8,33.8,q:NPC_India_1;Sunken Tomb Raider - Krisomal Port@1523.6,1536.6,5.3,q:NPC_Lora	class:Warrior,skill:Force implacable
runes	Priest_RadiantVerdict_M2	Galvanization	3	1172	Hitting at least 3 enemies with Verdict radieux reduces its cooldown by 15.	Upgrades: Verdict radieux (Priest) | Quest reward: A Pebble in the Shoe (Azuram Mound Cave), Under the Sands of Time (Eksod Kobolds), Sunken Tomb Raider (Krisomal Port) +5 more | Named in 2 chests at 1% | Drops: World crates, FoeUniqueDrops | Which rune a pickup becomes is decided when you take it	Chests - Primevalley Island@39.6,1099.6,58.2;Chests - Krisomal North@1465.4,1317.2,56;Chests - Azuram Mound@874.1,762.5,99.5;A Pebble in the Shoe - Azuram Mound Cave@927.3,618.3,13.6,q:NPC_Ratou;Under the Sands of Time - Eksod Kobolds@1070.1,-825.8,33.8,q:NPC_India_1;Sunken Tomb Raider - Krisomal Port@1523.6,1536.6,5.3,q:NPC_Lora	class:Priest,skill:Verdict radieux
runes	Priest_FaithfulWinds_M1	Gustflow	3	1173	The cooldown of Vents fidèles is reduced to 15.	Upgrades: Vents fidèles (Priest) | Quest reward: A Pebble in the Shoe (Azuram Mound Cave), Under the Sands of Time (Eksod Kobolds), Sunken Tomb Raider (Krisomal Port) +5 more | Named in 2 chests at 1% | Drops: World crates, FoeUniqueDrops | Which rune a pickup becomes is decided when you take it	Chests - Primevalley Island@39.6,1099.6,58.2;Chests - Krisomal North@1465.4,1317.2,56;Chests - Azuram Mound@874.1,762.5,99.5;A Pebble in the Shoe - Azuram Mound Cave@927.3,618.3,13.6,q:NPC_Ratou;Under the Sands of Time - Eksod Kobolds@1070.1,-825.8,33.8,q:NPC_India_1;Sunken Tomb Raider - Krisomal Port@1523.6,1536.6,5.3,q:NPC_Lora	class:Priest,skill:Vents fidèles
runes	Warrior_IgnorePain_M1	Hold On!	3	1174	Ignorer la douleur affects allies within 40 for half of the effect.	Upgrades: Ignorer la douleur (Warrior) | Quest reward: A Pebble in the Shoe (Azuram Mound Cave), Under the Sands of Time (Eksod Kobolds), Sunken Tomb Raider (Krisomal Port) +5 more | Named in 2 chests at 1% | Drops: World crates, FoeUniqueDrops | Which rune a pickup becomes is decided when you take it	Chests - Primevalley Island@39.6,1099.6,58.2;Chests - Krisomal North@1465.4,1317.2,56;Chests - Azuram Mound@874.1,762.5,99.5;A Pebble in the Shoe - Azuram Mound Cave@927.3,618.3,13.6,q:NPC_Ratou;Under the Sands of Time - Eksod Kobolds@1070.1,-825.8,33.8,q:NPC_India_1;Sunken Tomb Raider - Krisomal Port@1523.6,1536.6,5.3,q:NPC_Lora	class:Warrior,skill:Ignorer la douleur
runes	Rogue_SmokeBomb_M2	Infused Smoke	3	1175	Bombe fumigène reduces all Magic damage suffered by 50%.	Upgrades: Bombe fumigène (Rogue) | Quest reward: A Pebble in the Shoe (Azuram Mound Cave), Under the Sands of Time (Eksod Kobolds), Sunken Tomb Raider (Krisomal Port) +5 more | Named in 2 chests at 1% | Drops: World crates, FoeUniqueDrops | Which rune a pickup becomes is decided when you take it	Chests - Primevalley Island@39.6,1099.6,58.2;Chests - Krisomal North@1465.4,1317.2,56;Chests - Azuram Mound@874.1,762.5,99.5;A Pebble in the Shoe - Azuram Mound Cave@927.3,618.3,13.6,q:NPC_Ratou;Under the Sands of Time - Eksod Kobolds@1070.1,-825.8,33.8,q:NPC_India_1;Sunken Tomb Raider - Krisomal Port@1523.6,1536.6,5.3,q:NPC_Lora	class:Rogue,skill:Bombe fumigène
runes	Warrior_BurstOfAnger_M2	Into The Fray	3	1176	Accès de colère increases the chance for your WeaponSkills to critically strike by ? for each enemy within ?.	Upgrades: Accès de colère (Warrior) | Quest reward: A Pebble in the Shoe (Azuram Mound Cave), Under the Sands of Time (Eksod Kobolds), Sunken Tomb Raider (Krisomal Port) +5 more | Named in 2 chests at 1% | Drops: World crates, FoeUniqueDrops | Which rune a pickup becomes is decided when you take it	Chests - Primevalley Island@39.6,1099.6,58.2;Chests - Krisomal North@1465.4,1317.2,56;Chests - Azuram Mound@874.1,762.5,99.5;A Pebble in the Shoe - Azuram Mound Cave@927.3,618.3,13.6,q:NPC_Ratou;Under the Sands of Time - Eksod Kobolds@1070.1,-825.8,33.8,q:NPC_India_1;Sunken Tomb Raider - Krisomal Port@1523.6,1536.6,5.3,q:NPC_Lora	class:Warrior,skill:Accès de colère
runes	Warrior_Charge_M3	Juggernaut	3	1177	Charge generates 5 Rage.	Upgrades: Charge (Warrior) | Quest reward: A Pebble in the Shoe (Azuram Mound Cave), Under the Sands of Time (Eksod Kobolds), Sunken Tomb Raider (Krisomal Port) +5 more | Named in 2 chests at 1% | Drops: World crates, FoeUniqueDrops | Which rune a pickup becomes is decided when you take it	Chests - Primevalley Island@39.6,1099.6,58.2;Chests - Krisomal North@1465.4,1317.2,56;Chests - Azuram Mound@874.1,762.5,99.5;A Pebble in the Shoe - Azuram Mound Cave@927.3,618.3,13.6,q:NPC_Ratou;Under the Sands of Time - Eksod Kobolds@1070.1,-825.8,33.8,q:NPC_India_1;Sunken Tomb Raider - Krisomal Port@1523.6,1536.6,5.3,q:NPC_Lora	class:Warrior,skill:Charge
runes	Rogue_Finisher_M3	Killing Spree	3	1178	After you use Coup de grâce, you generate 1 ComboPoint.	Upgrades: Coup de grâce (Rogue) | Quest reward: A Pebble in the Shoe (Azuram Mound Cave), Under the Sands of Time (Eksod Kobolds), Sunken Tomb Raider (Krisomal Port) +5 more | Named in 2 chests at 1% | Drops: World crates, FoeUniqueDrops | Which rune a pickup becomes is decided when you take it	Chests - Primevalley Island@39.6,1099.6,58.2;Chests - Krisomal North@1465.4,1317.2,56;Chests - Azuram Mound@874.1,762.5,99.5;A Pebble in the Shoe - Azuram Mound Cave@927.3,618.3,13.6,q:NPC_Ratou;Under the Sands of Time - Eksod Kobolds@1070.1,-825.8,33.8,q:NPC_India_1;Sunken Tomb Raider - Krisomal Port@1523.6,1536.6,5.3,q:NPC_Lora	class:Rogue,skill:Coup de grâce
runes	Warrior_IgnorePain_M2	Last Stand	3	1179	Ignorer la douleur instantly heals for 35% of your MaxHealth.	Upgrades: Ignorer la douleur (Warrior) | Quest reward: A Pebble in the Shoe (Azuram Mound Cave), Under the Sands of Time (Eksod Kobolds), Sunken Tomb Raider (Krisomal Port) +5 more | Named in 2 chests at 1% | Drops: World crates, FoeUniqueDrops | Which rune a pickup becomes is decided when you take it	Chests - Primevalley Island@39.6,1099.6,58.2;Chests - Krisomal North@1465.4,1317.2,56;Chests - Azuram Mound@874.1,762.5,99.5;A Pebble in the Shoe - Azuram Mound Cave@927.3,618.3,13.6,q:NPC_Ratou;Under the Sands of Time - Eksod Kobolds@1070.1,-825.8,33.8,q:NPC_India_1;Sunken Tomb Raider - Krisomal Port@1523.6,1536.6,5.3,q:NPC_Lora	class:Warrior,skill:Ignorer la douleur
runes	Mage_RayOfSpark_M2	Lightning Infusion	3	1180	Rayonnement d'Étincelle deals additional Magic damage to enemies close to the target equal to 35% of the damage dealt.	Upgrades: Rayonnement d'Étincelle (Mage) | Quest reward: A Pebble in the Shoe (Azuram Mound Cave), Under the Sands of Time (Eksod Kobolds), Sunken Tomb Raider (Krisomal Port) +5 more | Named in 2 chests at 1% | Drops: World crates, FoeUniqueDrops | Which rune a pickup becomes is decided when you take it	Chests - Primevalley Island@39.6,1099.6,58.2;Chests - Krisomal North@1465.4,1317.2,56;Chests - Azuram Mound@874.1,762.5,99.5;A Pebble in the Shoe - Azuram Mound Cave@927.3,618.3,13.6,q:NPC_Ratou;Under the Sands of Time - Eksod Kobolds@1070.1,-825.8,33.8,q:NPC_India_1;Sunken Tomb Raider - Krisomal Port@1523.6,1536.6,5.3,q:NPC_Lora	class:Mage,skill:Rayonnement d'Étincelle
runes	MasterOfShadows	Master of Shadows	3	1181	Marche de l'ombre has 2 charges.	Upgrades: Marche de l'ombre (Rogue) | Quest reward: A Pebble in the Shoe (Azuram Mound Cave), Under the Sands of Time (Eksod Kobolds), Sunken Tomb Raider (Krisomal Port) +5 more | Named in 2 chests at 1% | Drops: World crates, FoeUniqueDrops | Which rune a pickup becomes is decided when you take it	Chests - Primevalley Island@39.6,1099.6,58.2;Chests - Krisomal North@1465.4,1317.2,56;Chests - Azuram Mound@874.1,762.5,99.5;A Pebble in the Shoe - Azuram Mound Cave@927.3,618.3,13.6,q:NPC_Ratou;Under the Sands of Time - Eksod Kobolds@1070.1,-825.8,33.8,q:NPC_India_1;Sunken Tomb Raider - Krisomal Port@1523.6,1536.6,5.3,q:NPC_Lora	class:Rogue,skill:Marche de l'ombre
runes	Warrior_BattleShout_M2	Melee Fever	3	1182	Participating in killing an enemy reduces the cooldown of Cri de guerre by 3.	Upgrades: Cri de guerre (Warrior) | Quest reward: A Pebble in the Shoe (Azuram Mound Cave), Under the Sands of Time (Eksod Kobolds), Sunken Tomb Raider (Krisomal Port) +5 more | Named in 2 chests at 1% | Drops: World crates, FoeUniqueDrops | Which rune a pickup becomes is decided when you take it	Chests - Primevalley Island@39.6,1099.6,58.2;Chests - Krisomal North@1465.4,1317.2,56;Chests - Azuram Mound@874.1,762.5,99.5;A Pebble in the Shoe - Azuram Mound Cave@927.3,618.3,13.6,q:NPC_Ratou;Under the Sands of Time - Eksod Kobolds@1070.1,-825.8,33.8,q:NPC_India_1;Sunken Tomb Raider - Krisomal Port@1523.6,1536.6,5.3,q:NPC_Lora	class:Warrior,skill:Cri de guerre
runes	Warrior_BattleShout_M3	Mocking Shout	3	1183	Cri de guerre forces all nearby enemies to attack you and increases your Armor by ?.	Upgrades: Cri de guerre (Warrior) | Quest reward: A Pebble in the Shoe (Azuram Mound Cave), Under the Sands of Time (Eksod Kobolds), Sunken Tomb Raider (Krisomal Port) +5 more | Named in 2 chests at 1% | Drops: World crates, FoeUniqueDrops | Which rune a pickup becomes is decided when you take it	Chests - Primevalley Island@39.6,1099.6,58.2;Chests - Krisomal North@1465.4,1317.2,56;Chests - Azuram Mound@874.1,762.5,99.5;A Pebble in the Shoe - Azuram Mound Cave@927.3,618.3,13.6,q:NPC_Ratou;Under the Sands of Time - Eksod Kobolds@1070.1,-825.8,33.8,q:NPC_India_1;Sunken Tomb Raider - Krisomal Port@1523.6,1536.6,5.3,q:NPC_Lora	class:Warrior,skill:Cri de guerre
runes	Mage_MysticEmpowerment_M1	Mystic Continuum	3	1184	Extends the duration of Renforcement mystique by 0.5 each time one of your WeaponSkills recovers its cooldown.	Upgrades: Renforcement mystique (Mage) | Quest reward: A Pebble in the Shoe (Azuram Mound Cave), Under the Sands of Time (Eksod Kobolds), Sunken Tomb Raider (Krisomal Port) +5 more | Named in 2 chests at 1% | Drops: World crates, FoeUniqueDrops | Which rune a pickup becomes is decided when you take it	Chests - Primevalley Island@39.6,1099.6,58.2;Chests - Krisomal North@1465.4,1317.2,56;Chests - Azuram Mound@874.1,762.5,99.5;A Pebble in the Shoe - Azuram Mound Cave@927.3,618.3,13.6,q:NPC_Ratou;Under the Sands of Time - Eksod Kobolds@1070.1,-825.8,33.8,q:NPC_India_1;Sunken Tomb Raider - Krisomal Port@1523.6,1536.6,5.3,q:NPC_Lora	class:Mage,skill:Renforcement mystique
runes	Mage_RayOfSpark_M3	Nature Infusion	3	1185	Rayonnement d'Étincelle heals you for 25% of the damage dealt.	Upgrades: Rayonnement d'Étincelle (Mage) | Quest reward: A Pebble in the Shoe (Azuram Mound Cave), Under the Sands of Time (Eksod Kobolds), Sunken Tomb Raider (Krisomal Port) +5 more | Named in 2 chests at 1% | Drops: World crates, FoeUniqueDrops | Which rune a pickup becomes is decided when you take it	Chests - Primevalley Island@39.6,1099.6,58.2;Chests - Krisomal North@1465.4,1317.2,56;Chests - Azuram Mound@874.1,762.5,99.5;A Pebble in the Shoe - Azuram Mound Cave@927.3,618.3,13.6,q:NPC_Ratou;Under the Sands of Time - Eksod Kobolds@1070.1,-825.8,33.8,q:NPC_India_1;Sunken Tomb Raider - Krisomal Port@1523.6,1536.6,5.3,q:NPC_Lora	class:Mage,skill:Rayonnement d'Étincelle
runes	Warrior_BurstOfAnger_M1	Overwhelming Rage	3	1186	Accès de colère instantly fills your Rage gauge to maximum.	Upgrades: Accès de colère (Warrior) | Quest reward: A Pebble in the Shoe (Azuram Mound Cave), Under the Sands of Time (Eksod Kobolds), Sunken Tomb Raider (Krisomal Port) +5 more | Named in 2 chests at 1% | Drops: World crates, FoeUniqueDrops | Which rune a pickup becomes is decided when you take it	Chests - Primevalley Island@39.6,1099.6,58.2;Chests - Krisomal North@1465.4,1317.2,56;Chests - Azuram Mound@874.1,762.5,99.5;A Pebble in the Shoe - Azuram Mound Cave@927.3,618.3,13.6,q:NPC_Ratou;Under the Sands of Time - Eksod Kobolds@1070.1,-825.8,33.8,q:NPC_India_1;Sunken Tomb Raider - Krisomal Port@1523.6,1536.6,5.3,q:NPC_Lora	class:Warrior,skill:Accès de colère
runes	Priest_BeaconOfHope_M2	Partial Justice	3	1187	Lueur d'espoir's increases all damage taken by enemies hit and reduces all damage taken by allies hit by ?.	Upgrades: Lueur d'espoir (Priest) | Quest reward: A Pebble in the Shoe (Azuram Mound Cave), Under the Sands of Time (Eksod Kobolds), Sunken Tomb Raider (Krisomal Port) +5 more | Named in 2 chests at 1% | Drops: World crates, FoeUniqueDrops | Which rune a pickup becomes is decided when you take it	Chests - Primevalley Island@39.6,1099.6,58.2;Chests - Krisomal North@1465.4,1317.2,56;Chests - Azuram Mound@874.1,762.5,99.5;A Pebble in the Shoe - Azuram Mound Cave@927.3,618.3,13.6,q:NPC_Ratou;Under the Sands of Time - Eksod Kobolds@1070.1,-825.8,33.8,q:NPC_India_1;Sunken Tomb Raider - Krisomal Port@1523.6,1536.6,5.3,q:NPC_Lora	class:Priest,skill:Lueur d'espoir
runes	Priest_Crusader_M1	Path of Paladin	3	1188	Croisade reduces damage you take by ? and increases threat you generate.	Upgrades: Croisade (Priest) | Quest reward: A Pebble in the Shoe (Azuram Mound Cave), Under the Sands of Time (Eksod Kobolds), Sunken Tomb Raider (Krisomal Port) +5 more | Named in 2 chests at 1% | Drops: World crates, FoeUniqueDrops | Which rune a pickup becomes is decided when you take it	Chests - Primevalley Island@39.6,1099.6,58.2;Chests - Krisomal North@1465.4,1317.2,56;Chests - Azuram Mound@874.1,762.5,99.5;A Pebble in the Shoe - Azuram Mound Cave@927.3,618.3,13.6,q:NPC_Ratou;Under the Sands of Time - Eksod Kobolds@1070.1,-825.8,33.8,q:NPC_India_1;Sunken Tomb Raider - Krisomal Port@1523.6,1536.6,5.3,q:NPC_Lora	class:Priest,skill:Croisade
runes	Mage_Blink_M3	Phase Strike	3	1189	After using Transfert, your next WeaponSkill deals ? increased direct damage.	Upgrades: Transfert (Mage) | Quest reward: A Pebble in the Shoe (Azuram Mound Cave), Under the Sands of Time (Eksod Kobolds), Sunken Tomb Raider (Krisomal Port) +5 more | Named in 2 chests at 1% | Drops: World crates, FoeUniqueDrops | Which rune a pickup becomes is decided when you take it	Chests - Primevalley Island@39.6,1099.6,58.2;Chests - Krisomal North@1465.4,1317.2,56;Chests - Azuram Mound@874.1,762.5,99.5;A Pebble in the Shoe - Azuram Mound Cave@927.3,618.3,13.6,q:NPC_Ratou;Under the Sands of Time - Eksod Kobolds@1070.1,-825.8,33.8,q:NPC_India_1;Sunken Tomb Raider - Krisomal Port@1523.6,1536.6,5.3,q:NPC_Lora	class:Mage,skill:Transfert
runes	Priest_Miracle_M2	Priest_Miracle_M2	3	1190		Upgrades: Miracle (Priest) | Quest reward: A Pebble in the Shoe (Azuram Mound Cave), Under the Sands of Time (Eksod Kobolds), Sunken Tomb Raider (Krisomal Port) +5 more | Named in 2 chests at 1% | Drops: World crates, FoeUniqueDrops | Which rune a pickup becomes is decided when you take it	Chests - Primevalley Island@39.6,1099.6,58.2;Chests - Krisomal North@1465.4,1317.2,56;Chests - Azuram Mound@874.1,762.5,99.5;A Pebble in the Shoe - Azuram Mound Cave@927.3,618.3,13.6,q:NPC_Ratou;Under the Sands of Time - Eksod Kobolds@1070.1,-825.8,33.8,q:NPC_India_1;Sunken Tomb Raider - Krisomal Port@1523.6,1536.6,5.3,q:NPC_Lora	class:Priest,skill:Miracle
runes	Priest_Miracle_M3	Priest_Miracle_M3	3	1191		Upgrades: Miracle (Priest) | Quest reward: A Pebble in the Shoe (Azuram Mound Cave), Under the Sands of Time (Eksod Kobolds), Sunken Tomb Raider (Krisomal Port) +5 more | Named in 2 chests at 1% | Drops: World crates, FoeUniqueDrops | Which rune a pickup becomes is decided when you take it	Chests - Primevalley Island@39.6,1099.6,58.2;Chests - Krisomal North@1465.4,1317.2,56;Chests - Azuram Mound@874.1,762.5,99.5;A Pebble in the Shoe - Azuram Mound Cave@927.3,618.3,13.6,q:NPC_Ratou;Under the Sands of Time - Eksod Kobolds@1070.1,-825.8,33.8,q:NPC_India_1;Sunken Tomb Raider - Krisomal Port@1523.6,1536.6,5.3,q:NPC_Lora	class:Priest,skill:Miracle
runes	Rogue_UrgeToKill_M1	Ramp-up	3	1192	Each consecutive Pulsion meurtrière increases the damage on the next one by ?.	Upgrades: Pulsion meurtrière (Rogue) | Quest reward: A Pebble in the Shoe (Azuram Mound Cave), Under the Sands of Time (Eksod Kobolds), Sunken Tomb Raider (Krisomal Port) +5 more | Named in 2 chests at 1% | Drops: World crates, FoeUniqueDrops | Which rune a pickup becomes is decided when you take it	Chests - Primevalley Island@39.6,1099.6,58.2;Chests - Krisomal North@1465.4,1317.2,56;Chests - Azuram Mound@874.1,762.5,99.5;A Pebble in the Shoe - Azuram Mound Cave@927.3,618.3,13.6,q:NPC_Ratou;Under the Sands of Time - Eksod Kobolds@1070.1,-825.8,33.8,q:NPC_India_1;Sunken Tomb Raider - Krisomal Port@1523.6,1536.6,5.3,q:NPC_Lora	class:Rogue,skill:Pulsion meurtrière
runes	Mage_Overload_M2	Recursion	3	1193	You gain 3 Spark each time you trigger a Conduit during Surcharge.	Upgrades: Surcharge (Mage) | Quest reward: A Pebble in the Shoe (Azuram Mound Cave), Under the Sands of Time (Eksod Kobolds), Sunken Tomb Raider (Krisomal Port) +5 more | Named in 2 chests at 1% | Drops: World crates, FoeUniqueDrops | Which rune a pickup becomes is decided when you take it	Chests - Primevalley Island@39.6,1099.6,58.2;Chests - Krisomal North@1465.4,1317.2,56;Chests - Azuram Mound@874.1,762.5,99.5;A Pebble in the Shoe - Azuram Mound Cave@927.3,618.3,13.6,q:NPC_Ratou;Under the Sands of Time - Eksod Kobolds@1070.1,-825.8,33.8,q:NPC_India_1;Sunken Tomb Raider - Krisomal Port@1523.6,1536.6,5.3,q:NPC_Lora	class:Mage,skill:Surcharge
runes	Mage_ChronoReset_M2	Rekindle	3	1194	Triggering Conduits reduces the cooldown of Réinitialisation temporelle by 1.	Upgrades: Réinitialisation temporelle (Mage) | Quest reward: A Pebble in the Shoe (Azuram Mound Cave), Under the Sands of Time (Eksod Kobolds), Sunken Tomb Raider (Krisomal Port) +5 more | Named in 2 chests at 1% | Drops: World crates, FoeUniqueDrops | Which rune a pickup becomes is decided when you take it	Chests - Primevalley Island@39.6,1099.6,58.2;Chests - Krisomal North@1465.4,1317.2,56;Chests - Azuram Mound@874.1,762.5,99.5;A Pebble in the Shoe - Azuram Mound Cave@927.3,618.3,13.6,q:NPC_Ratou;Under the Sands of Time - Eksod Kobolds@1070.1,-825.8,33.8,q:NPC_India_1;Sunken Tomb Raider - Krisomal Port@1523.6,1536.6,5.3,q:NPC_Lora	class:Mage,skill:Réinitialisation temporelle
runes	Warrior_Berserk_M1	Releasing the Beast	3	1195	The cooldown of Berserk is reduced to 90.	Upgrades: Berserk (Warrior) | Quest reward: A Pebble in the Shoe (Azuram Mound Cave), Under the Sands of Time (Eksod Kobolds), Sunken Tomb Raider (Krisomal Port) +5 more | Named in 2 chests at 1% | Drops: World crates, FoeUniqueDrops | Which rune a pickup becomes is decided when you take it	Chests - Primevalley Island@39.6,1099.6,58.2;Chests - Krisomal North@1465.4,1317.2,56;Chests - Azuram Mound@874.1,762.5,99.5;A Pebble in the Shoe - Azuram Mound Cave@927.3,618.3,13.6,q:NPC_Ratou;Under the Sands of Time - Eksod Kobolds@1070.1,-825.8,33.8,q:NPC_India_1;Sunken Tomb Raider - Krisomal Port@1523.6,1536.6,5.3,q:NPC_Lora	class:Warrior,skill:Berserk
runes	Priest_RadiantVerdict_M3	Relieving Verdict	3	1196	Verdict radieux heals allies for 50% of the damage dealt.	Upgrades: Verdict radieux (Priest) | Quest reward: A Pebble in the Shoe (Azuram Mound Cave), Under the Sands of Time (Eksod Kobolds), Sunken Tomb Raider (Krisomal Port) +5 more | Named in 2 chests at 1% | Drops: World crates, FoeUniqueDrops | Which rune a pickup becomes is decided when you take it	Chests - Primevalley Island@39.6,1099.6,58.2;Chests - Krisomal North@1465.4,1317.2,56;Chests - Azuram Mound@874.1,762.5,99.5;A Pebble in the Shoe - Azuram Mound Cave@927.3,618.3,13.6,q:NPC_Ratou;Under the Sands of Time - Eksod Kobolds@1070.1,-825.8,33.8,q:NPC_India_1;Sunken Tomb Raider - Krisomal Port@1523.6,1536.6,5.3,q:NPC_Lora	class:Priest,skill:Verdict radieux
runes	Mage_ShieldOfSpark_M1	Resurgence	3	1197	Gain 40 Spark when Bouclier d'Étincelle expires or is destroyed.	Upgrades: Bouclier d'Étincelle (Mage) | Quest reward: A Pebble in the Shoe (Azuram Mound Cave), Under the Sands of Time (Eksod Kobolds), Sunken Tomb Raider (Krisomal Port) +5 more | Named in 2 chests at 1% | Drops: World crates, FoeUniqueDrops | Which rune a pickup becomes is decided when you take it	Chests - Primevalley Island@39.6,1099.6,58.2;Chests - Krisomal North@1465.4,1317.2,56;Chests - Azuram Mound@874.1,762.5,99.5;A Pebble in the Shoe - Azuram Mound Cave@927.3,618.3,13.6,q:NPC_Ratou;Under the Sands of Time - Eksod Kobolds@1070.1,-825.8,33.8,q:NPC_India_1;Sunken Tomb Raider - Krisomal Port@1523.6,1536.6,5.3,q:NPC_Lora	class:Mage,skill:Bouclier d'Étincelle
runes	Priest_Judgment_M3	Revitalized Soul	3	1198	Jugement increases your MoveSpeedFactor by ? for ?.	Upgrades: Jugement (Priest) | Quest reward: A Pebble in the Shoe (Azuram Mound Cave), Under the Sands of Time (Eksod Kobolds), Sunken Tomb Raider (Krisomal Port) +5 more | Named in 2 chests at 1% | Drops: World crates, FoeUniqueDrops | Which rune a pickup becomes is decided when you take it	Chests - Primevalley Island@39.6,1099.6,58.2;Chests - Krisomal North@1465.4,1317.2,56;Chests - Azuram Mound@874.1,762.5,99.5;A Pebble in the Shoe - Azuram Mound Cave@927.3,618.3,13.6,q:NPC_Ratou;Under the Sands of Time - Eksod Kobolds@1070.1,-825.8,33.8,q:NPC_India_1;Sunken Tomb Raider - Krisomal Port@1523.6,1536.6,5.3,q:NPC_Lora	class:Priest,skill:Jugement
runes	Priest_Crusader_M2	Rigtheousness	3	1199	Croisade increases the effects of Croisade by ? per Prayer judged.	Upgrades: Croisade (Priest) | Quest reward: A Pebble in the Shoe (Azuram Mound Cave), Under the Sands of Time (Eksod Kobolds), Sunken Tomb Raider (Krisomal Port) +5 more | Named in 2 chests at 1% | Drops: World crates, FoeUniqueDrops | Which rune a pickup becomes is decided when you take it	Chests - Primevalley Island@39.6,1099.6,58.2;Chests - Krisomal North@1465.4,1317.2,56;Chests - Azuram Mound@874.1,762.5,99.5;A Pebble in the Shoe - Azuram Mound Cave@927.3,618.3,13.6,q:NPC_Ratou;Under the Sands of Time - Eksod Kobolds@1070.1,-825.8,33.8,q:NPC_India_1;Sunken Tomb Raider - Krisomal Port@1523.6,1536.6,5.3,q:NPC_Lora	class:Priest,skill:Croisade
runes	Mage_ShieldOfSpark_M3	Runic Reinforcement	3	1200	Bouclier d'Étincelle increases your Armor by ?.	Upgrades: Bouclier d'Étincelle (Mage) | Quest reward: A Pebble in the Shoe (Azuram Mound Cave), Under the Sands of Time (Eksod Kobolds), Sunken Tomb Raider (Krisomal Port) +5 more | Named in 2 chests at 1% | Drops: World crates, FoeUniqueDrops | Which rune a pickup becomes is decided when you take it	Chests - Primevalley Island@39.6,1099.6,58.2;Chests - Krisomal North@1465.4,1317.2,56;Chests - Azuram Mound@874.1,762.5,99.5;A Pebble in the Shoe - Azuram Mound Cave@927.3,618.3,13.6,q:NPC_Ratou;Under the Sands of Time - Eksod Kobolds@1070.1,-825.8,33.8,q:NPC_India_1;Sunken Tomb Raider - Krisomal Port@1523.6,1536.6,5.3,q:NPC_Lora	class:Mage,skill:Bouclier d'Étincelle
runes	Warrior_RageStrike_M2	Scent of Battle	3	1201	Rage fracassante costs 1 less Rage.	Upgrades: Rage fracassante (Warrior) | Quest reward: A Pebble in the Shoe (Azuram Mound Cave), Under the Sands of Time (Eksod Kobolds), Sunken Tomb Raider (Krisomal Port) +5 more | Named in 2 chests at 1% | Drops: World crates, FoeUniqueDrops | Which rune a pickup becomes is decided when you take it	Chests - Primevalley Island@39.6,1099.6,58.2;Chests - Krisomal North@1465.4,1317.2,56;Chests - Azuram Mound@874.1,762.5,99.5;A Pebble in the Shoe - Azuram Mound Cave@927.3,618.3,13.6,q:NPC_Ratou;Under the Sands of Time - Eksod Kobolds@1070.1,-825.8,33.8,q:NPC_India_1;Sunken Tomb Raider - Krisomal Port@1523.6,1536.6,5.3,q:NPC_Lora	class:Warrior,skill:Rage fracassante
runes	Priest_Miracle_M1	Serenity	3	1202	Extends the duration of Miracle every 3 Prayers you judge.	Upgrades: Miracle (Priest) | Quest reward: A Pebble in the Shoe (Azuram Mound Cave), Under the Sands of Time (Eksod Kobolds), Sunken Tomb Raider (Krisomal Port) +5 more | Named in 2 chests at 1% | Drops: World crates, FoeUniqueDrops | Which rune a pickup becomes is decided when you take it	Chests - Primevalley Island@39.6,1099.6,58.2;Chests - Krisomal North@1465.4,1317.2,56;Chests - Azuram Mound@874.1,762.5,99.5;A Pebble in the Shoe - Azuram Mound Cave@927.3,618.3,13.6,q:NPC_Ratou;Under the Sands of Time - Eksod Kobolds@1070.1,-825.8,33.8,q:NPC_India_1;Sunken Tomb Raider - Krisomal Port@1523.6,1536.6,5.3,q:NPC_Lora	class:Priest,skill:Miracle
runes	Rogue_KnivesTempest_M3	Shred	3	1203	Tempête de lames reduces the Armor of enemies by ?.	Upgrades: Tempête de lames (Rogue) | Quest reward: A Pebble in the Shoe (Azuram Mound Cave), Under the Sands of Time (Eksod Kobolds), Sunken Tomb Raider (Krisomal Port) +5 more | Named in 2 chests at 1% | Drops: World crates, FoeUniqueDrops | Which rune a pickup becomes is decided when you take it	Chests - Primevalley Island@39.6,1099.6,58.2;Chests - Krisomal North@1465.4,1317.2,56;Chests - Azuram Mound@874.1,762.5,99.5;A Pebble in the Shoe - Azuram Mound Cave@927.3,618.3,13.6,q:NPC_Ratou;Under the Sands of Time - Eksod Kobolds@1070.1,-825.8,33.8,q:NPC_India_1;Sunken Tomb Raider - Krisomal Port@1523.6,1536.6,5.3,q:NPC_Lora	class:Rogue,skill:Tempête de lames
runes	Rogue_KnivesTempest_M2	Silent Storm	3	1204	Hitting 1 or more enemies with Tempête de lames increase your MoveSpeedFactor by ? and lower theirs by ? for ?.	Upgrades: Tempête de lames (Rogue) | Quest reward: A Pebble in the Shoe (Azuram Mound Cave), Under the Sands of Time (Eksod Kobolds), Sunken Tomb Raider (Krisomal Port) +5 more | Named in 2 chests at 1% | Drops: World crates, FoeUniqueDrops | Which rune a pickup becomes is decided when you take it	Chests - Primevalley Island@39.6,1099.6,58.2;Chests - Krisomal North@1465.4,1317.2,56;Chests - Azuram Mound@874.1,762.5,99.5;A Pebble in the Shoe - Azuram Mound Cave@927.3,618.3,13.6,q:NPC_Ratou;Under the Sands of Time - Eksod Kobolds@1070.1,-825.8,33.8,q:NPC_India_1;Sunken Tomb Raider - Krisomal Port@1523.6,1536.6,5.3,q:NPC_Lora	class:Rogue,skill:Tempête de lames
runes	Rogue_Darkness_M1	Somber Last Stand	3	1205	Your Ombres de l'obscurité deals their damage to nearby enemies but reduced by 35%.	Upgrades: Ombres de l'obscurité (Rogue) | Quest reward: A Pebble in the Shoe (Azuram Mound Cave), Under the Sands of Time (Eksod Kobolds), Sunken Tomb Raider (Krisomal Port) +5 more | Named in 2 chests at 1% | Drops: World crates, FoeUniqueDrops | Which rune a pickup becomes is decided when you take it	Chests - Primevalley Island@39.6,1099.6,58.2;Chests - Krisomal North@1465.4,1317.2,56;Chests - Azuram Mound@874.1,762.5,99.5;A Pebble in the Shoe - Azuram Mound Cave@927.3,618.3,13.6,q:NPC_Ratou;Under the Sands of Time - Eksod Kobolds@1070.1,-825.8,33.8,q:NPC_India_1;Sunken Tomb Raider - Krisomal Port@1523.6,1536.6,5.3,q:NPC_Lora	class:Rogue,skill:Ombres de l'obscurité
runes	Priest_Judgment_M1	Spirited Disciple	3	1206	Jugement increases your PhysicalMastery and your MagicMastery by ? when you activate 3 Prayers all at once.	Upgrades: Jugement (Priest) | Quest reward: A Pebble in the Shoe (Azuram Mound Cave), Under the Sands of Time (Eksod Kobolds), Sunken Tomb Raider (Krisomal Port) +5 more | Named in 2 chests at 1% | Drops: World crates, FoeUniqueDrops | Which rune a pickup becomes is decided when you take it	Chests - Primevalley Island@39.6,1099.6,58.2;Chests - Krisomal North@1465.4,1317.2,56;Chests - Azuram Mound@874.1,762.5,99.5;A Pebble in the Shoe - Azuram Mound Cave@927.3,618.3,13.6,q:NPC_Ratou;Under the Sands of Time - Eksod Kobolds@1070.1,-825.8,33.8,q:NPC_India_1;Sunken Tomb Raider - Krisomal Port@1523.6,1536.6,5.3,q:NPC_Lora	class:Priest,skill:Jugement
runes	Rogue_Darkness_M3	Staggering Darkness	3	1207	The first attack of your Ombres de l'obscurité briefly stuns enemies for 0.5.	Upgrades: Ombres de l'obscurité (Rogue) | Quest reward: A Pebble in the Shoe (Azuram Mound Cave), Under the Sands of Time (Eksod Kobolds), Sunken Tomb Raider (Krisomal Port) +5 more | Named in 2 chests at 1% | Drops: World crates, FoeUniqueDrops | Which rune a pickup becomes is decided when you take it	Chests - Primevalley Island@39.6,1099.6,58.2;Chests - Krisomal North@1465.4,1317.2,56;Chests - Azuram Mound@874.1,762.5,99.5;A Pebble in the Shoe - Azuram Mound Cave@927.3,618.3,13.6,q:NPC_Ratou;Under the Sands of Time - Eksod Kobolds@1070.1,-825.8,33.8,q:NPC_India_1;Sunken Tomb Raider - Krisomal Port@1523.6,1536.6,5.3,q:NPC_Lora	class:Rogue,skill:Ombres de l'obscurité
runes	Mage_StaticNova_M1	Static Drag	3	1208	Enemies are slowed by ? for ? after the immobilizing effect of Nova statique stops.	Upgrades: Nova statique (Mage) | Quest reward: A Pebble in the Shoe (Azuram Mound Cave), Under the Sands of Time (Eksod Kobolds), Sunken Tomb Raider (Krisomal Port) +5 more | Named in 2 chests at 1% | Drops: World crates, FoeUniqueDrops | Which rune a pickup becomes is decided when you take it	Chests - Primevalley Island@39.6,1099.6,58.2;Chests - Krisomal North@1465.4,1317.2,56;Chests - Azuram Mound@874.1,762.5,99.5;A Pebble in the Shoe - Azuram Mound Cave@927.3,618.3,13.6,q:NPC_Ratou;Under the Sands of Time - Eksod Kobolds@1070.1,-825.8,33.8,q:NPC_India_1;Sunken Tomb Raider - Krisomal Port@1523.6,1536.6,5.3,q:NPC_Lora	class:Mage,skill:Nova statique
runes	Rogue_DeathMark_M2	Surge of Energy	3	1209	Marque de mort instantly generates 5 ComboPoints.	Upgrades: Marque de mort (Rogue) | Quest reward: A Pebble in the Shoe (Azuram Mound Cave), Under the Sands of Time (Eksod Kobolds), Sunken Tomb Raider (Krisomal Port) +5 more | Named in 2 chests at 1% | Drops: World crates, FoeUniqueDrops | Which rune a pickup becomes is decided when you take it	Chests - Primevalley Island@39.6,1099.6,58.2;Chests - Krisomal North@1465.4,1317.2,56;Chests - Azuram Mound@874.1,762.5,99.5;A Pebble in the Shoe - Azuram Mound Cave@927.3,618.3,13.6,q:NPC_Ratou;Under the Sands of Time - Eksod Kobolds@1070.1,-825.8,33.8,q:NPC_India_1;Sunken Tomb Raider - Krisomal Port@1523.6,1536.6,5.3,q:NPC_Lora	class:Rogue,skill:Marque de mort
runes	Priest_BlessingOfFervor_M3	Surge of Faith	3	1210	Bénédiction fervente reduces the cooldown of Bénédiction fervente by 1 per Prayer judged.	Upgrades: Bénédiction fervente (Priest) | Quest reward: A Pebble in the Shoe (Azuram Mound Cave), Under the Sands of Time (Eksod Kobolds), Sunken Tomb Raider (Krisomal Port) +5 more | Named in 2 chests at 1% | Drops: World crates, FoeUniqueDrops | Which rune a pickup becomes is decided when you take it	Chests - Primevalley Island@39.6,1099.6,58.2;Chests - Krisomal North@1465.4,1317.2,56;Chests - Azuram Mound@874.1,762.5,99.5;A Pebble in the Shoe - Azuram Mound Cave@927.3,618.3,13.6,q:NPC_Ratou;Under the Sands of Time - Eksod Kobolds@1070.1,-825.8,33.8,q:NPC_India_1;Sunken Tomb Raider - Krisomal Port@1523.6,1536.6,5.3,q:NPC_Lora	class:Priest,skill:Bénédiction fervente
runes	Rogue_DeathMark_M1	Swift Death	3	1211	The cooldown of Marque de mort is reset if the marked enemy dies.	Upgrades: Marque de mort (Rogue) | Quest reward: A Pebble in the Shoe (Azuram Mound Cave), Under the Sands of Time (Eksod Kobolds), Sunken Tomb Raider (Krisomal Port) +5 more | Named in 2 chests at 1% | Drops: World crates, FoeUniqueDrops | Which rune a pickup becomes is decided when you take it	Chests - Primevalley Island@39.6,1099.6,58.2;Chests - Krisomal North@1465.4,1317.2,56;Chests - Azuram Mound@874.1,762.5,99.5;A Pebble in the Shoe - Azuram Mound Cave@927.3,618.3,13.6,q:NPC_Ratou;Under the Sands of Time - Eksod Kobolds@1070.1,-825.8,33.8,q:NPC_India_1;Sunken Tomb Raider - Krisomal Port@1523.6,1536.6,5.3,q:NPC_Lora	class:Rogue,skill:Marque de mort
runes	Mage_ShieldOfSpark_M2	Temporal Recoil	3	1212	While Bouclier d'Étincelle is active, Attacks against you slow the attacker by ? for ?.	Upgrades: Bouclier d'Étincelle (Mage) | Quest reward: A Pebble in the Shoe (Azuram Mound Cave), Under the Sands of Time (Eksod Kobolds), Sunken Tomb Raider (Krisomal Port) +5 more | Named in 2 chests at 1% | Drops: World crates, FoeUniqueDrops | Which rune a pickup becomes is decided when you take it	Chests - Primevalley Island@39.6,1099.6,58.2;Chests - Krisomal North@1465.4,1317.2,56;Chests - Azuram Mound@874.1,762.5,99.5;A Pebble in the Shoe - Azuram Mound Cave@927.3,618.3,13.6,q:NPC_Ratou;Under the Sands of Time - Eksod Kobolds@1070.1,-825.8,33.8,q:NPC_India_1;Sunken Tomb Raider - Krisomal Port@1523.6,1536.6,5.3,q:NPC_Lora	class:Mage,skill:Bouclier d'Étincelle
runes	Priest_Crusader_M3	Testimony of Faith	3	1213	Participating in killing an enemy reduces the cooldown of Croisade by 3.	Upgrades: Croisade (Priest) | Quest reward: A Pebble in the Shoe (Azuram Mound Cave), Under the Sands of Time (Eksod Kobolds), Sunken Tomb Raider (Krisomal Port) +5 more | Named in 2 chests at 1% | Drops: World crates, FoeUniqueDrops | Which rune a pickup becomes is decided when you take it	Chests - Primevalley Island@39.6,1099.6,58.2;Chests - Krisomal North@1465.4,1317.2,56;Chests - Azuram Mound@874.1,762.5,99.5;A Pebble in the Shoe - Azuram Mound Cave@927.3,618.3,13.6,q:NPC_Ratou;Under the Sands of Time - Eksod Kobolds@1070.1,-825.8,33.8,q:NPC_India_1;Sunken Tomb Raider - Krisomal Port@1523.6,1536.6,5.3,q:NPC_Lora	class:Priest,skill:Croisade
runes	Rogue_SmokeBomb_M1	Thick Cloud	3	1214	Duration of Bombe fumigène increased to 12.	Upgrades: Bombe fumigène (Rogue) | Quest reward: A Pebble in the Shoe (Azuram Mound Cave), Under the Sands of Time (Eksod Kobolds), Sunken Tomb Raider (Krisomal Port) +5 more | Named in 2 chests at 1% | Drops: World crates, FoeUniqueDrops | Which rune a pickup becomes is decided when you take it	Chests - Primevalley Island@39.6,1099.6,58.2;Chests - Krisomal North@1465.4,1317.2,56;Chests - Azuram Mound@874.1,762.5,99.5;A Pebble in the Shoe - Azuram Mound Cave@927.3,618.3,13.6,q:NPC_Ratou;Under the Sands of Time - Eksod Kobolds@1070.1,-825.8,33.8,q:NPC_India_1;Sunken Tomb Raider - Krisomal Port@1523.6,1536.6,5.3,q:NPC_Lora	class:Rogue,skill:Bombe fumigène
runes	Rogue_KnivesTempest_M1	Thousand Blades	3	1215	Tempête de lames has 3 charges.	Upgrades: Tempête de lames (Rogue) | Quest reward: A Pebble in the Shoe (Azuram Mound Cave), Under the Sands of Time (Eksod Kobolds), Sunken Tomb Raider (Krisomal Port) +5 more | Named in 2 chests at 1% | Drops: World crates, FoeUniqueDrops | Which rune a pickup becomes is decided when you take it	Chests - Primevalley Island@39.6,1099.6,58.2;Chests - Krisomal North@1465.4,1317.2,56;Chests - Azuram Mound@874.1,762.5,99.5;A Pebble in the Shoe - Azuram Mound Cave@927.3,618.3,13.6,q:NPC_Ratou;Under the Sands of Time - Eksod Kobolds@1070.1,-825.8,33.8,q:NPC_India_1;Sunken Tomb Raider - Krisomal Port@1523.6,1536.6,5.3,q:NPC_Lora	class:Rogue,skill:Tempête de lames
runes	Warrior_RageStrike_M1	Thundersmash	3	1216	Rage fracassante slows the enemies by ? for 3.	Upgrades: Rage fracassante (Warrior) | Quest reward: A Pebble in the Shoe (Azuram Mound Cave), Under the Sands of Time (Eksod Kobolds), Sunken Tomb Raider (Krisomal Port) +5 more | Named in 2 chests at 1% | Drops: World crates, FoeUniqueDrops | Which rune a pickup becomes is decided when you take it	Chests - Primevalley Island@39.6,1099.6,58.2;Chests - Krisomal North@1465.4,1317.2,56;Chests - Azuram Mound@874.1,762.5,99.5;A Pebble in the Shoe - Azuram Mound Cave@927.3,618.3,13.6,q:NPC_Ratou;Under the Sands of Time - Eksod Kobolds@1070.1,-825.8,33.8,q:NPC_India_1;Sunken Tomb Raider - Krisomal Port@1523.6,1536.6,5.3,q:NPC_Lora	class:Warrior,skill:Rage fracassante
runes	Mage_Blink_M2	Timewalking	3	1217	You can teleport back within 3 after you use Transfert.	Upgrades: Transfert (Mage) | Quest reward: A Pebble in the Shoe (Azuram Mound Cave), Under the Sands of Time (Eksod Kobolds), Sunken Tomb Raider (Krisomal Port) +5 more | Named in 2 chests at 1% | Drops: World crates, FoeUniqueDrops | Which rune a pickup becomes is decided when you take it	Chests - Primevalley Island@39.6,1099.6,58.2;Chests - Krisomal North@1465.4,1317.2,56;Chests - Azuram Mound@874.1,762.5,99.5;A Pebble in the Shoe - Azuram Mound Cave@927.3,618.3,13.6,q:NPC_Ratou;Under the Sands of Time - Eksod Kobolds@1070.1,-825.8,33.8,q:NPC_India_1;Sunken Tomb Raider - Krisomal Port@1523.6,1536.6,5.3,q:NPC_Lora	class:Mage,skill:Transfert
runes	Rogue_UrgeToKill_M3	Urge to Slaughter	3	1218	Participating in killing an enemy extends the duration of Pulsion meurtrière by ?.	Upgrades: Pulsion meurtrière (Rogue) | Quest reward: A Pebble in the Shoe (Azuram Mound Cave), Under the Sands of Time (Eksod Kobolds), Sunken Tomb Raider (Krisomal Port) +5 more | Named in 2 chests at 1% | Drops: World crates, FoeUniqueDrops | Which rune a pickup becomes is decided when you take it	Chests - Primevalley Island@39.6,1099.6,58.2;Chests - Krisomal North@1465.4,1317.2,56;Chests - Azuram Mound@874.1,762.5,99.5;A Pebble in the Shoe - Azuram Mound Cave@927.3,618.3,13.6,q:NPC_Ratou;Under the Sands of Time - Eksod Kobolds@1070.1,-825.8,33.8,q:NPC_India_1;Sunken Tomb Raider - Krisomal Port@1523.6,1536.6,5.3,q:NPC_Lora	class:Rogue,skill:Pulsion meurtrière
runes	Mage_ChronoReset_M1	Vitality Influx	3	1219	Réinitialisation temporelle fully heals you.	Upgrades: Réinitialisation temporelle (Mage) | Quest reward: A Pebble in the Shoe (Azuram Mound Cave), Under the Sands of Time (Eksod Kobolds), Sunken Tomb Raider (Krisomal Port) +5 more | Named in 2 chests at 1% | Drops: World crates, FoeUniqueDrops | Which rune a pickup becomes is decided when you take it	Chests - Primevalley Island@39.6,1099.6,58.2;Chests - Krisomal North@1465.4,1317.2,56;Chests - Azuram Mound@874.1,762.5,99.5;A Pebble in the Shoe - Azuram Mound Cave@927.3,618.3,13.6,q:NPC_Ratou;Under the Sands of Time - Eksod Kobolds@1070.1,-825.8,33.8,q:NPC_India_1;Sunken Tomb Raider - Krisomal Port@1523.6,1536.6,5.3,q:NPC_Lora	class:Mage,skill:Réinitialisation temporelle
runes	Priest_BlessingOfFervor_M2	Wrapping Words	3	1220	Bénédiction fervente grants a Shield absorbing ? damages.	Upgrades: Bénédiction fervente (Priest) | Quest reward: A Pebble in the Shoe (Azuram Mound Cave), Under the Sands of Time (Eksod Kobolds), Sunken Tomb Raider (Krisomal Port) +5 more | Named in 2 chests at 1% | Drops: World crates, FoeUniqueDrops | Which rune a pickup becomes is decided when you take it	Chests - Primevalley Island@39.6,1099.6,58.2;Chests - Krisomal North@1465.4,1317.2,56;Chests - Azuram Mound@874.1,762.5,99.5;A Pebble in the Shoe - Azuram Mound Cave@927.3,618.3,13.6,q:NPC_Ratou;Under the Sands of Time - Eksod Kobolds@1070.1,-825.8,33.8,q:NPC_India_1;Sunken Tomb Raider - Krisomal Port@1523.6,1536.6,5.3,q:NPC_Lora	class:Priest,skill:Bénédiction fervente
runes	Priest_FaithfulWinds_M2	Zephyr's Favor	3	1221	Vents fidèles heals allies for ?.	Upgrades: Vents fidèles (Priest) | Quest reward: A Pebble in the Shoe (Azuram Mound Cave), Under the Sands of Time (Eksod Kobolds), Sunken Tomb Raider (Krisomal Port) +5 more | Named in 2 chests at 1% | Drops: World crates, FoeUniqueDrops | Which rune a pickup becomes is decided when you take it	Chests - Primevalley Island@39.6,1099.6,58.2;Chests - Krisomal North@1465.4,1317.2,56;Chests - Azuram Mound@874.1,762.5,99.5;A Pebble in the Shoe - Azuram Mound Cave@927.3,618.3,13.6,q:NPC_Ratou;Under the Sands of Time - Eksod Kobolds@1070.1,-825.8,33.8,q:NPC_India_1;Sunken Tomb Raider - Krisomal Port@1523.6,1536.6,5.3,q:NPC_Lora	class:Priest,skill:Vents fidèles
